path,reason,loc,vendor,math_hits,sha256
.make_v43.py,not a useful math/solver mining target,547,False,140,69942ceab643337eb4dff57a3148ece4dd4ffdc8bf1818eaff40bacdacc4a1df
.make_v44.py,not a useful math/solver mining target,586,False,71,3a66ccc169be955889895e864cbfb7abd2e8002940422d12bff120a54ca8ed83
20260620T113500_reproduce_corrected_carried_walk.py,not a useful math/solver mining target,20,False,5,8b148092cc9b49ba35aaa9897f424da3cf74c45d6022a042e263b039323be265
20260711T064604_build_package.py,test/build/verification/plot/control/package utility,358,False,58,0b6f655aaca51654e8f79da635c5fa76e508557d801c39ee37f3837889348c81
20260711T064705_reaudit_v8p_against_clean_qbl.py,not a useful math/solver mining target,215,False,19,f9cd7b1300b489c2e9431a12c8b6f4f9da0048660e636f70bf4a8e033a7a93cd
20260711T074914_build_package.py,test/build/verification/plot/control/package utility,433,False,122,9f63778b53da276ee4898dd540499a44dc9d03e2f8ef2caafc3a1db86f1c6f62
20260711T080825_independent_oracle.py,not a useful math/solver mining target,8,False,2,b922236d8173d78ae0d7d58d256f5ae9a90b8c4be538ccfbb1aa2b261ca1d848
20260711T080825_make_manifest.py,not a useful math/solver mining target,11,False,4,43a8d241bd301c938a56a3b28ea9182a4c563b88a7d77df713472fdf3284722c
20260711T080825_rebuild.py,not a useful math/solver mining target,168,False,32,1355864ea8546893fdefdde8980f82401c43142184506b8f12de909794fba305
20260711T080825_v7u_full_orthad_lens_compiler_binding_HISTORICAL.py,not a useful math/solver mining target,360,False,63,7eb3ebf40ef5ae7f604f9572911539691c08a219fbd5e309c47ed0bbfc80a87f
20260711T080825_verify.py,not a useful math/solver mining target,31,False,7,494d341d126176f5fef650f1177c262fd5744f044c9bcc7a0c533e596c5c4ccc
20260711T083401_build_package.py,test/build/verification/plot/control/package utility,441,False,90,5d6fbe6158949e5464d577899dd3d30293f7ed48552796560a9d7b99df01f4f4
20260711T085540_make_manifest.py,not a useful math/solver mining target,10,False,4,72cfed10b45c98ee461893595998b42335278fdb6d7e89fae07e2d76d53b7fdc
20260711T085540_rebuild.py,not a useful math/solver mining target,9,False,3,03b0a73f0bab00ff1d29ed6a96bc73807a70122e8e1c16f1aaf9bb2fb052d9f2
20260711T085540_verify.py,not a useful math/solver mining target,12,False,3,4413d8a8ad503175d80b2a412152e6208cfbb98ace1d80286dca14f53027f72b
20260711T103100_build_package.py,test/build/verification/plot/control/package utility,468,False,91,edfd4b2661b282442f8808ac7fc385ea4fcf4f7ee9ab2071450ebc6b6c9f3750
20260711T105245_make_manifest.py,not a useful math/solver mining target,11,False,6,c670db1e4eef9e2c955e942ce9899332c8b9e5acc087866b2c270e9f52050013
20260711T105245_rebuild.py,not a useful math/solver mining target,8,False,3,e7bd702971a39bebedc7b9fdac87ba01f28759d5541a7d409d7b34e1939ad017
20260711T105245_run_controls.py,test/build/verification/plot/control/package utility,164,False,11,90adf9e50b3bc30f3fa1db702ede2e80cff758cba658aa807a763e0e910884e4
20260711T105245_verify.py,not a useful math/solver mining target,14,False,3,e0476997f0d5ae61e7fdad018bcb50eca56725778217f20c7f754f43014ae91f
20260711T110131_build_package.py,test/build/verification/plot/control/package utility,225,False,27,dc439bf8d0a0f20a2cddbef389d30cdc70492293a39e429af894636d0227131e
20260711T110131_verify_package.py,test/build/verification/plot/control/package utility,14,False,3,6d13d06fca06d2b4e1670a1f6b254d18013241e17f0a6499d1d23d889c1ba79c
20260711T113107_build_package.py,test/build/verification/plot/control/package utility,453,False,77,281959a7b383e946deaf4233d5e447c1172e9bff6e337ca3f4db55e4714e424b
20260711T113107_verify_package.py,test/build/verification/plot/control/package utility,52,False,7,be1a297027cf42ca4f77a9365b639566f1beea47f22f8299631f30b2d91f4312
20260711T120831_build_package.py,test/build/verification/plot/control/package utility,50,False,17,2a653720cd99a95a1b56481682c80c7667f321a03d7c7f139a1adbdfd885ee52
20260711T121112_make_manifest.py,not a useful math/solver mining target,11,False,6,7b91eeaf7da7e05e2d143ba1c4ca1e7c01740f1c2f5a9f368b1ed5fec8ba4e66
20260711T121112_rebuild.py,not a useful math/solver mining target,9,False,3,debaef5a2abd136ce1450266cd65b08d93a2ac4babecbed236a3ae0e9601f655
20260711T121112_run_controls.py,test/build/verification/plot/control/package utility,35,False,10,10735b2b5af93b027e4935943d184e92f2b0f9b1519f1cd7451479947272c571
20260711T121112_verify.py,not a useful math/solver mining target,38,False,15,f25459eb1846aec3c6fc3334806936bf0bcc80a81ebc12314c01f20b6adabc20
20260711T131911_audit_v8u_realignment.py,not a useful math/solver mining target,58,False,18,d698cd9e7a5b3e49492094bdfbf14a8ba9e9bdfa49c75aac00767a39716e9ee9
20260711T133900_compare_rebuild.py,not a useful math/solver mining target,83,False,9,cbcc98403d1c0f838e0a780d8ddce0e166947ea75b552a2f0bea86f070a34995
20260711T133900_make_manifest.py,not a useful math/solver mining target,32,False,4,20cc523e9a3af2709163a4ec72372530f283902af024bf910bf506eae1f359b0
20260711T133900_rebuild.py,not a useful math/solver mining target,198,False,12,7d385d0a99e569c6190b42489451e947382db962bef7bff40d6f64122ef82484
20260711T133900_run_controls.py,test/build/verification/plot/control/package utility,35,False,3,76c2ae904ad2684ea42459f6442696e3e4635db9f641a38b90a27bd6c8988619
20260711T133900_verify.py,not a useful math/solver mining target,343,False,67,93c7ac66dc29d7a814a78abc5eb08867fedc72fc4aecbaa7bc221045ff787a6a
20260711T134500_build_package.py,test/build/verification/plot/control/package utility,71,False,27,f1e997044b999d68ed21ea08d9748c63dbece4f8deee58e5779ad7447d05f6ea
20260711T141656_make_manifest.py,not a useful math/solver mining target,13,False,4,2d7a4c2685fbf029c24bf98efdf90fb6aec7127ad35e45d4fb321ba9330b62b4
20260711T141656_rebuild.py,not a useful math/solver mining target,14,False,5,1787c14473db4f3d440fdd5dc380923d5ce3908d846a5dd6e49874e1f9198383
20260711T141656_run_controls.py,test/build/verification/plot/control/package utility,55,False,12,a6bf17d0256539d4ddc11351a658ad02c6325e23d945057ec6e75af663606f92
20260711T141656_verify.py,not a useful math/solver mining target,122,False,33,d109c6fb48e608a8404cd66acda2a26b65ca5813fa63170f94441a17bf3d1113
20260711T142511_build_package.py,test/build/verification/plot/control/package utility,67,False,26,f1a3956d438916b692bab214ce05b3bb81252a204287e4f2cdbd20e4817a4c0a
20260711T142511_verify_archive.py,test/build/verification/plot/control/package utility,18,False,6,8cffc20153b3cded0bb2aef245f1e32758216dbddbb2dc36e0a9be28e418d9bf
20260711T145038_generate.py,not a useful math/solver mining target,494,False,39,10fcbd777969b0e52868a4e07ad00964d41c37ae20dede1409d060e072a87b39
20260711T145038_make_manifest.py,not a useful math/solver mining target,41,False,8,f3f4fc06ae1cd1724aad96a3d4c2c07ac58f5aee1dcdc17b3cb340831174687b
20260711T145038_make_notebook.py,test/build/verification/plot/control/package utility,99,False,5,f3bb421d0a4b2122c49a0ef03e741b6d3241fb9b97ee03a48852fd2f68444669
20260711T145038_rebuild.py,not a useful math/solver mining target,58,False,19,8fd5211197da11beee3f8fa3e36d992978682ad53f1a9037973267c79b1b004b
20260711T145038_run_controls.py,test/build/verification/plot/control/package utility,132,False,14,7889964f1cdcbe19b39d2b7e82a982a76288f1c0763259e86f94f17706f5cf18
20260711T145038_verify.py,not a useful math/solver mining target,268,False,67,99167fec6cc73bc895ba5a529d0a0646ce5e77fa7675a483652053ec0816238b
20260711T145605_build_package.py,test/build/verification/plot/control/package utility,96,False,29,c78a74df109e0da8cf031005de8b5e288f005497507dc3989da86f000013fd6e
20260711T145605_verify_archive.py,test/build/verification/plot/control/package utility,20,False,3,3134032613f6e30cfdecbdf0a7a346c164ddbe4b46a582ca88b4d33f3169aedf
20260711T162253_build_package.py,test/build/verification/plot/control/package utility,533,False,70,0b2dea25ea4647a50e3e308432aa0bae1d5776cedff9cc465dcb82537314de7e
20260711T162253_verify_package.py,test/build/verification/plot/control/package utility,26,False,4,b264169761efb4155d077e101d9d332fbbaead8e703af4641dd71a5f2bc43a53
20260711T162758_generate.py,not a useful math/solver mining target,31,False,15,3ca4fdcc6ca19703272716f393377332de5de9b29981f6e55400e7a36c147ad8
20260711T162758_make_manifest.py,not a useful math/solver mining target,8,False,4,7c64313a09ca9d9575f88b3210e1f5eeb1e54136c83460640bcf085e61a2e891
20260711T162758_make_notebook.py,test/build/verification/plot/control/package utility,6,False,0,6ab8c6e10e1b38cfa1e9505f6faf350bd6b695f009178c9ee46b1d7f3dacfa51
20260711T162758_rebuild.py,not a useful math/solver mining target,11,False,4,5d8056706c97a7a102ca14b7aa845b63d6d786c35deba1bb37a179b698c03fee
20260711T162758_run_controls.py,test/build/verification/plot/control/package utility,102,False,18,4b30d3f3f2af1403639658e10cc7461980b1b483972c0841c12cd3444fbac13b
20260711T162758_v7n_finite_orthad_qgt_jm_split.py,not a useful math/solver mining target,658,False,279,3504ef8c8b295d8aacaf9dd2a229b9526ef50c00ee468a2e578347c2dca4f7a4
20260711T162758_verify.py,not a useful math/solver mining target,116,False,25,0f0c7597a1d09c760bd051f3494493fd53a87ed1d1885173dfca8c7838f2e563
20260711T174605_build_package.py,test/build/verification/plot/control/package utility,413,False,40,c47265d5aecf5dbf340e30fdf605e72f25032e2c0b81a5c647e41460ef4f79b5
20260711T174605_verify_package.py,test/build/verification/plot/control/package utility,50,False,6,a4d76b1adac5168124cb2fd500aa84c7d08f614032fd7982a16d07fe5a90976d
20260711T194326_build_package.py,test/build/verification/plot/control/package utility,79,False,29,019653e9d3cb6fdb08b7c5abe85be0a6348efbc9cc49f5151bc2204045760e1d
20260711T194326_verify_archive.py,test/build/verification/plot/control/package utility,27,False,7,114665c1fdb08074b0a6f352a9f177c1e27f41eb37d29caef485af52fb08a069
20260711T214822_build_package.py,test/build/verification/plot/control/package utility,67,False,24,1023000ffea5e203f25992bf848d266cbfb3885e72992f9929c38cbc703d0918
20260711T214822_verify_package.py,test/build/verification/plot/control/package utility,28,False,7,220d7eaf3addb39b1cc206796c9b016147d01eeaec533c468e97342ed26b7622
20260711T224358_build_package.py,test/build/verification/plot/control/package utility,61,False,25,c1ee7b1d2a4cd730b3d99d61729eb8fbe4f7db3e6bbe5021f2f0ec3594df3d37
20260711T224358_verify_package.py,test/build/verification/plot/control/package utility,25,False,8,3ddf84bbc5f8bc207ff46d2a788f4d1859c5f4f9228e91c73a53b481e764ee5c
20260711_072509_rebuild.py,not a useful math/solver mining target,317,False,38,f8cc17d82439cb2113c662c68dea5b82189f94c6c8633e412b5e0ede8ff1c3ff
20260711_072509_verify.py,not a useful math/solver mining target,17,False,3,d311269bab54f6f6e056e8141d53d78cdc4a9436638a8c8334d6854bdef3ed91
20260712T231004_build_package.py,test/build/verification/plot/control/package utility,53,False,14,e51ce972d211a0c8b39542fc7cea8fac6966d90926596e1753ec7e4a323f8541
20260712T231004_derive_first_b_tick.py,not a useful math/solver mining target,16,False,2,4ba538ccd80adfc4b24f6c0f7f93477e53779d7160f733846e24a0d680cfa323
20260712T231004_search_archives.py,not a useful math/solver mining target,15,False,2,b33c93fbf9d26db238739bdf45177cee4fd876f57a856a90b4bcda166d9513b1
20260712T231004_verify_package.py,test/build/verification/plot/control/package utility,13,False,3,9ce7d197a8fa4f5f51360963caac44e697944f2e339fe3f60c16ba5a0b43589c
20260713T000347_build_package.py,test/build/verification/plot/control/package utility,54,False,15,8417f7a0bac1804352808087374eb283fcd5f6816bb3fdf954f71397540c0dca
20260713T000347_derive_first_b_tick.py,not a useful math/solver mining target,16,False,2,4ba538ccd80adfc4b24f6c0f7f93477e53779d7160f733846e24a0d680cfa323
20260713T000347_search_archives.py,not a useful math/solver mining target,15,False,2,b33c93fbf9d26db238739bdf45177cee4fd876f57a856a90b4bcda166d9513b1
20260713T000347_verify_evidence_classes.py,not a useful math/solver mining target,41,False,13,cd7ce21998c71200bfd2cad873b1a45f338481b3717ba7a7fc18545a8a87acaf
20260713T000347_verify_package.py,test/build/verification/plot/control/package utility,18,False,4,43745789340fb9b48cf9c43dc8aa7f9957b597e8674c1b185f188fbcfb75f4dd
20260713T001921_build_package.py,test/build/verification/plot/control/package utility,56,False,16,47ecc997ca270dd77a74ecc232a901dc05b22a11d31f37d1633c9a438aaad26b
20260713T001921_derive_first_b_tick.py,not a useful math/solver mining target,16,False,2,4ba538ccd80adfc4b24f6c0f7f93477e53779d7160f733846e24a0d680cfa323
20260713T001921_search_archives.py,not a useful math/solver mining target,15,False,2,b33c93fbf9d26db238739bdf45177cee4fd876f57a856a90b4bcda166d9513b1
20260713T001921_verify_evidence_classes.py,not a useful math/solver mining target,117,False,30,7b7b2bb24a297150a8a38986c3dc25b4841a6b1ed895fc63738a8ad9e06d84f8
20260713T001921_verify_package.py,test/build/verification/plot/control/package utility,18,False,4,43745789340fb9b48cf9c43dc8aa7f9957b597e8674c1b185f188fbcfb75f4dd
20260714T125603Z_validate_review.py,not a useful math/solver mining target,89,False,1,b8e56a5183e6f84404a35b30dce59a5262c2f0e44bfd84af92bc29142158ab6d
20260714T125731Z_final_validate_review.py,not a useful math/solver mining target,96,False,0,d4283061ceccbea0f520a52eed9b061e376513f6453ed17c71db125b262df3d5
Audit.c,not a useful math/solver mining target,50,False,0,381777a2c7dbff4583c3bd90906d1ce93000048f9398dc1d01bab7261ac7283e
AvifImagePlugin.py,third-party/vendor source; depend on library instead of mining copy,296,True,0,2ab961497bdd1519461deccb6581daf6bdc282f6dfba77d3ba72c630b5d8946d
AxiomReport.c,not a useful math/solver mining target,50,False,0,60f207f38422c94bb2624c8fd702e2323234d0027a8d5c26d05ca58a6c461512
AxisSwapCountermodel.c,not a useful math/solver mining target,449,False,0,502906c0ecf0f9f32e97495b53653a8ea0b99163a5eed7517c56c44b428c6f37
B_A_S_E_.py,third-party/vendor source; depend on library instead of mining copy,15,True,0,1fbd40f6927ce749af8dbad61eacbc8852360f183bd74d9846d0247dd0a8a228
BdfFontFile.py,third-party/vendor source; depend on library instead of mining copy,125,True,0,0aa08fa855fc2774eac3ae73f72771132721aa6234a9ffd183290f71100e9c4e
BitmapGlyphMetrics.py,third-party/vendor source; depend on library instead of mining copy,65,True,7,f607063d5cecc446275413bb60b59f78eba1b7d3da0a5d3d1a66c0a8362a2a2d
Blocks.py,third-party/vendor source; depend on library instead of mining copy,818,True,6,7eb4a1374ed6a83d6e2edf95d133655193e79f4f9c29cd0dba1b5ddae343a12c
BlpImagePlugin.py,third-party/vendor source; depend on library instead of mining copy,499,True,0,615058c368c247d06baa095fe99756f39913153eebe2307f2262699cd09f7967
BmpImagePlugin.py,third-party/vendor source; depend on library instead of mining copy,515,True,0,e0067eb268d1257de5a1d746652938a39107a06eb5e3fe415d31ee07b7a83b0f
BufrStubImagePlugin.py,third-party/vendor source; depend on library instead of mining copy,73,True,0,4032cc32835fb8d0ac6539f755353ca360358371560e31ba36ccb53741bed9e5
CFF2ToCFF.py,third-party/vendor source; depend on library instead of mining copy,259,True,5,ee1d1f2b9de38b8265038980c6555be787904cce0dd9edcb01de30c16dd32f21
CFFToCFF2.py,third-party/vendor source; depend on library instead of mining copy,306,True,0,42793b95896c4d11e795943a35735daff7f8309c19436d64712d3c2856ecc98f
C_B_D_T_.py,third-party/vendor source; depend on library instead of mining copy,114,True,6,e4b35d73c14c8abd640b97efa79887c167deb84f91baa771000ac55daa8f8d0d
C_B_L_C_.py,third-party/vendor source; depend on library instead of mining copy,20,True,0,617970a2fa021d8c7c4c72d00fd88153f546a1a07d2c539b10ab4be9d743df6d
C_F_F_.py,third-party/vendor source; depend on library instead of mining copy,62,True,0,ca0de652d601b9d826a46ec1cf8ef98ff0cd9c27a5b20ad3b0cf031f5b91e1e9
C_F_F__2.py,third-party/vendor source; depend on library instead of mining copy,27,True,0,6281df250745f9ecf1e0ec114366363bbad12443e33a47f71f1e58d755ead003
C_O_L_R_.py,third-party/vendor source; depend on library instead of mining copy,166,True,0,487c0554d566a14411d9ef3b2ae4d27be27d2df79e812e1fda112979edbdff6a
C_P_A_L_.py,third-party/vendor source; depend on library instead of mining copy,306,True,0,a1d163a8ce069e35f24181840be7b41afaa6b358d0e731c71b748383bcbe048d
Certificate.c,not a useful math/solver mining target,70,False,1,e6e96e638d4ef826254ff3f84bcf6c0e65a8ccdb13c0845b7b9820307be4fd11
ComplexWitness.c,not a useful math/solver mining target,1127,False,0,5a161e4c8d49dfbb3223f9da8343cc683cd1556fe9959c7f87334e266c8b7e27
ContainerIO.py,third-party/vendor source; depend on library instead of mining copy,174,True,0,c2406a2f618301be5f877c2bb5f4c651faa2a098a90a5fa58361b16e342b4d9c
CurImagePlugin.py,third-party/vendor source; depend on library instead of mining copy,104,True,0,6412c04ec22516b5f9aefe8395e135a12b5e394b338ccf5bd5b39c24fe54e3fa
D_S_I_G_.py,third-party/vendor source; depend on library instead of mining copy,171,True,0,6a107028c8097fd84f9b7113b85d48bc6e1dd7f525496d147733bce4389b39c9
D__e_b_g.py,third-party/vendor source; depend on library instead of mining copy,36,True,0,2839df90d3949e6dc5d77c03fe3dd83413af61a759e3419fff4d7bd21164269d
DcxImagePlugin.py,third-party/vendor source; depend on library instead of mining copy,85,True,0,3a50afeb20c8d0b2d935bb9423bb3af452350ee02b3f21b1a37602cd0d67f078
DdsImagePlugin.py,third-party/vendor source; depend on library instead of mining copy,633,True,0,85cf455296d054ac95c971d03cd3a8ea245cba2d1138b495d3533c2333f09050
DefaultTable.py,third-party/vendor source; depend on library instead of mining copy,64,True,0,9a88f4774888c9942dffb1152b4db8b4fec98c948ff472306a643e062836e760
Duration.py,third-party/vendor source; depend on library instead of mining copy,139,True,0,f45301bbdba3ea8ac25ad7f6ddc7faffd1c21540b9d31007ac2cdac404f041f3
E_B_D_T_.py,third-party/vendor source; depend on library instead of mining copy,836,True,94,b8ea66b76e6038941e3b5bb52060323d68159a1fb8bd266aad0107bce6306f08
E_B_L_C_.py,third-party/vendor source; depend on library instead of mining copy,719,True,35,2df115cc183fc96afd7610a1cd2d14d86fbbc0d3b0cf00742d6a1721460d28a3
EffectiveInvariant.c,not a useful math/solver mining target,40,False,0,886591cd2eb32a4a067cd3cb8f5fb4beb0b970dbe75cd6a8a578173163bfecb1
EncodingCountermodel.c,not a useful math/solver mining target,38,False,0,f5a6c7a8596fe01f861635c83a6bbc4d3f6146199e2c913e447a53dd58bb8aa7
Epoch.py,third-party/vendor source; depend on library instead of mining copy,212,True,2,f851b17aaf95bc24bd1953f03841398a777f1b84e5f73b43fa061c5bd096ce3a
EpochConverter.py,third-party/vendor source; depend on library instead of mining copy,95,True,0,7e15a3c8fe7aedbcdc4d4fe836e249a6e728a25a92f3c36dfb2105835fb7c849
EpsImagePlugin.py,third-party/vendor source; depend on library instead of mining copy,485,True,1,94cb1da75871ec97ac6cb07bff57e5809929810ec9d5140fbed555e815adbc81
ExifTags.py,third-party/vendor source; depend on library instead of mining copy,385,True,1,61c257add6fffd463aa788e37f998b3920c57fe931db10faf9bd921eef36bdf3
F_F_T_M_.py,third-party/vendor source; depend on library instead of mining copy,53,True,8,ff8e74bdd6c41fb63ed3facec1bdd0d2183e42ad96f02fec1e58f2eeb66daaa3
F__e_a_t.py,third-party/vendor source; depend on library instead of mining copy,160,True,1,2c09384423bae84ac714aa5c9becfb60a0f7dffef0df26753459b217a1911943
FirstAxis.c,not a useful math/solver mining target,218,False,0,bb8c959030d61b9101f6b5a9652d355d5da900ab166bfb7135e00a94bc91072d
FitsImagePlugin.py,third-party/vendor source; depend on library instead of mining copy,154,True,1,f9fac59844400abddc273bff8fb7eeba3f5c1fb27bcba27beab662377fa6a820
FliImagePlugin.py,third-party/vendor source; depend on library instead of mining copy,185,True,0,e33c47f085c15fd0c68ba74944ce98e4d31d6c0d5df7dc7af7a99c1991f11f32
FontFile.py,third-party/vendor source; depend on library instead of mining copy,161,True,5,eb86240aaac643c1c79b47d4b5028f21bd124ddffce80f4635df4403db000036
Foundation.c,not a useful math/solver mining target,442,False,0,cf027b745cd03ceba2870b05dde897eb3f2d6f0489ddf25b2fa70a0629ce7f7f
FpxImagePlugin.py,third-party/vendor source; depend on library instead of mining copy,263,True,5,f7175b4dac1e2d40e9a29b8a64309e1c10c6b196e36e82f36778fe93eb37e125
FtexImagePlugin.py,third-party/vendor source; depend on library instead of mining copy,116,True,0,652d16a811ed22d3688b45b9d80e1110e1ab0c87e1e347421832ebb9a5cb4451
G_D_E_F_.py,third-party/vendor source; depend on library instead of mining copy,14,True,0,4178882c50919cf359730a6e6faa233794bd58feb2e7a2ec5e2db9a5458b829e
G_P_O_S_.py,third-party/vendor source; depend on library instead of mining copy,15,True,0,5243f79a59f2bd083e8e3e9904e87a8fe3a279583f828250df59e52efa0b1922
G_S_U_B_.py,third-party/vendor source; depend on library instead of mining copy,14,True,0,73014c28efa9830b27d47f10f496f9f19e99ac1ac2a0dd2ca8907462e9c17d29
G_V_A_R_.py,third-party/vendor source; depend on library instead of mining copy,6,True,0,d77a0ed9d0fe2f8c9f92b06e47e28ddab738d3087994b225c7f921c0ccf9187e
G__l_a_t.py,third-party/vendor source; depend on library instead of mining copy,236,True,0,5e1dc8cc581896f363ac03a7ec96bbdc3ad6ad04c9809c660c5494292eb21dd3
G__l_o_c.py,third-party/vendor source; depend on library instead of mining copy,86,True,0,e43b311b3686ec7c8956f2e529079f7f5957b7e5cf59a1cd35a7fe118c2c2a1e
GbrImagePlugin.py,third-party/vendor source; depend on library instead of mining copy,104,True,0,0d8caf85e905075b0e40b1163f061b7f40847c676075ac75722fb70ee49e2204
GdImageFile.py,third-party/vendor source; depend on library instead of mining copy,105,True,0,f0eadd77d114e0e6d9bbb3cd5d33da33c967ea3a4bc7c41d12f087fcb5e926c0
GifImagePlugin.py,third-party/vendor source; depend on library instead of mining copy,1224,True,2,fe956c85ac3a65ba9f01daec1acc3fc58b485dabcf25c90fe9b686039acae361
GimpGradientFile.py,third-party/vendor source; depend on library instead of mining copy,155,True,13,cd675b313f95b2c5f1d138340ce9b2b13a14818f9fc825c9bd89854a927578d8
GimpPaletteFile.py,third-party/vendor source; depend on library instead of mining copy,76,True,0,8481d0f4b279ae2d21cb57bfbd961e0fe9faed459d8440e529ce2f0f181a51d8
GribStubImagePlugin.py,third-party/vendor source; depend on library instead of mining copy,73,True,0,f3233855eb8dcd86c09e87f1729df2ae8643ded95ef0af1d716f8fb981eacfba
H_V_A_R_.py,third-party/vendor source; depend on library instead of mining copy,14,True,2,ea43cb0d4193f04bacb00df2f602abfe6ae06393cdbfb61a2b557491e3170fdc
Hdf5StubImagePlugin.py,third-party/vendor source; depend on library instead of mining copy,73,True,0,113338c9e49ccbe7908bc522acfe872352ef34e7b4b565bb364f67ca7dd4230a
I_F_T_.py,third-party/vendor source; depend on library instead of mining copy,13,True,0,77ade75ce7cb17b5aa1ab363f7d3dc2e4bcb222090dc975997949ff5aec84c69
I_F_T_X_.py,third-party/vendor source; depend on library instead of mining copy,13,True,0,e40eca7ca06bffb160b64415e8d4f6612d5e1a5ad6ace9e362b2e71be04614d6
IcnsImagePlugin.py,third-party/vendor source; depend on library instead of mining copy,402,True,0,42ed4565d672c7eb1b5a8803e623661fb870b92dc1911717b2a20316c1ab8620
IcoImagePlugin.py,third-party/vendor source; depend on library instead of mining copy,397,True,0,506cc80e5434d9907e54912ca3223b616993c76e99881d841c9675aaf076f094
ImImagePlugin.py,third-party/vendor source; depend on library instead of mining copy,391,True,0,f2c04e032ef196a3fbdb6b175a19c99f85680614c1cdb6504ed7d6fd7b1679f5
Image.py,third-party/vendor source; depend on library instead of mining copy,4386,True,127,04af3f2db7ffdd61e829fa7aa8f5481d394a0a4129a8fd8aa5b13908928fcd6d
ImageChops.py,third-party/vendor source; depend on library instead of mining copy,312,True,0,1848e5ca67280ed03938e788c505485fde810feb3a01785bed39922d89f6b548
ImageCms.py,third-party/vendor source; depend on library instead of mining copy,1079,True,63,dc00c0fe9e2c479ab41f2d3d1adf65e579e67d9786a84328c224b5c6cd6ce883
ImageColor.py,third-party/vendor source; depend on library instead of mining copy,321,True,0,20603d0b6ba67840ff1334b60af8fa2ac53456eb42f51b2d58860f7bcb83b159
ImageDraw.py,third-party/vendor source; depend on library instead of mining copy,1003,True,18,e83a5fc1f270e69f243e6cbcdd5cc548e997199aab276fa19a67ded591bb3c9a
ImageDraw2.py,third-party/vendor source; depend on library instead of mining copy,245,True,13,7b04d8392e62dba3c1069aaecca187b12cda34752e22ff5eda4614a1bb8383cb
ImageEnhance.py,third-party/vendor source; depend on library instead of mining copy,114,True,0,e04961cff972cb12e6c741a4487af038098d2764e4a9540f1de8f31a285950c2
ImageFile.py,third-party/vendor source; depend on library instead of mining copy,939,True,0,983c4f35e0c51046d4c636998ec77000cd2da208870a03b205e104cd0b2df629
ImageFilter.py,third-party/vendor source; depend on library instead of mining copy,618,True,21,1b85df7ac6aadc3d9daeeb3c8dc2c6f1682fc0eeb5927f6ca16da113b8277bf8
ImageFont.py,third-party/vendor source; depend on library instead of mining copy,1331,True,7,24fa5feeb91b4bf63eaad0ebba08a8161e9c889d9fd056a37c928134097b9649
ImageGrab.py,third-party/vendor source; depend on library instead of mining copy,235,True,0,124cd6534e7fe23f8344277ded5cd71c9a870844e4ac6f701f34dc41013992da
ImageMath.py,third-party/vendor source; depend on library instead of mining copy,315,True,0,a820d28d35a6f94c7157b9b07204895288a8716f8bb156ad1244090b0415eab2
ImageMode.py,third-party/vendor source; depend on library instead of mining copy,86,True,0,69a6551c088211a9ce0362b58cddc3956dcd3ca6bc0e6e672174d712bcf2166b
ImageMorph.py,third-party/vendor source; depend on library instead of mining copy,318,True,0,a2d7f97fd03e638028b1f9751386161156ad8030489c6a7ac560497c0274351b
ImageOps.py,third-party/vendor source; depend on library instead of mining copy,750,True,3,938f56b053a035ed06278d90d7cfb275807ab8ccf5e27db52c23595ccda97fff
ImagePalette.py,third-party/vendor source; depend on library instead of mining copy,291,True,1,667e20ff1710d4a0e57f494a72f3cd72320f7ae7d0c7e92d3b91dc777c8a771f
ImagePath.py,third-party/vendor source; depend on library instead of mining copy,21,True,0,e72506e570948a5d4a2934c0ffc3e01a172683e9a7b9ef862b41704c19618f0e
ImageQt.py,third-party/vendor source; depend on library instead of mining copy,220,True,5,3d3b794cfca78162fe56ebf1fdbc271f5ec43817b7b44ee5e21b959af1903f96
ImageSequence.py,third-party/vendor source; depend on library instead of mining copy,89,True,0,32986092befdb1c9980609a2f5982e8437d5c07be92d25f9b995470d996b9f42
ImageShow.py,third-party/vendor source; depend on library instead of mining copy,368,True,0,ba0a31498cc64937dafc015e578cc35ca4fcf42fbecca75af356a04221c54f90
ImageStat.py,third-party/vendor source; depend on library instead of mining copy,168,True,3,1554e26161827223d6d500fad5bec361995c0ea474752ea1b0b8eafa070a706e
ImageText.py,third-party/vendor source; depend on library instead of mining copy,510,True,2,9f77bda821b1a7093f4774eca60288f970db5aa56e4b74da0b071dee7c1346f3
ImageTk.py,third-party/vendor source; depend on library instead of mining copy,267,True,0,6f94a7b5c9065ecd040ac2363267498370925fa02d10bb168743a1c6ee35bbf9
ImageTransform.py,third-party/vendor source; depend on library instead of mining copy,137,True,37,faa7a4ecfde5ccb75d717b7d716b79c3f2f5d491a9db2637009b4e7e62409037
ImageWin.py,third-party/vendor source; depend on library instead of mining copy,248,True,0,7277958eec1fd6ad9c1b43ac3757a8ecf57f17f51c03de2031ca23c201e2e372
ImtImagePlugin.py,third-party/vendor source; depend on library instead of mining copy,104,True,0,48be48aec1dc6e596dc6d5f8bff1d516162747a85a27400e77634785928c2266
Inheritance.c,not a useful math/solver mining target,123,False,0,c3eccc7c0e66f1e5a191c0863578a4a05cbcd54e469669f70e6fa749d7dac8ab
IptcImagePlugin.py,third-party/vendor source; depend on library instead of mining copy,227,True,0,e26086c6d5aa7a68de3ff6766eb7704f46095fe8e68c0fce670c14a77a50daaa
J_S_T_F_.py,third-party/vendor source; depend on library instead of mining copy,14,True,0,43d4c47f73aec832316659a8cfd6b773e98332524ae98050f4a7189a2c0545b5
Jpeg2KImagePlugin.py,third-party/vendor source; depend on library instead of mining copy,467,True,0,c9ddaff5bd5fa20c03903694df5650479b15f41861b81e79f177daa2bb346558
JpegImagePlugin.py,third-party/vendor source; depend on library instead of mining copy,890,True,1,27ebe8f59a7a12e40277f8f84ce4637c300145e181fb5bd05ad894b89c391bb1
JpegPresets.py,third-party/vendor source; depend on library instead of mining copy,243,True,1,967a961e8e032c81c8ba571d1e9d0d27b0967b11edf13df0e759082a52df9080
L_T_S_H_.py,third-party/vendor source; depend on library instead of mining copy,59,True,1,22eeacc8916e8498f4ffb01a9f634f943b900c8abe0332f0b0e41b5d54e794bd
M_A_T_H_.py,third-party/vendor source; depend on library instead of mining copy,14,True,0,f9356ef4d95cb3ed6c8641256c893e096b54c1750c7727071648ef3c4f02fdfb
M_V_A_R_.py,third-party/vendor source; depend on library instead of mining copy,14,True,2,ebb704ba24f0e72e56d5993df0bfd2fd298920d21fcbf9b35829321dcba3cfde
MacRoman.py,third-party/vendor source; depend on library instead of mining copy,259,True,1,e2f128a140e6da02c21bc288203851c66e7e03ae30ed7ae13fd7230d1af6128d
McIdasImagePlugin.py,third-party/vendor source; depend on library instead of mining copy,79,True,0,6da388903f822087828011537fc928b3ddbc3ca06e094a9861adfcbb75844bff
MicImagePlugin.py,third-party/vendor source; depend on library instead of mining copy,104,True,0,8fdd548b3bcbfb381766039cabfe285816d25fa2cfab527d90d1e47484ccd50c
Mirrored.py,third-party/vendor source; depend on library instead of mining copy,447,True,0,91d870096396680ae67cd9036a1d1386ffbaeccf705b3e3947920c3e1ab2cc53
MpegImagePlugin.py,third-party/vendor source; depend on library instead of mining copy,85,True,0,83b05977dde45a9162e35486ff0285a22d3210fb22a08e248f8e5bd85fb756bc
MpoImagePlugin.py,third-party/vendor source; depend on library instead of mining copy,204,True,1,094f1478f9f46ec9b4abb10f5cd1772c7288e487b707912eaaebc964e46e4c10
MspImagePlugin.py,third-party/vendor source; depend on library instead of mining copy,201,True,0,090ea4bef4ace419526875867ff9ce404b2c654b0dffb5366bf426cce921467e
NonDischarge.c,not a useful math/solver mining target,529,False,0,72fc46a9f5474a969ed144855d71e86183f19179aa88e8fb7ec0f328a145d2c9
NonInertness.c,not a useful math/solver mining target,41,False,0,8130ca6f6465b62897d4281c0c14d95245e76a03c71624b8b469adcc0be0ce18
OTTags.py,third-party/vendor source; depend on library instead of mining copy,51,True,0,c0e3e96ccb0d729fe076f3c57884ed8153274cdf13252340b1511dbbf9ee3d71
O_S_2f_2.py,third-party/vendor source; depend on library instead of mining copy,753,True,7,0f080e2cda9c03420858b4bcfc6e4f832e35687f8708490e5e53f5a86bb68e59
PSDraw.py,third-party/vendor source; depend on library instead of mining copy,239,True,1,401ecc18cba66fe3ea8d9138cec81adaabd387bb3112d848cfc9db7dfc2379c6
PaletteFile.py,third-party/vendor source; depend on library instead of mining copy,55,True,0,b2e0dd00be953258d7c38a049f5be14ede03438bdba481c6777038a313a013ab
PalmImagePlugin.py,third-party/vendor source; depend on library instead of mining copy,218,True,0,9ae33cd1925dd310aaf84b2957103b83035f58742069e69cecb2e5bdde914239
PcdImagePlugin.py,third-party/vendor source; depend on library instead of mining copy,69,True,0,fa09cc52a407d11f9a963b1dde7652f5e048d63ef98a3583fc765f69d13746c4
PcfFontFile.py,third-party/vendor source; depend on library instead of mining copy,257,True,12,f8b619c765457ea5e3f2faf780718010081f9033f95a3e4abfb9242aac54968d
PcxImagePlugin.py,third-party/vendor source; depend on library instead of mining copy,233,True,0,fa96552bb1f1d24490b671a2cba50e177aa2e507a331841b70c5a579bb11d71e
PdfImagePlugin.py,third-party/vendor source; depend on library instead of mining copy,316,True,1,a35d4ee2ac5b9b90389bd92da67dc7add13b95ed9d145df2e81b4c7fc74721a6
PdfParser.py,third-party/vendor source; depend on library instead of mining copy,1093,True,31,7f5dee39ca48e76d2d801bde078fc18b05578fe501c261f9a3277a2de25eb6b9
PixarImagePlugin.py,third-party/vendor source; depend on library instead of mining copy,73,True,0,97fe06c017749804e72176096f09a6383536bcfef07b02eee8146f887081d842
PngImagePlugin.py,third-party/vendor source; depend on library instead of mining copy,1579,True,3,5911ebb3c8e58edf4fccace85ade20c3a062cc41dc55340bfb7b40f0bf1861c5
PpmImagePlugin.py,third-party/vendor source; depend on library instead of mining copy,376,True,1,564cfa67fba33d48550fdba3715c155a20314f568a2b0dba488f60a6317d6d58
PrimitiveAlternatives.c,not a useful math/solver mining target,38,False,1,f02f08b1786cf3898edc64102dccaff7b8237e5b3652193ebc40fb86a0f5dea8
PsdImagePlugin.py,third-party/vendor source; depend on library instead of mining copy,340,True,0,255df65089c00df5c8e70001790ca279200a8f723b420f3e2d66c8336a3fd594
QoiImagePlugin.py,third-party/vendor source; depend on library instead of mining copy,236,True,0,104ea5388aaaaf2ba9b8fd3cd68a8e5624c27ea0f7a9103be7cef99c63fbad95
RelationGrid.c,not a useful math/solver mining target,127,False,0,12b48ebfa5e3225311f45933dc3a102cc5845bcccbdb056819ce86fc67cbd4ca
Root.c,not a useful math/solver mining target,38,False,1,a7e57205a7e20302bc5134cef672a048be6275e9c7940dfb9c1f9bda023d99b7
S_T_A_T_.py,third-party/vendor source; depend on library instead of mining copy,16,True,0,cbd362582b67959b4c8f0e0af7f49d03ce176be74993b1b979bd9d49ee9c8967
S_V_G_.py,third-party/vendor source; depend on library instead of mining copy,224,True,0,bd3e904d6e40aedb24554c673c41ff6712b3e03178bf5a4a6f294de831b4477a
S__i_l_f.py,third-party/vendor source; depend on library instead of mining copy,1041,True,2,94f415d917617094607c3cc7a7f764812c555147647009d8d41cfb575f06b7d5
S__i_l_l.py,third-party/vendor source; depend on library instead of mining copy,93,True,0,563b67ed223cdef68b188b907f67be8e165214e5dbf6f5c1e23c2ace78ea9cc7
ScriptExtensions.py,third-party/vendor source; depend on library instead of mining copy,833,True,0,b9d2f9dd675de67f991445477880b42e928a06a3c70f65aa46205bcd7b3653b5
Scripts.py,third-party/vendor source; depend on library instead of mining copy,3640,True,0,c010fa48495f337c3ebba25c83236cca87d73efa96d5ee1896d81e1c4e1768e7
SecondAxis.c,not a useful math/solver mining target,124,False,0,421309bd34e04005718245534dd951952762e7c128e5c84d18b050a3ad49417d
SgiImagePlugin.py,third-party/vendor source; depend on library instead of mining copy,232,True,0,24262e40fb7d61db86fbebf16939a5befcc775cc2a11bdbf9bdaeecfe18872db
SpiderImagePlugin.py,third-party/vendor source; depend on library instead of mining copy,333,True,0,c9ba6e8872e8fbd07520bdd1ea6bcc4f0c1b15d9564892317811a537c5ca6f4a
StandardEncoding.py,third-party/vendor source; depend on library instead of mining copy,259,True,1,128dc0184f0513fa7e215618b95d3decaa2e4ac17752b5e84513745f2bd86ebb
StrConverter.py,third-party/vendor source; depend on library instead of mining copy,98,True,2,728746c3d6ff65cf8c1bf60ae028b232b9cc47c6a147d870f37e8ed92b15f102
SunImagePlugin.py,third-party/vendor source; depend on library instead of mining copy,146,True,0,1ddc64864d29c69046c5884f25f0832f0b1870ed4a8f18eda6534c15889b22f9
T_S_I_B_.py,third-party/vendor source; depend on library instead of mining copy,14,True,0,dd6844b723678d8ba6728c03d06a63b9bae09d2f91ce8b99c42c447b8c8b0e8f
T_S_I_C_.py,third-party/vendor source; depend on library instead of mining copy,15,True,0,84057d1eafc02ec59a76e703a70d6d0d1444bc52fb871ee89e7505d2c5d37a55
T_S_I_D_.py,third-party/vendor source; depend on library instead of mining copy,14,True,0,4ec757f86db1c5540ef6c484d7013fc43471fa0a2be588974c7794b6133008f6
T_S_I_J_.py,third-party/vendor source; depend on library instead of mining copy,14,True,0,c7c4e5be2e9a4f1a10708d7650bee6ba8585d50eb58810ec7804b599174e62b8
T_S_I_P_.py,third-party/vendor source; depend on library instead of mining copy,14,True,0,fa2976b9c4c13a0855058edc9a578774b65cdd6dc22a1efe88f3d3d00dca0739
T_S_I_S_.py,third-party/vendor source; depend on library instead of mining copy,14,True,0,b5506797adefc99508abdde833a7448c7097bcf9fdbede6fbcbde31b9f5bd0b8
T_S_I_V_.py,third-party/vendor source; depend on library instead of mining copy,27,True,0,8945b1cf6312aedc3b9b3b90663df440026b08f9f22781a29dc15fc921543408
T_S_I__0.py,third-party/vendor source; depend on library instead of mining copy,71,True,0,3beda823478182de263f5e7e5301f4ff4afb6168b71041211bee1eb6a0ee7862
T_S_I__1.py,third-party/vendor source; depend on library instead of mining copy,164,True,0,9d25219e2f9fbd899e2975b8ccb7cfdc51bfdcb414d9028f292d7f80a6399588
T_S_I__2.py,third-party/vendor source; depend on library instead of mining copy,18,True,0,ab6aee6fe77bee259688133a6b03b4f930a5f97abb91a94fa1b1d80b640439f7
T_S_I__3.py,third-party/vendor source; depend on library instead of mining copy,23,True,0,d0b72fbc2cd5649cf2cfb8b8ce322452e61712a5f0382b3d59e0ac80316a289f
T_S_I__5.py,third-party/vendor source; depend on library instead of mining copy,61,True,0,861bc99fa8e25ecf24b81b6e9fc92b3544d74e58c7f9e2b16b15ccd53fbb4973
T_T_F_A_.py,third-party/vendor source; depend on library instead of mining copy,15,True,0,2ee4f4c3ffc032d6b09ec04ca1b844316f60a76ca4d26039651cf0178e5cd142
TarIO.py,third-party/vendor source; depend on library instead of mining copy,62,True,0,06a6140a10816fd17b4a1fae67cea2cf50eda32d83d286cdc069bae73d6b75cd
TgaImagePlugin.py,third-party/vendor source; depend on library instead of mining copy,285,True,0,18c08cff8b345a8c893aa9daab5f311473a868dc2721dee794a142366f033f21
TiffImagePlugin.py,third-party/vendor source; depend on library instead of mining copy,2355,True,20,440b2a3a80b280d18cda3fc70d9fd206e2fa44e9897c9550f70b51395047b273
TiffTags.py,third-party/vendor source; depend on library instead of mining copy,567,True,4,766dea350424b9a2caab3513be794689403c2b7222cd038006f69cff08edb45d
TupleVariation.py,third-party/vendor source; depend on library instead of mining copy,887,True,0,d42a2ddc4a23f8efc97c43d429ddb0261d63268aacf1e883d2c99a431bbd1653
UnitDbl.py,third-party/vendor source; depend on library instead of mining copy,181,True,0,0127a60453382cece7f62d2095950ed1fa6b62f5e6d0526a0ac6843cb80bc838
UnitDblConverter.py,third-party/vendor source; depend on library instead of mining copy,86,True,3,07c0ecb2b415c82e26c2f4853fbf1c18bd2f0a76605610da01b644fa3b172d48
UnitDblFormatter.py,third-party/vendor source; depend on library instead of mining copy,29,True,0,b053d62b87ae4d25ce0bec14a3050d93c49f5a67de97eb5cfe788d283d5f2e92
V12_REPLAY_SCRIPT.py,not a useful math/solver mining target,395,False,82,d85aacbd675c7f6f864200f656d969ceae5f0f88e8ea4573e261d78f4414b49c
VERIFY_PACKAGE.py,test/build/verification/plot/control/package utility,62,False,20,a1616a967f2c78f41ce3afd3168871c46fb64260a992bfb19efd0d5353c9d793
V_A_R_C_.py,third-party/vendor source; depend on library instead of mining copy,13,True,0,de3157e7427a5fe09ce1dc308b3b4a2ac0d34575474d79557501f7dbc50dd7e9
V_D_M_X_.py,third-party/vendor source; depend on library instead of mining copy,250,True,1,45b1e5eefbcef697234ff90abdc0a6701c908f7f67e0f9957aae79c03e42d788
V_O_R_G_.py,third-party/vendor source; depend on library instead of mining copy,166,True,0,0a7dcec6356d70ef94be9eb53f9736df7e95f6211bb86afabd60179d221a8a19
V_V_A_R_.py,third-party/vendor source; depend on library instead of mining copy,14,True,2,0acb70ead73f538f84993ae2448b414a9bd324e0c08cc1508dfc936b12f3b1b2
WalImageFile.py,third-party/vendor source; depend on library instead of mining copy,130,True,0,759db52034124f6a3b63b800f90c51cf0231d9a88e6c63b5528b2075dd84a497
WebPImagePlugin.py,third-party/vendor source; depend on library instead of mining copy,323,True,0,634360a326abfcd29ec5e05f6b84c3be6e5a783e7c4dd6ad46bd0eba182dae23
WmfImagePlugin.py,third-party/vendor source; depend on library instead of mining copy,184,True,0,cd1e267adcf947e35c3bc14dd5ad390658bcde078e69b4e929dae1793b51a30d
XVThumbImagePlugin.py,third-party/vendor source; depend on library instead of mining copy,84,True,0,5e08669d19bc63ff23d0edbc5cf6c746b98aec2ac656e47ce3882fd617c5e6e8
XbmImagePlugin.py,third-party/vendor source; depend on library instead of mining copy,99,True,0,15de86543128ef79f2148080dd9df0e0b8e4c28656be11c1eab2829b9c95ae1a
XpmImagePlugin.py,third-party/vendor source; depend on library instead of mining copy,158,True,0,c1e0ab0e03b71fdea52d0fae5d8f859e8c35649e100110e964062dcc991e7cba
__about__.py,not a useful math/solver mining target,27,False,1,ba001220edb0d685321fcfc23aa4365ffb34ac38636e1402df2268703d378767
__config__.py,third-party/vendor source; depend on library instead of mining copy,171,True,11,c506b4d4db1e652795a9463ce3de1e54829f35f6e680bc220a824fae2ccf8a92
__init__ (23rd copy).py,not a useful math/solver mining target,10,False,7,a711c0a6a5a87888b7a0a171b6a316891d83faa951c28812ca2c94085eab20c0
__init__ (24th copy).py,not a useful math/solver mining target,2,False,1,f3470f458769eb66981c8a687d1e3c24a958e863a6527f2982c1c3d639430431
__init__ (25th copy).py,not a useful math/solver mining target,2,False,0,62235400fc6ba33065de168c2513f871d044f573f261e630198c64704f0bdf96
__init__ (26th copy).py,not a useful math/solver mining target,2,False,0,8e87d633297660d50c0cde0746a203ddee18c7e85e63ef3fdeab9031059c4757
__init__ (27th copy).py,not a useful math/solver mining target,2,False,0,177ba7914b18591c68650a20c3327c8ae247189bbefcb0e656e81f4f5392f2f1
__init__ (another copy).py,not a useful math/solver mining target,13,False,0,15437e89685f87ab54938df5bc730f3bbac3cc24959e7795130d29ee4ecad9ab
__init__ (copy).py,not a useful math/solver mining target,5,False,1,942138105b54cbf99024f3aab850a26b2ae3f41b6cc03fdec71087828c09e0ae
__init__.py,third-party/vendor source; depend on library instead of mining copy,2,True,0,b477281e6b94b979b4e240fa6a91665c41e39ee14e28b69441e82cd16e64393f
__main__ (another copy).py,not a useful math/solver mining target,5,False,0,63f02432fddde87eceb648dbe32ce38e66629ee9e2686f3e0306a1d7656c5e68
__main__ (copy).py,not a useful math/solver mining target,5,False,0,83257ce84d04b28afb556dde777814d987291ad1c7241daab2e82fc8ceaa813a
__main__.py,third-party/vendor source; depend on library instead of mining copy,5,True,0,83257ce84d04b28afb556dde777814d987291ad1c7241daab2e82fc8ceaa813a
__pip-runner__.py,third-party/vendor source; depend on library instead of mining copy,51,True,0,24ea04653c2bb6fee345a5c1920490280134e323727c59861f1aa91e2187bcbd
__version__.py,third-party/vendor source; depend on library instead of mining copy,2,True,1,f7d4ba9927afba1c0698ef64bbefbb55425e921374a2de3e2747192a21dcaa9c
_a_n_k_r.py,third-party/vendor source; depend on library instead of mining copy,16,True,0,3290332227e6222ff7831da83fa3c2dd1da5bb7e84c2caf6f96d6b5e3b33d948
_a_v_a_r.py,third-party/vendor source; depend on library instead of mining copy,201,True,0,feaa65584c05a2cd15c114dd65aecb85f2c85b0f821751bbe8d6e244cfd182fb
_add_docstring.py,third-party/vendor source; depend on library instead of mining copy,154,True,21,89f41e376a028bae35ecfb597475cc2acbd4e4955cbb9b0f8b9eadd08a8b9b33
_add_newdocs.py,third-party/vendor source; depend on library instead of mining copy,7132,True,1104,2fc06f2d919b16afc1e1f1abdb161bdce9eedafe3e07f127bb0f45b0841964c6
_add_newdocs_scalars.py,third-party/vendor source; depend on library instead of mining copy,382,True,40,db6f2b889f9dcfd7d5df64ef3a430f532b3fdbfc279c3b94f8451b1757a16efb
_animation_data.py,third-party/vendor source; depend on library instead of mining copy,263,True,2,24925b6dcf9f31d3e391b43b9e0f411cbe62f755530c74154ed11d58ebd60402
_api.py,third-party/vendor source; depend on library instead of mining copy,342,True,0,0982425790537edb5961fa98de6a2f74c044fbc6b3eee8444ff2d86ca4f6367e
_appengine_environ.py,third-party/vendor source; depend on library instead of mining copy,37,True,0,6c36f2384856d8228b25c42a00a032ac41cdf9a925b321c52aaeaf17c645b269
_array_api_info.py,third-party/vendor source; depend on library instead of mining copy,347,True,42,2f80d08ce61c76c605d8a0633c0bffe974b9c374b6b566704233b0bd4e5b2046
_array_like.py,third-party/vendor source; depend on library instead of mining copy,93,True,58,5c9d8a290c4d76fe7e85f4367f21fdc33f40eed80b44f66d6378629fb4271bf8
_array_utils_impl.py,third-party/vendor source; depend on library instead of mining copy,63,True,10,4644b9438e60d2a4cc38e0fb70d2a36b0887e0ae2251b37a1a9bb6b4da0a7b6e
_arraypad_impl.py,third-party/vendor source; depend on library instead of mining copy,927,True,47,69f17907431860505f879f7ac0f69be927464119e4068583b5f84f11fee63131
_arraysetops_impl.py,third-party/vendor source; depend on library instead of mining copy,1159,True,156,9f896cc0ddc2f4f94ed7cf0b28fa5dba777ec77df3c44788afcd6448d55416b4
_arrayterator_impl.py,third-party/vendor source; depend on library instead of mining copy,225,True,12,1ed3800c81ee1bd0036db3138268783ff9ae91ed55fbc13e14d10eddb54e18f0
_asarray.py,third-party/vendor source; depend on library instead of mining copy,131,True,5,f5aa779032cd51c8ca49039fae454fcebd2d64647513576d0884ff61e68525d2
_asyncio.py,not a useful math/solver mining target,95,False,0,422eb0810b066bd31089b611cb7397a9c0d0b30219674d1d2cea1250637eea8f
_axes.py,third-party/vendor source; depend on library instead of mining copy,9317,True,486,f246237d5c9edf1b8993b2cd1fa5dccb8831e091fd721b66503e258156711cad
_b_g_c_l.py,third-party/vendor source; depend on library instead of mining copy,137,True,0,7bcfafae9425ca1d8206721121800af7170cb565dd5ebd22d469b3d777933ac9
_b_s_l_n.py,third-party/vendor source; depend on library instead of mining copy,16,True,0,ffce3ca3b490ab3b730437c761e8bef34bbd96dc481d50735eed5d6072d5e7b3
_backend.py,third-party/vendor source; depend on library instead of mining copy,45,True,0,a055d9f3e57071049b96d97cfe98162cfa82399f18fe9c7ba1e4e4fc19712537
_backend_gtk.py,third-party/vendor source; depend on library instead of mining copy,333,True,0,e3b2e9de26d8665671a81998d06ed62ea9036a383916917fecfd13bc9c826fc4
_backend_pdf_ps.py,third-party/vendor source; depend on library instead of mining copy,421,True,2,70ecd983a3bbf48e82f0251d32015a58b61f023469cc793b2fe85f00b74e946d
_backend_tk.py,third-party/vendor source; depend on library instead of mining copy,1125,True,21,ce1142ad3a384ebc491a1543f7a499f6203624f24fe7caccdd60d1396c63c23f
_base.py,third-party/vendor source; depend on library instead of mining copy,135,True,1,a7be0eef144469d7cf420ccf27d98fdde86ed191c382c997969b0bf429d346ca
_binary.py,third-party/vendor source; depend on library instead of mining copy,114,True,0,a6e0e837223ccab3b0e91c77223c951d3b3fb9d69ac2ce52430ced719baf3975
_blocking_input.py,third-party/vendor source; depend on library instead of mining copy,31,True,0,54736cc6f5f6993c7fc41927777d0c4a27159515d2e1d0837bd84372d6d5e6b9
_build_config.py,third-party/vendor source; depend on library instead of mining copy,61,True,0,1c1848913702d37cbb30109b425a7cecbed54bd09728482ff46ea556963e634c
_c_i_d_g.py,third-party/vendor source; depend on library instead of mining copy,25,True,0,cadf2b54869da49483502a151f87597ad362cb40339b91120311e3076057fde0
_c_m_a_p.py,third-party/vendor source; depend on library instead of mining copy,1598,True,1,d5b7de7ad96ed1f31c8a91b59f9a52e9771c99e0ebb54a2afca49236df0454d3
_c_v_a_r.py,third-party/vendor source; depend on library instead of mining copy,95,True,0,df96b2936917d6970b1b0cb1d32e08d65fabecb1e074abf4ba5571f2804fb5e2
_c_v_t.py,third-party/vendor source; depend on library instead of mining copy,57,True,0,d7f46111c4e6856416429ec7b23f14b01c8a997088a6967221b200ac6cb01043
_cell_widths.py,third-party/vendor source; depend on library instead of mining copy,455,True,0,7db99ec9eb447478f313f571da5d6e2bbb673ce84cb365f59497cedefb0a0e90
_char_codes.py,third-party/vendor source; depend on library instead of mining copy,157,True,0,c1ad22e8a3fb2405b257e8bdb303a07ff0a923ab23f7175bf5af3b6b62316bd1
_cm.py,third-party/vendor source; depend on library instead of mining copy,1500,True,54,44dc9e0f2801d1a04a4abc9f88bbea672ebcf2e1fd9efc4fac49e8fea9ed4f96
_cm_bivar.py,third-party/vendor source; depend on library instead of mining copy,1289,True,3,45222de5e5aeb0406429211816ae61e8c1a556259b11ded44092d196bf21cfdc
_cm_listed.py,third-party/vendor source; depend on library instead of mining copy,2848,True,0,ddad3698f5129ceb1792a445371286c08bc9080298e657b3054aea19c9659ef9
_cm_multivar.py,third-party/vendor source; depend on library instead of mining copy,167,True,0,d148cd156ed2cad8f5b77d500fdf5e6dfafe6a5ecd982a5684a50ecaaf55ccaf
_cmd.py,third-party/vendor source; depend on library instead of mining copy,71,True,0,8a2b2dd84a7326f0d5221300c57abc8859d306c89901dea2a65c5f98d6e83729
_collections.py,third-party/vendor source; depend on library instead of mining copy,356,True,0,a72012249856ef074ea6a263f50240f05c8645fafc13cb94521a94be1174ef6f
_color_data.py,third-party/vendor source; depend on library instead of mining copy,1142,True,0,93ec1d4e2e80ac9c64b2a05f313fbb532daa5b3f175f84e1e60b237f7d82c263
_common.py,third-party/vendor source; depend on library instead of mining copy,44,True,0,efbc34cb2b64af19586d29fefa50d53d431a6d45d147d237941bffbd0454a946
_compat.py,third-party/vendor source; depend on library instead of mining copy,88,True,0,b27795878ffa5b14192b8963765df2955b8ffaad2db52a9b825f665add079ce8
_configtool.py,third-party/vendor source; depend on library instead of mining copy,40,True,2,105449de96b34f162113da29fa8716c8a4cb66bae91617e6992fed5ababc0b1a
_constrained_layout.py,third-party/vendor source; depend on library instead of mining copy,825,True,49,b841f5967099cff1519a9d9a1adb778833c7194c3a49d6f7f2bf86bdef36b51e
_conversions.py,third-party/vendor source; depend on library instead of mining copy,19,True,1,d3133175e2cece20e61ec44cffc96e121e12fa441d328320e86c4d0c36acebd9
_copy.py,third-party/vendor source; depend on library instead of mining copy,46,True,0,89f312b3e03f6f3d406b8b4842b95477d1ed7494397e9e4cdc1ea66d8b83b572
_ctypeslib.py,third-party/vendor source; depend on library instead of mining copy,604,True,51,739bd4529aa07a4f02f59a3464aad2f537dec1d4c9ce99d52f7be6845c1a0142
_datasource.py,third-party/vendor source; depend on library instead of mining copy,701,True,18,9ead7eb599f6ed893aae85ddf9a8316502b4efd0595cea2b9ddf7af1ab097460
_deprecate.py,third-party/vendor source; depend on library instead of mining copy,73,True,0,2a1c8b566418555c30d2b3916d4db84dededf1f3adf46d8b78ce9f24659b974a
_distributor_init.py,third-party/vendor source; depend on library instead of mining copy,16,True,2,14148976054795071ae41ad011560fa059ba2924c98481675ad59b1241214d2a
_dists.py,third-party/vendor source; depend on library instead of mining copy,230,True,0,ce7643ecc378442ef7fbceca5c09fab4a66ff65010448d00c712b66ee6c3bcfc
_distutils.py,third-party/vendor source; depend on library instead of mining copy,174,True,10,8e9163e15d34ac3f48477bc0f53aab1a4c1c74d545739f0bb028596af81ef496
_docstring.py,third-party/vendor source; depend on library instead of mining copy,142,True,0,bbdc89a2b262748f24d56f12d3548832a36687954e31573e02ac844bae8411d9
_dtype.py,third-party/vendor source; depend on library instead of mining copy,367,True,24,59a285cabfcef070f8c3e6eaa15c1d4fde4791983e374e275944fd638c11f926
_dtype_ctypes.py,third-party/vendor source; depend on library instead of mining copy,121,True,10,28f3e56a40ec3e4b938523abe6a1705b48c9f559e36ef5b811684e6c21d81881
_dtype_like.py,third-party/vendor source; depend on library instead of mining copy,109,True,31,060ecb1f4c35793a8a3b4fe200cb1151b51b7d17fc2e53ac7699da4271752bc7
_elffile.py,third-party/vendor source; depend on library instead of mining copy,109,True,0,fac2a4a6d62acd8c36fb1dd007225ae66078adf3d6bb5a719191d1c755801426
_emoji_codes.py,third-party/vendor source; depend on library instead of mining copy,3611,True,1,86ed552fd9db55da6926b5688a356c85195c4517bfbf7763bb7326776b0a65d6
_emoji_replace.py,third-party/vendor source; depend on library instead of mining copy,33,True,0,9fe91c7adb04531d99526850adf78c35cfad79e1a1a6e490e45f153c1b32bc3a
_enums.py,third-party/vendor source; depend on library instead of mining copy,178,True,4,1116f62584847c6771a97a83945f7b5863f82d3f81efd937ac3bb42a29957969
_envs.py,third-party/vendor source; depend on library instead of mining copy,144,True,0,1f7a952d7561e0b5afacfbeefde9177f775f6edc2796134940fda9c57a5c71f5
_errors.py,third-party/vendor source; depend on library instead of mining copy,55,True,0,f98ce2441d414f523cd32a66b9fbc247e33fe17a1eac21f2055a97f9c4672335
_exceptions.py,third-party/vendor source; depend on library instead of mining copy,163,True,0,5fc120d61ab5b94f0bf7088ec05a368d1aba4b4be78c27606051e3de1016f42a
_expired_attrs_2_0.py,third-party/vendor source; depend on library instead of mining copy,79,True,43,a6cf0f96202d89f172abe6ad706fe252ba7672ee35091722bd70870c83a0426f
_export_format.py,third-party/vendor source; depend on library instead of mining copy,77,True,4,448d3ca52ae6e6d052ccf32f9db4ea6c3f5621a95a3a837977833545398bab56
_extended_precision.py,third-party/vendor source; depend on library instead of mining copy,16,True,7,a649d4aa06a4d0504d33eb0444fa96fa91461fbd7f2be89e84549e7b9a108aa1
_extension.py,third-party/vendor source; depend on library instead of mining copy,11,True,0,5ede3b41a7022b062bbb38c38be80e06aef6e0945e0e3f429bdc548b97ebfb7e
_f_e_a_t.py,third-party/vendor source; depend on library instead of mining copy,16,True,0,162d579e3864086d2da78dc072fa486a2bc3f98445a6e7e8e9f78622b7a7403a
_f_p_g_m.py,third-party/vendor source; depend on library instead of mining copy,63,True,0,b991d9cea2fa39d2e7fc7c6c92ffb17f75ee1387f2692bff8db00b123c1762e8
_f_v_a_r.py,third-party/vendor source; depend on library instead of mining copy,260,True,0,353a529bbeff50370fb50320f1eb6b9115669ba3f6def112a5efd601b14fd37a
_factories.py,third-party/vendor source; depend on library instead of mining copy,81,True,0,ba76fa5d0357acf32f7a4b13094f8083c8e6559b384a88e83d47001e95a7aef5
_fileno.py,third-party/vendor source; depend on library instead of mining copy,25,True,0,1d66713f90b66a331b1ebcaf01066c79f9557d0a06cec28e1f3286b0b0fcca74
_fontconfig_pattern.py,third-party/vendor source; depend on library instead of mining copy,112,True,0,2dd0b57722c56d814672fa6be8afd8705a42f229875ce8098658b50dbf9e68a4
_format_impl.py,third-party/vendor source; depend on library instead of mining copy,1039,True,56,b34d4671a88964e22002effe2cb376263156babbe37237594311dda05dd85771
_formlayout.py,third-party/vendor source; depend on library instead of mining copy,593,True,0,426aaaa8b3bac1aa9e48638a8c3354c23be89f9dd9ef2aa297901fa9f7ed0d66
_function_base_impl.py,third-party/vendor source; depend on library instead of mining copy,5776,True,742,000d045b739c89974bfd9bae66beaa35bfd97ea7a06d13378aa234153a3b6116
_g_a_s_p.py,third-party/vendor source; depend on library instead of mining copy,64,True,0,62f840543bddb2c3767e33cc4df4ab3b858109f4ee87d4f6714e73aae0d59d2c
_g_c_i_d.py,third-party/vendor source; depend on library instead of mining copy,14,True,0,009e2e57b3d31db9ecc384dfc3c73613387454ca31de8007d2a861abbcbc85d3
_g_l_y_f.py,third-party/vendor source; depend on library instead of mining copy,2303,True,81,3bd4c04ea737d01fd9ee1f87c017c079168e334025f385697117807c5b18a1d5
_g_v_a_r.py,third-party/vendor source; depend on library instead of mining copy,341,True,0,13d5822a37884d47dde617092d0d2b8d0141b59771c357acc05956a7553a6c3e
_globals.py,third-party/vendor source; depend on library instead of mining copy,122,True,14,fe13921c6f4a00bd12891da7d800f2a42f878c067d8ed881ddf0af3fbace3a36
_h_d_m_x.py,third-party/vendor source; depend on library instead of mining copy,128,True,1,c0cacee03d3840d4fcbb7d29f0057e686ddb9dd5c2ab8c253cdbed6ddf22a7b7
_h_e_a_d.py,third-party/vendor source; depend on library instead of mining copy,131,True,0,c98d864c5aba327ea737c11e81b315251314588a83605967dc5853937ce2c3ab
_h_h_e_a.py,third-party/vendor source; depend on library instead of mining copy,148,True,4,5f8b75685d4c64cbb3de984255217029c3537a865dc7ed38db016d1dcfa72bdc
_h_m_t_x.py,third-party/vendor source; depend on library instead of mining copy,165,True,31,adbc6bddccbdfbd266d070862164225fa7c61f98aeeb2a23a7d91f816ad6d8ab
_helper.py,third-party/vendor source; depend on library instead of mining copy,236,True,69,337367a7a4e1068feb9538fb951f44fe1ee232ef4d74342e49699d486d8a9e72
_histograms_impl.py,third-party/vendor source; depend on library instead of mining copy,1086,True,140,3f4f1940f437fe139d852031afe1c2b9f85e32a2c32f8d90c0125445af9f16cd
_impl.py,third-party/vendor source; depend on library instead of mining copy,411,True,0,8d8fab6b19e6c91c81e7baee022b6b25153311ec6e021193a6033282ac7aed9e
_implementation.py,third-party/vendor source; depend on library instead of mining copy,210,True,0,1aa6f60e54042d16a478794a7fa42d4125b433e6dc1289b11f0e09b2f203d65b
_in_process.py,third-party/vendor source; depend on library instead of mining copy,390,True,0,a9c5cc866c7ffcc209ab5d201875b7980e1397c772f18cc731c7309cda0a970d
_index_tricks_impl.py,third-party/vendor source; depend on library instead of mining copy,1049,True,123,e168b1ab86f91c9c8ab64e97b2fdc7eb3fe0559c8432d33c9b267b68b4eb407e
_info.py,third-party/vendor source; depend on library instead of mining copy,76,True,0,a5b57b6c34c9e45f26b3a6a52b7e09d056585b39913bb153d0d337c91037733a
_inspect.py,third-party/vendor source; depend on library instead of mining copy,193,True,1,cc5b890011f4f03d4a82afde79c6240f53a0834397a75b78a2a8d9c4cd2474b9
_internal.py,third-party/vendor source; depend on library instead of mining copy,965,True,13,497f1ce325bcc6ffc2ccf013e2cdd2ff2e32c55106a0a07997213d45d6c777a0
_internal_utils.py,third-party/vendor source; depend on library instead of mining copy,65,True,26,9e12ba2cb5985bdddf05cb0588ed3d266a858f6ae01c4b0660539e682ec744ac
_iotools.py,third-party/vendor source; depend on library instead of mining copy,901,True,48,04e6c05a9fe7ebd9a92d888524bf15512926b9272b453ae5c4ac5c63ab816b48
_isocbind.py,third-party/vendor source; depend on library instead of mining copy,63,True,2,cda060a5f3cd466c551b776850895b6488b207df7432c5e2c0369bad28fd1e74
_jaraco_text.py,third-party/vendor source; depend on library instead of mining copy,110,True,0,335e6e50f221e4da4fd6d754181c516aeeaad59004b48f3e5f22c4113b1c15f1
_json.py,third-party/vendor source; depend on library instead of mining copy,88,True,0,84dbe73073972c0c8d9738ab5a13cbf4dc760af0aa6b589199ae8eb2ad587d5f
_k_e_r_n.py,third-party/vendor source; depend on library instead of mining copy,290,True,0,0d034b983fc711d0ca3dfa78b5a98e77d5b74f96b595714ce6d0da5ab2a5d7ae
_l_c_a_r.py,third-party/vendor source; depend on library instead of mining copy,14,True,0,f16eb114e8feb26d34dcc0975f86c81f1b3d9ed7d5bd3d055d89653f16b7cf82
_l_o_c_a.py,third-party/vendor source; depend on library instead of mining copy,71,True,0,cb18b02ca5cb663363bb95d898b6fa12134b79cd5dedecc40c37b576ccdc787a
_l_t_a_g.py,third-party/vendor source; depend on library instead of mining copy,73,True,0,f58a40a6323ead9e1edc7793f0f8fea2c887977b802c3f495e0e4eee9aa4f4bd
_layoutgrid.py,third-party/vendor source; depend on library instead of mining copy,548,True,56,98507d6ac655a25d9a57d84b069767b6e1b9c758ac294ada8c5fb74d484282ca
_linalg.py,third-party/vendor source; depend on library instead of mining copy,3650,True,858,fb51e084cbb05b72a571a088299222055f3f176792ea9ea66186327a31ec787f
_lint_dependency_groups.py,third-party/vendor source; depend on library instead of mining copy,60,True,0,ca9f830ea297b5b9034cd6b489f6be166380f2b6b6e253d91177ed5be47902e2
_locales.py,third-party/vendor source; depend on library instead of mining copy,73,True,0,96f1ea50954cb2b13b261dcdfcaa4ee5f181660203fa5dd9af8fbf46b1f564d3
_log.py,third-party/vendor source; depend on library instead of mining copy,39,True,0,fa31cb384fd31da673e4115c0a7a122fd11802d2749d77a6e3db3da1fe23bcac
_log_render.py,third-party/vendor source; depend on library instead of mining copy,95,True,0,d41c88d0f035669c5963708624e2b9e218e5ab85fe073fdba088c8a8277c2a7b
_loop.py,third-party/vendor source; depend on library instead of mining copy,44,True,0,855ffa08b7683e6d2f6b6d96a70e332aa334458b33dd36715e3d0fa12fbd7834
_m_a_x_p.py,third-party/vendor source; depend on library instead of mining copy,148,True,0,7080c8656b1ef5ccf0c2c9e5c48877ab08306976edecf4008d7280726303b296
_m_e_t_a.py,third-party/vendor source; depend on library instead of mining copy,113,True,0,0340993c4015c58ae9cad8d750640909375dc06f0aaef5156ed05edc0d4caa02
_m_o_r_t.py,third-party/vendor source; depend on library instead of mining copy,15,True,1,bb7e6d62a9f7723ccac5e085d0550578bb5a7f7ea68c30d2374f2eba4d0a99ef
_m_o_r_x.py,third-party/vendor source; depend on library instead of mining copy,16,True,1,3b06a656920eed11039c5afde47b853e863fd14ea2f7340f6f5d4ad6c153bc36
_macos.py,third-party/vendor source; depend on library instead of mining copy,572,True,2,9d994b90e9accd413483aaf2470055198e423b33f2b9d72c889b4359aacce4b4
_manylinux.py,third-party/vendor source; depend on library instead of mining copy,263,True,0,1dfea707470eadac84b3debea77a085c08069c5aaebf6d033b997ea36fd79efd
_mapping.py,third-party/vendor source; depend on library instead of mining copy,24,True,0,d42c37ec5b9094d69c9f144a9ad94f5f89f22e85fdfedb64a39670b1c354659e
_markers.py,third-party/vendor source; depend on library instead of mining copy,50,True,0,d223723a2db95cbbff8137d252a8918b3752a89ce8cde3cf04c468ef61f625ee
_mathtext.py,third-party/vendor source; depend on library instead of mining copy,3055,True,92,35e409a5a774db5351c122363d602de1a12851c96db1d1da1ac3c4aa0d7e693d
_mathtext_data.py,third-party/vendor source; depend on library instead of mining copy,1811,True,1,90d4cad58ce1f1b2682ea785103ad5a86e2a34396d02aab386a0ccf193910b6c
_meson.py,third-party/vendor source; depend on library instead of mining copy,245,True,2,398d3089f27dddd148e357c1aba0ddb2f9d0fdeac0e6aba2c6fa7ad1eb5a888e
_methods.py,third-party/vendor source; depend on library instead of mining copy,253,True,8,724facf7e63c5b8fcc2fac14bf31a02cb048d9e28f516d86502ba5077a425476
_multiarray_umath.py,third-party/vendor source; depend on library instead of mining copy,58,True,13,4fcf07660143e550ae5d109278b6cfa23f7d9ca512760cb0f315b27fa7aa8714
_musllinux.py,third-party/vendor source; depend on library instead of mining copy,86,True,0,67ab308c7dcc03b5d2dea5e798c37b40f86a3f77e7a18234790d7c7bdf878001
_n_a_m_e.py,third-party/vendor source; depend on library instead of mining copy,1243,True,0,f3aff47d4780e7f73e198e599e4a942348f25b0321d669fac9539fe8a2aa2255
_nanfunctions_impl.py,third-party/vendor source; depend on library instead of mining copy,2007,True,341,d923a746bdfc4cbc254cd932c03670a9f7566827002b2cf5dc40db8bc81bb5fb
_natype.py,third-party/vendor source; depend on library instead of mining copy,145,True,11,93a0e3d9ef621fc988077d8e5bd148d851b1884fc50c2ee621a222e19810e957
_nbit.py,third-party/vendor source; depend on library instead of mining copy,18,True,2,9a353bc8328b57ad47a79fbe36eae4c48272b136a7307df7b70e5ae2e725a284
_nbit_base.py,third-party/vendor source; depend on library instead of mining copy,94,True,27,496ed60d5b3b711b201c21e1608c9f2e3f4757f0173f85ffd83d7187e54da43c
_nested_sequence.py,third-party/vendor source; depend on library instead of mining copy,86,True,17,3bc45b3564a962a54c203adede2390a7c852ba48349a4c9332a5e7abfe3f2c24
_npyio_impl.py,third-party/vendor source; depend on library instead of mining copy,2492,True,171,51eb4572baad1e8198f71b3488a3cbcdb81ac85aa3c15cc2708cd907198a1fb5
_null_file.py,third-party/vendor source; depend on library instead of mining copy,70,True,0,00318aa75cadfa4ef414c295ead9ea0aa79c07ead2273a7e590b03ecb3cbfa48
_o_p_b_d.py,third-party/vendor source; depend on library instead of mining copy,15,True,0,4cd66fff6613ae3e1d1b377ac00f496fe28667df6e9f5efbb39a772e57f143be
_openssl.py,third-party/vendor source; depend on library instead of mining copy,69,True,0,cc1f9242f272764b3bb50d32230acfe860f77d035249a3e2abbcf0e321794f8d
_osfs.py,third-party/vendor source; depend on library instead of mining copy,165,True,3,4642821362317116a3ee0caa156d742e1126ffe54962d5f1b12e6cd030978a13
_p_o_s_t.py,third-party/vendor source; depend on library instead of mining copy,320,True,0,f6c8955d28ac5867537e3fe60b513d7540f3f49766d62dd0cc8fa5de2dd558c1
_p_r_e_p.py,third-party/vendor source; depend on library instead of mining copy,17,True,0,09c2abe07aecc24ba92e66c976b24b4ccfb3f5780b79f432bfce3aee3f55d33b
_p_r_o_p.py,third-party/vendor source; depend on library instead of mining copy,13,True,0,120f31e6a5b25c3ccf7b331a7c5bb4b34ab23c31e3fac3ec1711ad13a876f6aa
_palettes.py,third-party/vendor source; depend on library instead of mining copy,310,True,0,71d7afd4940a67426f960b95f62a478339d3767be52335050c16f422dd8fce32
_parser.py,third-party/vendor source; depend on library instead of mining copy,1614,True,1,ee494377289c92c401fd7825fb7500981c33098a2bd40219aa4948713e9d1fff
_path.py,third-party/vendor source; depend on library instead of mining copy,68,True,0,7eb3fa64b98c78ff44dcd8b0a026db8013d6a506cb05187b4fed2f384f84b8fa
_pep440.py,third-party/vendor source; depend on library instead of mining copy,487,True,0,8adf4fe3fa075d6c37071768573ec93ccba3e64c45e4ceff049f19d66f67bb4c
_pick.py,third-party/vendor source; depend on library instead of mining copy,18,True,0,7af0edf10378945e428b0ad421794e2429ed8ad0423ac23764b3c42005512c95
_pickle.py,third-party/vendor source; depend on library instead of mining copy,89,True,0,2ede3b99afef9e72477674257398d9fc3a811ec74a8b442250d68890c7fde6a0
_pip_wrapper.py,third-party/vendor source; depend on library instead of mining copy,63,True,0,9ee556ff0fe7b55c69136e842c4be780c634374e2c14bb228d747265944e146f
_pocketfft.py,third-party/vendor source; depend on library instead of mining copy,1694,True,496,b3afd951a4e60bf79b012b671683cd2df6f0d32d52d62036d7a25e756ac5362b
_polybase.py,third-party/vendor source; depend on library instead of mining copy,1192,True,86,6f49028938149bc0f9402fcb5929bac8dbf00bbf67a4301e92c2b4bd03dc8824
_polynomial_impl.py,third-party/vendor source; depend on library instead of mining copy,1468,True,331,530f29b1db6a1610bd02291c94196e100a3dd7b80f3a278fb6173e29dd297545
_pylab_helpers.py,third-party/vendor source; depend on library instead of mining copy,137,True,0,ed67266f7f6c85c9659d323fb8808a5b4bcc07b908f1c66bf2643cc6087bd083
_pytesttester.py,third-party/vendor source; depend on library instead of mining copy,187,True,25,cc2729e50688028a9aeedb131b2a12c0480f3477cc1c0e84be7f5d4177164002
_ratio.py,third-party/vendor source; depend on library instead of mining copy,154,True,3,20eb65efcb1009866c987cb185ee3992b91bebcbbdc55cfbcc5b175490fe6f66
_re.py,third-party/vendor source; depend on library instead of mining copy,116,True,1,9fcf88a3c64ad54f85ea3ce583b3da6dce3484b149b1ac04dae34b287f70ee25
_s_b_i_x.py,third-party/vendor source; depend on library instead of mining copy,130,True,0,b6490a6cd28d624521649b8dd2497bab7ef1e4a2b93a8bc1d3acb6f286cf57a0
_scalars.py,third-party/vendor source; depend on library instead of mining copy,21,True,18,02ee1deaaea050040b408b9613fe4f1de80b45290a5c1bb38d5d70a76a6eb7f5
_scimath_impl.py,third-party/vendor source; depend on library instead of mining copy,643,True,111,6f9ffec91cd62483bc75afd9e01f2a41eebc8fc9693bc82db4696f18da65cadc
_secondary_axes.py,third-party/vendor source; depend on library instead of mining copy,347,True,52,b2aaaae077e03ff6538d1a4bf8a69c3476eed0e27120aa567de138c794599a93
_shape.py,third-party/vendor source; depend on library instead of mining copy,9,True,0,8086f11c19de0c82c78caa3617e4d4f0834ae82afd843befb0f88e9700137a3e
_shape_base_impl.py,third-party/vendor source; depend on library instead of mining copy,1248,True,128,b550d0cc5e7efe46dc1c77f0286330fcb4100fcbbeb98f41aa9127c2c44e01ec
_spdx.py,third-party/vendor source; depend on library instead of mining copy,800,True,24,596ec35e2ca0ebcba9fd8343ff0a51625af548786257815f24b41f7e08613314
_spinners.py,third-party/vendor source; depend on library instead of mining copy,483,True,0,536af5fe0ff5cd28ec8e251d00449cda200c7378b8ae2fd2f0f60fea4439cf52
_src_pyf.py,third-party/vendor source; depend on library instead of mining copy,248,True,2,3c7a68f43dbc2aadeaff7f8a157f03dec143f5e5fc0357372ee2cdcd7cc1c8ec
_ssl_constants.py,third-party/vendor source; depend on library instead of mining copy,32,True,0,3540f87d529d483d36ae2efe75bd2d9ced15a8b3fd687bb3992b5c5bbb40974f
_stack.py,third-party/vendor source; depend on library instead of mining copy,17,True,0,f82f0e2bbaf19f7b0851d570c59041a5e1e12335f4788f9533731e9987da5e6d
_stride_tricks_impl.py,third-party/vendor source; depend on library instead of mining copy,657,True,57,0db57f30a81b00919e7922828cc23c4c32759c07a647639b76d1e157871fe862
_string_helpers.py,third-party/vendor source; depend on library instead of mining copy,101,True,3,e929a0a22ea80f60ae9e3c014abf41676d079029ef5ba9d33db953394de95a78
_structures.py,third-party/vendor source; depend on library instead of mining copy,34,True,1,eb48d16c5efca7ccf930a9cd77a700a6b80e69d0891d5d03966526441a8565cb
_style_helpers.py,not a useful math/solver mining target,52,False,2,2de4e34b44502eb4e8e4fa2c4ec157835cee906092329cc92d68910941c63e8c
_subfs.py,third-party/vendor source; depend on library instead of mining copy,93,True,0,bd1a2d430c8b55f20d6d1f3cc4805051babd8f82a6835fe626f1219e9bcafede
_sysconfig.py,third-party/vendor source; depend on library instead of mining copy,219,True,5,f02a538edc5a0b31d20ab2a96b15a71c4eda29c26b4494669ed47564b572b0b9
_t_r_a_k.py,third-party/vendor source; depend on library instead of mining copy,331,True,0,6091d9cb6f3e87b2e54c6ca417b4ae53c96b803f65420ce7914c73f93c5d1545
_tempfs.py,third-party/vendor source; depend on library instead of mining copy,35,True,0,f45517742053c05b59305c7c82162e65562841d0dbd2d0c1fa35cdbb70fe432d
_text_helpers.py,third-party/vendor source; depend on library instead of mining copy,51,True,0,0b138f18bc658f4c5c23d9993d2d06ea92621d69528558e71d2174e51a8fccad
_tight_bbox.py,third-party/vendor source; depend on library instead of mining copy,85,True,4,b2cc0d684f48715c08be15107c052adc2749658bac2967972b3f83c34257cb6b
_tight_layout.py,third-party/vendor source; depend on library instead of mining copy,302,True,12,037bd92819b1722ef0df938ef65c607d4aab44a813afe37f754cdad0cd395b11
_timer.py,third-party/vendor source; depend on library instead of mining copy,20,True,0,cde9716d3ea83c566736bc163e973592d51e013f957387ee15c4592d018bb4c2
_tkinter_finder.py,third-party/vendor source; depend on library instead of mining copy,21,True,0,188678b2d985854a2c987292addc5c8d2b62a1c0cd7f2267ed10627b6496c54d
_tokenizer.py,third-party/vendor source; depend on library instead of mining copy,194,True,0,b455365abf996497406e45cb109a3ba9440325a2247dfb7d0ea6a27e210d0fb0
_toml_compat.py,third-party/vendor source; depend on library instead of mining copy,10,True,0,0479d79c569c9b70dea25b00df91a323aaa40c0a6fb9afb5176d24bf705f6561
_tools.py,third-party/vendor source; depend on library instead of mining copy,35,True,2,afbe5da5a769ec2f44750eabee9250299942643509cd5ab68a46ff2d737ec022
_triangulation.py,third-party/vendor source; depend on library instead of mining copy,248,True,10,52bda528c3b1e0dad9c70ca2d2105e06757389cb8a68291ed0d92b6677929253
_tricontour.py,third-party/vendor source; depend on library instead of mining copy,271,True,6,cb1787f10801b9bd674eaf6a6cee488a2cfcd5b70b5c378c7091d44b60219a7b
_trifinder.py,third-party/vendor source; depend on library instead of mining copy,97,True,6,de05332590c8c1f76c489504f2120ab28f5ed7e506bf29d437d1f16aa0b51047
_triinterpolate.py,third-party/vendor source; depend on library instead of mining copy,1575,True,278,c78aca74cfd6daba68da8f196d62a76d2b5e82221223593055fcee99d0051171
_tripcolor.py,third-party/vendor source; depend on library instead of mining copy,170,True,3,47acff5dbd7c9e3b8b06e903622e73d070d539431f60977928cfa94a8b5a5312
_triplot.py,third-party/vendor source; depend on library instead of mining copy,87,True,5,8e51d2cf7e99e52d7ccc129ceb7f4f952a9d85f97b8c7a25f04c6575d26e0c8e
_trirefine.py,third-party/vendor source; depend on library instead of mining copy,308,True,42,64c956ca989108ed89e793793e9f52ea6e41953a07c7ec6a0c114ca45cceb1b0
_tritools.py,third-party/vendor source; depend on library instead of mining copy,264,True,34,c02f4a544e94aa45951e9c96f4553885076a455455989961681175117b1a0fc5
_twodim_base_impl.py,third-party/vendor source; depend on library instead of mining copy,1243,True,114,0b31bb9f23700e5bf20ab94648afc1357b175fb96b6e1fb80d248fbb461fcebb
_type1font.py,third-party/vendor source; depend on library instead of mining copy,1209,True,14,6bba8f4c92cb5831013e497b9011e1990b98ce6091c8f857211982365ff82f1a
_type_aliases.py,third-party/vendor source; depend on library instead of mining copy,131,True,6,fd576d1516aca4b752b374a3b448f03a9acc6b748243dd72f89619f7b300344d
_type_check_impl.py,third-party/vendor source; depend on library instead of mining copy,715,True,101,53a091170f8fe5fafb13e7b241f8d04c352185c1253125c389aba52ee37e4939
_types.py,third-party/vendor source; depend on library instead of mining copy,11,True,0,f864c6d9552a929c7032ace654ee05ef26ca75d21b027b801d77e65907138b74
_typing.py,third-party/vendor source; depend on library instead of mining copy,46,True,2,db3df7654a7d6909e44aa5f3351dd99fb974e1dd96fa8023d4e899862c8517af
_ufunc.py,third-party/vendor source; depend on library instead of mining copy,8,True,1,1ce91a13eeb05747dddeb9876460b7f580072087fcb72be5cde903e32e064310
_ufunc_config.py,third-party/vendor source; depend on library instead of mining copy,516,True,73,0e938bb63600619bfe9028e8f285f9ddcd925b62d0220690ec4a650a48ac45a5
_ufunclike_impl.py,third-party/vendor source; depend on library instead of mining copy,213,True,43,f468fbb02ccb1038be6194044b04d3f873604c130f59841612109b0e1718feea
_user_array_impl.py,third-party/vendor source; depend on library instead of mining copy,311,True,5,65c91b14c34cdbc1136e97b5d9a6262780b58917a2a1233e4ded8dde217f5195
_util.py,third-party/vendor source; depend on library instead of mining copy,30,True,0,7f185676b2c04727363ec3203779bdfd4d5d637a1429b57b9a4a0771782879e0
_utils.py,third-party/vendor source; depend on library instead of mining copy,22,True,9,e5f935f09378dd183a607bda9fa42376b39e3ae2ed4652d598fe8c69d0442550
_utils_impl.py,third-party/vendor source; depend on library instead of mining copy,542,True,64,4cb745a05e5cef826bc6c38c55d62cd02113a61d4531b26098c7d86ff2ae2435
_v_h_e_a.py,third-party/vendor source; depend on library instead of mining copy,140,True,4,16e50b201978390c9478b3ce14463c6ee074a409d08466b5fb96ba90df62e527
_v_m_t_x.py,third-party/vendor source; depend on library instead of mining copy,20,True,2,014bb1b7242f316ad304d6ce21a2fab8a701fc336935bd185f6f0922e4c7c3f6
_version.py,third-party/vendor source; depend on library instead of mining copy,5,True,0,fe7d75d4019326aca24ae57d4ab190cd62ba1225b175051119cd61cd87e42b1d
_walk.py,third-party/vendor source; depend on library instead of mining copy,56,True,0,28c43e19abd662be12b00e55f2884b3e6cf76e88a5bd8d8fd092ab2e8c56e8d5
_win32_console.py,third-party/vendor source; depend on library instead of mining copy,662,True,0,05268344833004b2139ff9b499344b3ea304e6afaab8675232e60ca587982707
_windows.py,third-party/vendor source; depend on library instead of mining copy,72,True,0,681c1a0ff4b9e926e0a2922f6b2566a64d18dbcbb06360b905a6f5c25dc1a7e2
_windows_renderer.py,third-party/vendor source; depend on library instead of mining copy,57,True,0,b7be192f7c6e0c23f79e64e9f691f52f92e223671a909b9045095e1c225eae59
_wrap.py,third-party/vendor source; depend on library instead of mining copy,94,True,0,1654aca26e445f42d5900dca5b2df8c879c27cbb6a5fe6487a95ca87eef4ae97
_writer.py,third-party/vendor source; depend on library instead of mining copy,230,True,0,76c89f152db161fd62efa9a64727f3f72d76e710bb67f1d0f38e592a126c617b
_zipfs.py,third-party/vendor source; depend on library instead of mining copy,205,True,1,8b7aa895b903467b41fe82f7bfbf4ab8481f5655688de70f067040d17d383d67
abc.py,third-party/vendor source; depend on library instead of mining copy,34,True,0,38df84f99a924a1799f3c56b297d8cdcf5e915b18451464f31afc07f497ee1fd
abstract.py,third-party/vendor source; depend on library instead of mining copy,48,True,0,08d7903e7a40b9d63bee79b33a438d4a6020465cc87f4e97f97f66bd160e0e6b
accepted_native_color_flux_recurrence.py,byte-identical duplicate of native_color_flux.py,765,False,161,ba07c4f2504c28896e3a63ddde74a999684643a6de214cc3edf2df2f14b475ee
actions.py,third-party/vendor source; depend on library instead of mining copy,109,True,0,b49f437913a29a5befb177c2430f2ff196a31aa1a87c6cb57640559ea0255a15
adapter.py,third-party/vendor source; depend on library instead of mining copy,168,True,0,5be1d6fa5d358320ac9f190ec826eac7bb31ad662805b2ab0ec2a455540de8d1
adapters.py,third-party/vendor source; depend on library instead of mining copy,697,True,3,d8c2c538af46a5836189377accb0d4ac081290807eefa8baa664ae5098c70b6c
adc.py,not a useful math/solver mining target,205,False,4,dc3170b0c7e32cbc85c3b0731aff162ba3bdb67cf01057595e1ee17d7d6c1da2
after.py,not a useful math/solver mining target,52,False,0,4b934221249c3de22b2b021e5d1c1d265de457d4389ea65f9cd3c3c7a1dffff8
agl.py,third-party/vendor source; depend on library instead of mining copy,5234,True,17,d396e6f14ab8e6e5565bc9cf6cfeb16cd826172c50afcb168580223f45528e72
align.py,third-party/vendor source; depend on library instead of mining copy,307,True,0,760fbbb98d2e90c2cb95412c04344bbdadb6fec4202090f804ad1d9991c51ee8
analysis.py,not a useful math/solver mining target,380,False,60,1ef9fc0a42f3597949594465d1bfd40486695ae8f983239e90fde19b54431902
analyze_phase_engine_runs.py,not a useful math/solver mining target,164,False,10,32ca1704abb4e595c279ee29180b36d20a4a5ad17bfbbaa4d87ef90c4f16c85d
anchored_artists.py,not a useful math/solver mining target,415,False,42,66b384dd18b24f6af2509de056a2b13329f0251dbc56d39934a5592c82f6f7e7
android.py,third-party/vendor source; depend on library instead of mining copy,250,True,0,af40ec85505ff913b58d72465fc0b84e297b1755d6b7e6e47563209af1226988
angle_helper.py,not a useful math/solver mining target,396,False,34,5d6a4981cd9a2394dc7cc4def0b5c2290a378ad318ac557e37e3aa3fda840d4f
animation.py,third-party/vendor source; depend on library instead of mining copy,1838,True,11,dad92e08979d6467d62250d3a2352436ffc078bc536013cfcf4d221682fdb0ad
annotations.py,third-party/vendor source; depend on library instead of mining copy,31,True,0,05d208ae23580f305f8278b058583fbbbd6a2d99d5d2c09c9f8f950245e460d3
ansi.py,third-party/vendor source; depend on library instead of mining copy,242,True,0,02fb352c76d275cc8ebc339da442d952850b7018987b063be9e341a7ab85061b
ansi_test.py,not a useful math/solver mining target,77,False,0,15e5620eb50834865caf9d393c0c6f5380235f3d5ab048802ecf465cc87045a1
ansitowin32.py,not a useful math/solver mining target,278,False,0,bcf3586b73996f18dbb85c9a568d139a19b2d4567594a3160a74fba1d5e922d9
ansitowin32_test.py,not a useful math/solver mining target,295,False,0,44dec0221309e44a83b186828d5a3ea38bbc2730c3e2e9096e67af58a4bbd2b6
api.py,third-party/vendor source; depend on library instead of mining copy,300,True,0,c0f1ce9703ac7f3da8a9067a03615c0aee641008fe2689ddce834e1d8150d21f
appdirs.py,third-party/vendor source; depend on library instead of mining copy,53,True,0,2ebcc33d930a561d2bb9bb42c7dbeedd79596cb092ba0e954a3e10b2fb7ae810
append_ledger.py,not a useful math/solver mining target,23,False,0,42ba5757caeebed8317463e08aa550269f5cc13d1e47bb9c51c2e5aaa80ba665
appengine.py,third-party/vendor source; depend on library instead of mining copy,315,True,0,551ebc780544d77ee5c53823043c029dae5488165338a6b4d408fffb905a0b3e
arc.py,third-party/vendor source; depend on library instead of mining copy,155,True,12,f9fe589baab8b43590efab0c3524d44d680bffb01f817a23bc186d052edb5b04
areaPen.py,third-party/vendor source; depend on library instead of mining copy,53,True,0,6355a49aacdc0b8cff6e918047421950aaed1c5b712944019abe7eeb8ff308e9
args.py,not a useful math/solver mining target,83,False,3,781ff2591d0c178286ee2ea9abb58b6ea319c6ca2cc526f1d39e172cc8c17389
arithmetic.py,third-party/vendor source; depend on library instead of mining copy,615,True,42,9d9a0cb388e2cfc241b4ea129bdfc5dddc2c35d856e3a092b3b4773116bb3196
array.py,third-party/vendor source; depend on library instead of mining copy,262,True,35,e16c0bba265edf4ae2ce7feb6b29a6635dcecc4ea1942b0338ef24b9514e3f5f
arrayTools.py,third-party/vendor source; depend on library instead of mining copy,425,True,11,8d993ffc613e2bd55589913f1fe2cf3e3d2c9966ca9e0fb27cf13c05f1a9f072
array_constructors.py,third-party/vendor source; depend on library instead of mining copy,138,True,98,4cd70c920f5be437b39e6eaae88830eeb0e9c195c80e4bff9a396d2e72382bed
array_like.py,third-party/vendor source; depend on library instead of mining copy,38,True,18,3b611860e7c16b938036e6b0ae30ba189f6badebbcf847be41233b3ae779f29a
array_utils.py,third-party/vendor source; depend on library instead of mining copy,8,True,0,5db732849f52d0894d9cff4dcbacb280b30400259650f34e53cbdebe3d531292
arrayprint.py,third-party/vendor source; depend on library instead of mining copy,1789,True,175,ea1e7577acc4048383d842a628827e33dc544f06842ab5848b3ee3bb298eaea2
arrayterator.py,third-party/vendor source; depend on library instead of mining copy,29,True,6,1ba0dd34451d24640d262bcf8a67296712477ecd24a34849d2b5cbe180f9db14
art3d.py,not a useful math/solver mining target,1758,False,165,ade9f5345c33c56c0c35f44d3473d93c12d5688e51d58ae7372e9a1a3ce9f394
artist.py,third-party/vendor source; depend on library instead of mining copy,1939,True,58,c55a81d86db60ab7b22fcd6e70401aa84558de5d1ba6e40a16c60f6f1f03be7a
asciiTable.py,third-party/vendor source; depend on library instead of mining copy,21,True,0,e1cebd8ec022ad49c3129ca57fd09806808a4f3c1b99f6ed5003abb4f9e91e36
assessment.py,not a useful math/solver mining target,44,False,4,e516d3c0277949d2a6f79d46286b0ea3f2396c21abd92252f984de3c40be56b5
ast.py,third-party/vendor source; depend on library instead of mining copy,2144,True,0,e3c63abe9483ff061fb9c5b287f6d0b737f6010157fa93b006fb3175ca550f3d
audit_j_derivation.py,not a useful math/solver mining target,185,False,44,56831c894f75c1d8026fc31eedd57f6f177234f63cd7a4b03c0300d7c71a3d28
audit_notebook.py,not a useful math/solver mining target,37,False,3,dcb5aff2a45d7309081b6e6b4bced58d2e5764f5a8106690516e61502689da84
audit_package_integrity.py,not a useful math/solver mining target,142,False,15,1857f4e486d7c99f1ada2e172c8d34d924806f56754fef8b690a5e7c8239fc93
audit_state_forced_evidence.py,not a useful math/solver mining target,27,False,9,2e80df8ffc431ef475c04cb08669c7b81348c798238832085876d2e2b79d9d29
auth.py,third-party/vendor source; depend on library instead of mining copy,569,True,0,6b3169d7823d73258003393117654cd10ff1b479db373dff3505eccf2f3b290a
autocompletion.py,third-party/vendor source; depend on library instead of mining copy,185,True,0,646d9c334de795c36bb3e586fd21535b8ea2b31f6cd86a399540fff3e8afef4a
autonomous_engine_observer.c,not a useful math/solver mining target,109,False,1,8366906049a276fc6e93dd82c4132c5d1f4e85a999970aef2ec0e0820ee3e22a
auxfuncs.py,third-party/vendor source; depend on library instead of mining copy,1006,True,3,32eec0653dc31d69707d3f409a4485a47f81399d13bb7202cef480e85c16f3f0
avarPlanner.py,third-party/vendor source; depend on library instead of mining copy,9,True,0,09a6c6e71079ec531dc2637569ca5532fc8eb9c54fc4275174948ada0bbb81be
axes3d.py,not a useful math/solver mining target,4436,False,370,9dcc69d42ff1080f7094d18164b1da1ed2804b6c200a5f754dce83aa9c91ccf8
axes_divider.py,not a useful math/solver mining target,619,False,15,d4775c99118b3492eacc1d8fe139f30cb20b1204f93b2004d61d1ec0bcaaac4d
axes_grid.py,not a useful math/solver mining target,565,False,6,fa36df71fe02b0acab0f299b92810ee4dcf527f7b2b5f1a345c703f317e7ad4f
axes_rgb.py,third-party/vendor source; depend on library instead of mining copy,158,True,7,a5a6e069626e2d308fc361654fa65fcb9774ffde4212f68b7a8b1645312547df
axes_size.py,not a useful math/solver mining target,272,False,14,1d1c8f6035e5863e36e9da2f096c7aa169e0d4925de2dd9fa5514dd0c2c64b63
axis.py,third-party/vendor source; depend on library instead of mining copy,80,True,10,d5744dfec5c6a5745b116334e8f172f8d970db27bb4f777f5ba61130964ef7ab
axis3d.py,not a useful math/solver mining target,763,False,59,e08f2aa4dac61507ac4a055085267700bbc7abb80654cb19f42a4a57a3924f5f
axis_artist.py,not a useful math/solver mining target,1148,False,28,14a65ae1d5765c545476e1d43c3148d5b983f4ef873079d2828c261698029a62
axisline_style.py,not a useful math/solver mining target,193,False,26,fccdd8f947702cc4f2db9ae132784542d3d149ff6ae1ccde4822678777768792
axislines.py,not a useful math/solver mining target,475,False,16,d2c357798b83e400d24901f8e390305d19d8dec6c601eb6a2648592f43bfa53e
backend_agg.py,third-party/vendor source; depend on library instead of mining copy,603,True,29,341d1bdfea87706d80fb62e64ab40d926ba33febfc656f368b92f2ad2625a72e
backend_bases.py,third-party/vendor source; depend on library instead of mining copy,3738,True,85,96338325676f11b3f80905e14caf39f5aad773a1aa01a3c2da46a2b92d7ca534
backend_cairo.py,third-party/vendor source; depend on library instead of mining copy,533,True,27,6032d5cef8354f26b72ebd669aa11fe6c2c8498be55b64822305fd6cd87ad6cd
backend_gtk3.py,third-party/vendor source; depend on library instead of mining copy,599,True,2,03f5a622a07ff47fa03cd2c6c5ff3b4dec00875c81744e98831db24522f604aa
backend_gtk3agg.py,third-party/vendor source; depend on library instead of mining copy,75,True,4,685270d392f957e1721528ffdb497f16e0b9a623dff1f84acdfb7f9b534c8587
backend_gtk3cairo.py,third-party/vendor source; depend on library instead of mining copy,36,True,0,ccfb09cd59bbe7489fd8b890f726f3b1b5f4ac18643f4e5756f47d2e1cfae6ca
backend_gtk4.py,third-party/vendor source; depend on library instead of mining copy,645,True,2,9f22c8dad0c0262739eb42a2017c4f2e0c56edb08f10785f6f70c320cca8562a
backend_gtk4agg.py,third-party/vendor source; depend on library instead of mining copy,42,True,2,d348b7aa922df5371ffd2ef818e59b79c9223e57d5268436a416e15c332d845d
backend_gtk4cairo.py,third-party/vendor source; depend on library instead of mining copy,33,True,0,b2a5a6dd681f34ef04b018eacec0f85387007347f8ab94ae7d8c7b64969c0dfd
backend_macosx.py,third-party/vendor source; depend on library instead of mining copy,197,True,0,1a36eed4c297219a4233f96e306e94eea0e0c28b5c1927a00af630f8d356c5e4
backend_managers.py,third-party/vendor source; depend on library instead of mining copy,388,True,0,45085e08efdc40195a5ac60c6c09acc2ed143ca53b6e62d32392c4160a2d9250
backend_mixed.py,third-party/vendor source; depend on library instead of mining copy,123,True,2,a9fb859c2f05ae5c149e3875de4af32db5b72a84ac0b82a678e7e69ee5d75a0f
backend_nbagg.py,third-party/vendor source; depend on library instead of mining copy,245,True,0,b9b84c8717ecbfafba732f22a7c4af1849f6a5cf5782a8a5bc7fcc55861d6ca1
backend_pdf.py,third-party/vendor source; depend on library instead of mining copy,2760,True,94,0c5a456ad41764aba52133517e44eb388aded16be1a2963d709a46be584c087f
backend_pgf.py,third-party/vendor source; depend on library instead of mining copy,1021,True,29,a8222a3a8cf7d7009e6d6b7d78bc3c2819d7a7da76b369226cd8aa917eeabd60
backend_ps.py,third-party/vendor source; depend on library instead of mining copy,1484,True,30,fcc69be32b55a39cb9c76c0b911c139e2bd01d97b951007fd747e0ca68f51084
backend_qt.py,third-party/vendor source; depend on library instead of mining copy,1196,True,5,dc6df46ce5617022c025b28cf7e8a078b2516b6e0cc9ac5303c91d96c2f6ba74
backend_qt5.py,third-party/vendor source; depend on library instead of mining copy,29,True,0,9337e8a3692c106b225806b62c6b596332af7f3a89256c863a886885c440bb58
backend_qt5agg.py,third-party/vendor source; depend on library instead of mining copy,15,True,0,561ec7f24a961f85fc6b7557d976765737bdb2bc096af90d1c0671749533fdb9
backend_qt5cairo.py,third-party/vendor source; depend on library instead of mining copy,12,True,0,1a8d98d065645e1d7187ac78176e79fdee576f0c30b3e3a20f515cd3cd3913bf
backend_qtagg.py,third-party/vendor source; depend on library instead of mining copy,87,True,2,6633eda79c11ead6468db9e03d745d5576118623cfadce42d2ad839ad7519296
backend_qtcairo.py,third-party/vendor source; depend on library instead of mining copy,47,True,0,7b74941b9d151aaa3af1e4bff1e6d309540f6b801ac4bc6ea35262597e132168
backend_svg.py,third-party/vendor source; depend on library instead of mining copy,1396,True,56,c489775b9891f18bfb31b706e72406da267a9b52033a5d1fd60e59230c48d565
backend_template.py,third-party/vendor source; depend on library instead of mining copy,214,True,1,aa15af5c688f78eda3bc7eb52f73424582d17a8fbe778589ad061a9c86849a21
backend_tkagg.py,third-party/vendor source; depend on library instead of mining copy,21,True,0,cfd801d7a7ead9df8350da5b7920c32d669899cd09cf7703a8d9412a19d08347
backend_tkcairo.py,third-party/vendor source; depend on library instead of mining copy,27,True,2,25a1865e1f18e45c1566d82bc88b9c37de353a57ff3e7e9fe117bb56ec65d7e7
backend_tools.py,third-party/vendor source; depend on library instead of mining copy,1002,True,2,0af4522c66044d002cf2bca8278822cde24e8fb40bcdb58f7d2953d7b01c8876
backend_webagg.py,third-party/vendor source; depend on library instead of mining copy,327,True,0,8d0841f49039b57711c26ebfeea941836f90f3fcbee619efd8850d04fa4249b0
backend_webagg_core.py,third-party/vendor source; depend on library instead of mining copy,556,True,7,df134d10d9eef59a97950f539d96174a406ff342f229746149d0869b277b8712
backend_wx.py,third-party/vendor source; depend on library instead of mining copy,1383,True,19,2336bf1fefcbb3207b24e08545b2c6e9faf6843490a782b5144fcdf31389826e
backend_wxagg.py,third-party/vendor source; depend on library instead of mining copy,46,True,0,b737306325b7e23e0b3df1e6f6e86e1f07a9c1921cb298b7cbca0f0bc14991d9
backend_wxcairo.py,third-party/vendor source; depend on library instead of mining copy,24,True,0,4cafa6dd2d1cd568a97ca13622920f35e1388685cf8df32f9d60331e9097a45b
bar.py,third-party/vendor source; depend on library instead of mining copy,94,True,0,95d6d51cecca24e9df95536ebf5c52ee0e9d2d7d84df03275e474f6e9cc94dcb
base.py,not a useful math/solver mining target,250,False,0,b5aed4e87bfc4cad72da6fc8cba3c01b047528c8310970365cf0fac3526e8a24
basePen.py,third-party/vendor source; depend on library instead of mining copy,476,True,35,7881922ab2a6eb0e0b2c7b86e97268419dde39bb68295e4fe9a178813e2c93b5
base_command.py,third-party/vendor source; depend on library instead of mining copy,256,True,0,e8e5bbe4f486ce41fc173efad56677392cf54ecb8edfeb2e73a89aa7eb108d33
baseline_extractors (copy).py,not a useful math/solver mining target,121,False,3,2120d074adb680bad52ac2d984a7feabe1834e1b9aa01ca498c855d4d66b9c8a
bazaar.py,third-party/vendor source; depend on library instead of mining copy,131,True,0,dd6d5e1e3918c76bdce9ba1e6f634187823fae51805ccfafaf37cd84b9b54718
bbcode.py,not a useful math/solver mining target,109,False,0,af56fbc33593268b800c32e1f99d758918b8890c43d09289d6a1e5ea6398c6c0
before.py,not a useful math/solver mining target,47,False,0,748644f609814df7e2b1fc0d90ad05d7117018f578d6ee462bbd146383e2e4a7
before_sleep.py,not a useful math/solver mining target,72,False,0,626a6037d63b1c6947f7b536e2fbeafd859be5d79a2b8fc36e20fc66e166cbe1
benchmark.py,third-party/vendor source; depend on library instead of mining copy,55,True,0,c1ab0f2667fcabd93d5078e91c2842dd640019b040c8737d3ef2735ef582d05c
bezier.py,third-party/vendor source; depend on library instead of mining copy,691,True,97,63c35b802a45c7147a3c62683f28066c0fc85ec6322f02257ef2c001f8b8a54e
bezierTools.py,third-party/vendor source; depend on library instead of mining copy,1501,True,95,db1be7b0a6e8519f8b9f56db889936dfdd9fa21def461ba59a9a9a5a5d5afa54
big5freq.py,third-party/vendor source; depend on library instead of mining copy,387,True,0,96d71f3fedcf8e53470a8a397b86bb0b8cfed838414d745f63a8db31b07b3f7d
big5prober.py,third-party/vendor source; depend on library instead of mining copy,48,True,0,94f31fc025fabf601a3e0bc587f7125997202c36d68850872d9fe9f5143dbb11
bindings.py,third-party/vendor source; depend on library instead of mining copy,520,True,0,e1793ae2a2243c1b74f40e6af9120552e0e135cf665e29556a99bb5a7627cd1c
bitwise_ops.py,third-party/vendor source; depend on library instead of mining copy,132,True,8,f9fde6c9e248b548e83b40895c1c080f0620e2160286c0cd2bbad256970ca4c5
bokeh_renderer.py,third-party/vendor source; depend on library instead of mining copy,340,True,14,bd241cabfdf32105a3d44f2aa0cda3dec23b5e504525c6a6f5ac6e85f6657b82
bokeh_util.py,third-party/vendor source; depend on library instead of mining copy,75,True,0,c1cf92ddec015185b222412ff639211724887ab8232d09786745045671341e10
boundary.py,not a useful math/solver mining target,48,False,1,dbbc4292a4567dd5acbcf3e4c8a46ca1d8699875ec99007c6df1acfc99b1560a
boundsPen.py,third-party/vendor source; depend on library instead of mining copy,99,True,0,c04de8c0e400f037e11fecc1182de526f9d5c29fa8c88b74299ac4a976e64bd2
box.py,third-party/vendor source; depend on library instead of mining copy,475,True,0,9266af05cfdd9fbdcbfe0ffcbf1592c18243daecc15ce5054ed24e7e96dccdc3
branch_grammar_state_completeness_attack_v47.py,not a useful math/solver mining target,25,False,2,7a05de5b61effaa809bf9ea11380a0bf7df1e2912fbe07ab0f547c2e02226a9a
bridge_dependency_gate_attack_v56.py,not a useful math/solver mining target,33,False,3,c3f204214ad7727697b6a4ca0fa18355727f361ae7b1e022c1f0c597139fb4eb
build.py,third-party/vendor source; depend on library instead of mining copy,80,True,0,834ae5453d47a9516fee923363430df2986a66112e27460ed92fa66ae5b87eb0
build_deterministic_zip.py,not a useful math/solver mining target,8,False,4,a63a427ea57b5226ce964901d905363b0be0b1239696cad3e25de768453fce79
build_document_inventory.py,test/build/verification/plot/control/package utility,89,False,37,930bd2ebd34ba56e7c070f49b714a0cd8333f8ecc7dacafe8779b9e26dbeea02
build_document_inventory_resume.py,test/build/verification/plot/control/package utility,103,False,38,2b54c76f70bc847eaf79ab6f02d2e511473aa1f25be46e99db0685c2d74054c1
build_env.py,third-party/vendor source; depend on library instead of mining copy,607,True,1,5e980e2254d02e0cf73ef0d3da7ee3d8dcd7feb54564b0881bbb7b6f675d85c3
build_notebook.py,not a useful math/solver mining target,19,False,9,eec395bb07794ed63d5a041c1cef39d07e7c98320647b84ae5da94655ee186f8
build_package.py,test/build/verification/plot/control/package utility,15,False,6,c2a1d22cd7039d6d33ac1500a5a6d24a07d765641c2592a0d77eae90bf76afc4
build_tracker.py,third-party/vendor source; depend on library instead of mining copy,141,True,8,5b76f972690c58f684e902307f3b136b2268efe3a5c451d60f17cfb9ac7529c1
builder.py,third-party/vendor source; depend on library instead of mining copy,685,True,2,5c28523800166e9fa442a437b6ca44c04931974b871352371d102ae69f523ab9
bus.py,not a useful math/solver mining target,62,False,0,1aa9279cf17a53784706826479192185701d1e4633390f89ce53fb421ba208a9
cache.py,third-party/vendor source; depend on library instead of mining copy,292,True,2,9cc878f18bf7caed474b5c8276c728baee81e81e7360159d57a6e1aacee02fe1
cairoPen.py,third-party/vendor source; depend on library instead of mining copy,27,True,0,c2eb8e275a900d2b7f2b7cec70cda7ba44721d94d9330333cc25c28ab7eafea4
candidate.py,not a useful math/solver mining target,59,False,0,cace669cc52374005feb63ce875bb99e4f5ff96998e8bcbf7ba8be6f3173a8ac
candidates.py,third-party/vendor source; depend on library instead of mining copy,592,True,0,e7400dec17c1fa909f1266ca365159497b5d0b40bc9acd70689ac5d9aae49d01
capi_maps.py,third-party/vendor source; depend on library instead of mining copy,812,True,3,3cab905335d8a7af56eba8dc274c92bb05b3a849cf8176f7eed1e97ba694f6c7
category.py,third-party/vendor source; depend on library instead of mining copy,236,True,9,52c67cadb003007f7a61fa630fe3750cb4dc4bf710c25b332084366516a25a6e
cb_rules.py,third-party/vendor source; depend on library instead of mining copy,650,True,2,008ce50f611508264a333f904c38082c25dc5cadad30cc579972671fe850249a
cbook.py,third-party/vendor source; depend on library instead of mining copy,2550,True,169,a61f98353ad778da526867fd6417bc18b300bb5a1d8d39d00476e4144113af11
cells.py,third-party/vendor source; depend on library instead of mining copy,175,True,1,2ab4248f9f8b821082a492d23502320198e775ce1b9c4a8e1268b962e67d5026
certifier (another copy).py,not a useful math/solver mining target,142,False,9,e8d5281c809f1bbdfc303f344b56e65b1056effa322972cb2c7b18274701e24a
certifier (copy).py,not a useful math/solver mining target,142,False,9,e8d5281c809f1bbdfc303f344b56e65b1056effa322972cb2c7b18274701e24a
certifier.py,not a useful math/solver mining target,142,False,9,e8d5281c809f1bbdfc303f344b56e65b1056effa322972cb2c7b18274701e24a
certify_schedule_margin.py,not a useful math/solver mining target,71,False,4,e7a36aaf2c1e4c9af3b2b9bc29a2d8317c312b7336d4664368d76acfcf7e54e5
certs.py,third-party/vendor source; depend on library instead of mining copy,18,True,0,9070e590afdb7ae1d778c3dce63b5adb0825f2074a7945ade5fda74c356bbedf
cff.py,third-party/vendor source; depend on library instead of mining copy,185,True,0,aea31124e957e4569c5752d6f1a0e554e82580433ced390c03d6ddb187a76ac9
cfuncs.py,third-party/vendor source; depend on library instead of mining copy,1580,True,13,c6f0e44d6644416fe5a182b860541e2e1eee3f586413df14f39edb40e71097e0
chardetect.py,third-party/vendor source; depend on library instead of mining copy,113,True,0,ce26cc560e51a4a6fe304f7fec4606e1933649fd3b347710cd9d7653ead8261a
chardistribution.py,third-party/vendor source; depend on library instead of mining copy,262,True,0,d7707c5d41b8a170ee2dd5ef7db216c0b15e47e654db502a4d2d7371d38df1b5
charsetgroupprober.py,third-party/vendor source; depend on library instead of mining copy,107,True,0,50a2b749a2190763c274a4884b4827bccb4b47d2495fad8cf9f649bb73a55b28
charsetprober.py,third-party/vendor source; depend on library instead of mining copy,148,True,0,2f7b7cff020ea2ff1e9bebd958e71b91db2bc1ee3737afe0a8d879a47ed63dde
chebyshev.py,third-party/vendor source; depend on library instead of mining copy,2054,True,301,7689f5b2d3f2413a150889711e988287bc2db7a66cca655acb2d12c56349667d
check.py,third-party/vendor source; depend on library instead of mining copy,67,True,0,85514141ecd0df38f813276859b1508ff69f3d4a6932deebf493c0958db653a6
check_docs_front_matter.py,not a useful math/solver mining target,65,False,3,86cee990d6db160b3587dcf1cfe64b056f19656f027fc8037ffc6da2000e7b63
check_executed_notebook.py,not a useful math/solver mining target,20,False,3,4e19349f106a0eae4d10df59c19750e0d0b6b1c0a752169c784ef4be6abfb51a
check_precarrier_lattice.py,not a useful math/solver mining target,130,False,11,e07e40e069886176e64b1f744a04caa423791aeeb382539f9c87fcf7eeb1006b
check_source_coverage.py,not a useful math/solver mining target,21,False,2,cf725fb26dbc68ab087aaa15901e9ef6af818589939a4b67f65e817a50f80bfe
check_summary.py,not a useful math/solver mining target,26,False,1,84c16545d816997d30a992799dda1e805d89303b87245fd115b5a6bd16832b2a
checkpointing.py,test/build/verification/plot/control/package utility,61,False,0,66277beb9f30c8a6da51c80ca0bd554ba036338cf8238556fcd7f1467241ae94
chunk.py,third-party/vendor source; depend on library instead of mining copy,96,True,4,f278c342a969b83db646369a0b203be455d0b124036398591894abc45a6f1865
claim_check.py,not a useful math/solver mining target,12,False,1,932557f921d7127451b4ba704822b9031602766a6409ec5a385ab2a54d2e84a6
classifyTools.py,third-party/vendor source; depend on library instead of mining copy,171,True,0,cdc83710ce0639eac15bd734eb796368b96581e799efbd84a45663a7d09d80b2
cli (3rd copy).py,not a useful math/solver mining target,22,False,3,3eae8afcf307e73d4888290de8d5a0790e33f56dd91cd175e9c9c6d5bbe2aa88
cli (4th copy).py,not a useful math/solver mining target,106,False,5,ab1890f67feda2b050e1686aa21f8901fc4988c0bc13b09c83676ede6dce9ced
cli (another copy).py,not a useful math/solver mining target,22,False,0,c60de90eb0ed9aa5435401892da1ddb17e3a85d5261897f83b1d712c44cefd79
cli (copy).py,not a useful math/solver mining target,22,False,0,c60de90eb0ed9aa5435401892da1ddb17e3a85d5261897f83b1d712c44cefd79
cli.py,third-party/vendor source; depend on library instead of mining copy,2,True,0,965bcb602925d36c7a90b5950c646134ae7d7618541a04e4810dceae729fdae4
cliTools.py,third-party/vendor source; depend on library instead of mining copy,54,True,1,a82ce724c2c242edd91d00ffe1cb549ebdd391f0147641a5f94bb1654ae9a72d
cm.py,third-party/vendor source; depend on library instead of mining copy,242,True,0,5198fc377caf46ac1b2fc92a624764ca3a4b3f9da758b151235ec581b7aaa051
cmap.py,third-party/vendor source; depend on library instead of mining copy,174,True,0,1e9b61c551f9940ed57a027cc87a018ddf6fac5055ed40793a49ca198a71598f
cmdline.py,not a useful math/solver mining target,669,False,0,6f2c58269f609e355eca1465677513320a3f2e191787569fbcdf30241b4071cf
cmdoptions.py,third-party/vendor source; depend on library instead of mining copy,1268,True,6,85f03d076f4d9eadaf60c5a115583b11c5a37657dd3c13d4e16c164f62e4ab80
cocoaPen.py,third-party/vendor source; depend on library instead of mining copy,27,True,0,209450700c51b9539343dd1b07f0608e79b3ee9c7f493e6e2c5f425be63428f6
codec.py,third-party/vendor source; depend on library instead of mining copy,123,True,0,33648658dedcb3fe81df6426293c9337ac50199798420436c225f7fc347a9681
codecs.py,third-party/vendor source; depend on library instead of mining copy,136,True,0,bb9d2bbb0cfd7dc46cad4ad11a9475ec2af9e4ebe7d5fbc21c22ab12556e9831
codingstatemachine.py,third-party/vendor source; depend on library instead of mining copy,91,True,0,2bb93af6cc378d8e439935e8489415b14b452102983d054e48926106e1afff21
codingstatemachinedict.py,third-party/vendor source; depend on library instead of mining copy,20,True,0,d066371e2daa219bc3ace389dc0b6aa6933546c631affeba111e041e3b8c88c7
collections.py,third-party/vendor source; depend on library instead of mining copy,2705,True,207,4d05bab88613758c8abf0f7c6e01ffd595d676c7ec0bc891897a37bd66141bfc
collections_abc.py,not a useful math/solver mining target,7,False,0,bb2f31519f8d0c4c3dd7ab6e8145e6f0783008688c3b47fe45c767a647d77ceb
collector.py,third-party/vendor source; depend on library instead of mining copy,489,True,0,47b19cc7fe0612848423e89acdf0195443c6dcba7a99b653e256c00fa36301cd
color.py,third-party/vendor source; depend on library instead of mining copy,45,True,0,8abb414e529601cd8542f63cb48dff86454291f286c5352abb717b5c535bf987
color_triplet.py,third-party/vendor source; depend on library instead of mining copy,39,True,0,de585091d25bbd63e82c33be0276089805a626f579765818342559f7b39168de
colorbar.py,third-party/vendor source; depend on library instead of mining copy,1586,True,101,0a7f24bbeb1255cc2b8a6e4b8ade14649397a21a334e70017c820939f124ad93
colorizer.py,third-party/vendor source; depend on library instead of mining copy,908,True,54,8d884149b29db968c7a314df4538f9e7662ba301ba81f14ba359876c19e0c769
colors.py,third-party/vendor source; depend on library instead of mining copy,4274,True,305,f7c064854cccdc4146f0b3edd8380a83dabaf28b57de0055a60ad5617ee85c4d
columns.py,third-party/vendor source; depend on library instead of mining copy,188,True,0,1d45f429c326f5db0a362d757d36e233f876883b65f3248269573195a944ceaf
command_context.py,third-party/vendor source; depend on library instead of mining copy,29,True,0,926bb711665b7c17a06b5a036a69c625303f51a7a384840db8c8f609598c5eed
common.py,third-party/vendor source; depend on library instead of mining copy,571,True,15,4ac100cd7449ab60f71dd180e5744ffb0c36698d9cb42a52e446ee0da8252b52
common_rules.py,third-party/vendor source; depend on library instead of mining copy,146,True,2,4c63644e918d20864d9d7f848f966304725891c6a230afe4feb9faf4f7e1c89d
commutator_service.py,not a useful math/solver mining target,48,False,0,ffca144b874ff891d7e29908a9f3768c77a1b9f63c4484ba0b5ffc61dbd8e942
compare.py,third-party/vendor source; depend on library instead of mining copy,539,True,10,5e8868d735d4156f5fd66311e364fd8886e4a6b0730e160aa8e12ff711c68438
comparisons.py,third-party/vendor source; depend on library instead of mining copy,317,True,58,ad95d91ea062a5fd77b663a51fb4950a70e3a101ac9284e89c3c585a7e9659b2
compat.py,third-party/vendor source; depend on library instead of mining copy,86,True,0,0bd2c75c900a930007f079f79cf933f4460adeba8f05e3bf21790e1b6cf3b1d4
compatibility_tags.py,third-party/vendor source; depend on library instead of mining copy,202,True,0,0e23522eaa6eaee5d46a6190c0e2765990720c62d319a5e2f4ef977fc7ce8b7e
completion.py,third-party/vendor source; depend on library instead of mining copy,137,True,0,2e3bd1219e905220d724bdc838c15e0fefc9f7b1df8cc1a0124d23dad586bb55
composer.py,not a useful math/solver mining target,93,False,9,72b5b732c7d69fd30e6f851076a819f7a787e3759294e782b5b8ddda70c18a33
configTools.py,third-party/vendor source; depend on library instead of mining copy,352,True,0,b4379d7bfabc87cd70ea60e1d77dbf1795b37d693098318017c9f08f774756eb
configuration.py,third-party/vendor source; depend on library instead of mining copy,397,True,0,5b1c304b063f066e90cc381fdf606cba31323bc76045e75e802a606d47c3bccf
conftest.py,test/build/verification/plot/control/package utility,39,False,2,d4c416624e275c1dc805bc1f0dd417326f65443dd2948e8993666d26a7866428
connection.py,third-party/vendor source; depend on library instead of mining copy,573,True,1,b6d200f74f41adb4d4cf092a11efd3cd9561e0938e8fb83ad58b1e8b69abc068
connectionpool.py,third-party/vendor source; depend on library instead of mining copy,1141,True,0,7b67a203035b14d08ac63e1bc0328d2bec3b1c8752cf73a633153f4c8b7e7af4
console.py,third-party/vendor source; depend on library instead of mining copy,71,True,0,01a8035aac1e6b6c8159fd74282f69b4180ca4c8f12a9f3200102687e3503959
constrain.py,third-party/vendor source; depend on library instead of mining copy,38,True,0,d5520fb82f0082d296adc9dc42b8c1758a80dc9556cacbba8d9a35aeb87b73b4
constructors.py,third-party/vendor source; depend on library instead of mining copy,569,True,0,47eea7f22ae39da6b60cc317951e18328b97cf2905065cd416384e67535c5148
container.py,third-party/vendor source; depend on library instead of mining copy,256,True,3,51ec7d58698dc5a06ef339c9e0895832b105d0f3a613bb809c25a949ede446e4
containers.py,third-party/vendor source; depend on library instead of mining copy,168,True,0,73fe7a4f171e74662a0dea4704c4ee65d5088a38ad010827a31f9075ed19d6aa
contour.py,third-party/vendor source; depend on library instead of mining copy,1748,True,112,475af6fab1e0cd78be40f4353afaa7668bce5b61d951530a91736528a74d92c8
control.py,third-party/vendor source; depend on library instead of mining copy,220,True,0,1144d25052d06f163a666a3fb1d33ee4bb37db7bc81d305f37c4cfba5a9e1d46
control_server.py,test/build/verification/plot/control/package utility,297,False,18,e046862e1d99fff5415e48d8bd3306db5958aaca0054c8845ac6f9da6408ed45
controller.py,third-party/vendor source; depend on library instead of mining copy,512,True,1,c416ae0bebd44aee46b09b310f8f96f8968aaaa6c1cf430de99bfc3c0d8df212
controls.py,not a useful math/solver mining target,129,False,11,c01f3b18c14a8a345f7053d25885de6da532e3fe9afb587267fe33ab4ef60f80
convert.py,third-party/vendor source; depend on library instead of mining copy,622,True,5,9a1ca7ee9ac4a160a77f48a0687f95a83c2593e09e805b19e2a3b2d8b2fe8695
converters.py,third-party/vendor source; depend on library instead of mining copy,408,True,0,62704aafc926ca3c0b72af0b743e3ab9b18e8322fd3f1b7d6af96f667f5a9ca2
cookies.py,third-party/vendor source; depend on library instead of mining copy,562,True,0,6cd8be8aa123e0d3d9d34fa86feac7bf392f39bccdde5129830de0ea9692dd7c
core.py,third-party/vendor source; depend on library instead of mining copy,28,True,0,a601f87cbcbe21b2df7b6292853938fe7f5faefcac3f0d260c2a9389f472da37
core_engine.py,not a useful math/solver mining target,515,False,6,9aa78d7b3468d1b3a3e8a0e4e88b03f78ad9847c5689b9b40fd56a8118ec9865
cp949prober.py,third-party/vendor source; depend on library instead of mining copy,50,True,0,d2329157b7c40ae588d7aacd9e4b3464408a03589960220468ff00d59be35122
crackfortran.py,third-party/vendor source; depend on library instead of mining copy,3728,True,19,a5ac64c74111262a521bc359963dc4907200d9dce0e3beaa31dcc0620136b822
create_inverse_word_notebook.py,not a useful math/solver mining target,44,False,22,4e7f892403997e1581b4ddef9997c95e67c5f55009aba2cf91c8b36aae36f1af
create_notebook.py,test/build/verification/plot/control/package utility,17,False,12,54a99057eaca9682348cbe03935a5410997c2f1edc4e4a9dba10a74716df0e96
criterion.py,third-party/vendor source; depend on library instead of mining copy,49,True,0,95c9991afe6c2873a7143fd1cd9c2f9464a3d7d31e03ee6b08ca5d7f64a0c3b6
crossing.py,not a useful math/solver mining target,55,False,6,c7a781cd951c0d2960c7f89866ef24d677101d2a4a4935cf9232cfe372887b66
csv_repository.py,not a useful math/solver mining target,36,False,3,64b019a6f8a9d9c11cc450d946a3895ec64ae190e4626d8ad60db62153d1c9a2
cu2qu.py,third-party/vendor source; depend on library instead of mining copy,570,True,20,c83b894475306d2e84ce10e7e94157f79ce207479bbc4cf2b1d67bdaa1e0f28d
cu2quPen.py,third-party/vendor source; depend on library instead of mining copy,326,True,21,80c530154b26ffe5b30650e34cc42236712e23685ea2619e389057f35cd85cfa
cversions.py,third-party/vendor source; depend on library instead of mining copy,14,True,2,1ff88d229c7dfa1635710371aa34f677fe525d98496cca3f71aab8feae8b07b2
cvt_pyparsing_pep8_names.py,third-party/vendor source; depend on library instead of mining copy,143,True,2,1fc0281dd62ceeb53c6b4451178ce3bab8c6ff167ca4e2d5061022d3e16054e6
cython.py,third-party/vendor source; depend on library instead of mining copy,28,True,0,7b22dc2f6070f92493a18ae8f1fe3876491846541f8856e17336b469f4bea871
data.py,third-party/vendor source; depend on library instead of mining copy,79,True,25,fbb49218c2d7fe037ed47d89ce9352101fc470417fb8cb5874ea3f78f448720f
database.py,third-party/vendor source; depend on library instead of mining copy,1360,True,5,d15f50becd15af16b617ffa12d68ad2325724627c9d290b1c8e23e904381c2c0
dates.py,third-party/vendor source; depend on library instead of mining copy,1845,True,64,fb8d673fbc57c2499f2dd138c87c6c9520a59b38b60b01a6d59d5eb6540ef233
datetime.py,third-party/vendor source; depend on library instead of mining copy,29,True,0,92e24e7f5996f06e6d44537a8d66ab75d752fbda92691e7794ad639b1dcd4d96
debug.py,third-party/vendor source; depend on library instead of mining copy,204,True,1,ffc22a33c171d7f958d924eefeab29afadedb9f17bcf21490b26005edc73d0de
dechunk.py,third-party/vendor source; depend on library instead of mining copy,208,True,4,12014bea1c391f9e1c72ea1fe2d2767a176792d4fbb6b8198e266aa69b07f102
decorators.py,third-party/vendor source; depend on library instead of mining copy,477,True,0,c30444c2dd126b38c2acefe1c6b127f02e27157eadb0e7de1dd1dac0e136e3db
deep_wide_sweep.py,not a useful math/solver mining target,738,False,98,784cbcded781c4aa0093b0ef5a6e76423f101369808921679e05684a6e125017
default_styles.py,third-party/vendor source; depend on library instead of mining copy,194,True,0,921405aaa6a80ecddba6b32a5a91f0f273b95291b60cde90b6e4dde8bcd9c187
defchararray.py,third-party/vendor source; depend on library instead of mining copy,1430,True,97,a174cd2354ef6fd8851d51c6f5b43f3fc836a344d1a37fa9600060387858d395
defmatrix.py,third-party/vendor source; depend on library instead of mining copy,1118,True,256,8ce552b26458ede8773335bba3835e1c6793f28d5c83ef29dcaa535a8f645c53
dependency_groups.py,not a useful math/solver mining target,303,False,0,5d92005452bdb871b84421a9ae6267dd522751631eb3185afe4cad26e30ef5e6
deprecation.py,third-party/vendor source; depend on library instead of mining copy,534,True,2,364d069a9bcdf2b10f2f641220717baaa4e5c9b8e25fbe150cd9895f2f8542d2
diagnose.py,third-party/vendor source; depend on library instead of mining copy,58,True,6,dd4233884349083f2f9daa6386996ca927736697ee01fa3bb69edcc79cb6f2a8
dictTools.py,third-party/vendor source; depend on library instead of mining copy,84,True,0,5718daaec189ba4ff06b7cf6f45482b4a64d0857d7b4c062344bb444f025a439
diff.py,third-party/vendor source; depend on library instead of mining copy,295,True,0,4b0fd07726244c98a5cc3690328e628c22155de2396c370dcd466b07b7b6534a
direct_url.py,third-party/vendor source; depend on library instead of mining copy,326,True,0,78a99b0e23cfd6c2d5e0c8ff902499aaa927ac8c953bd4abec9a45f0a0a3a785
direct_url_helpers.py,third-party/vendor source; depend on library instead of mining copy,88,True,0,b6d2afe06314aa54703cfa20f7f094a29cba483828c5520bcde049ce07e7dad8
distro.py,third-party/vendor source; depend on library instead of mining copy,1404,True,25,5ea6de7da7008434f8cebfedae76c0d79798f2f74ae064e08609af506ac433fe
download.py,third-party/vendor source; depend on library instead of mining copy,147,True,0,2d4355a1bbaf09d6a08cb06e3c16b11de0621c48887b4ddf4ceda6e9a842f2ac
dtype.py,third-party/vendor source; depend on library instead of mining copy,58,True,24,603b9801bd282a825cf5e3a7289ba83df2db20a3a011d134e3f098c514b85392
dtypes.py,third-party/vendor source; depend on library instead of mining copy,87,True,15,29ba7455e6125e2986d6e1149cd4ae9d699b208ad23edf1cd7482fdac29bda4a
dviread.py,third-party/vendor source; depend on library instead of mining copy,1385,True,30,7a4edf2b62bd454c61ba56368db70de12056c2be9caf13e98bdfaa474af97571
easter.py,third-party/vendor source; depend on library instead of mining copy,90,True,0,772062fa52af8a61f5bbf93aa7b6742492bbd9086a56d541b2a072be910f2af7
echo.py,not a useful math/solver mining target,54,False,2,f753b626b5250147c0e7c6c10adbf7fc27bee1aa5f4e4b9891a3fadbe7335e1b
editable_legacy.py,third-party/vendor source; depend on library instead of mining copy,47,True,0,61e47429a7565f0fd985e0b536d006d6a5481243a04461dcdb7c7e62d196ecd5
eexec.py,third-party/vendor source; depend on library instead of mining copy,120,True,0,18d9f638246f3b51db6c87833f193d8b48253bb72ec7f0106a854c5e1051f32f
egg_link.py,third-party/vendor source; depend on library instead of mining copy,82,True,0,6167ecadb99f72b7d682a418cba3ae223b326fd21f2f5abfdafe33b26b355a32
einsumfunc.py,third-party/vendor source; depend on library instead of mining copy,1648,True,148,4b4fc2d54ebe6b533f680fde2fa468d30449c2d44afc73041b6debb6e302dedf
emission.py,not a useful math/solver mining target,67,False,0,71c62a7b6b4a9e70ad5df799135cab9401b7d6dd1a79e0376426b5e8a43bb066
emitters.py,not a useful math/solver mining target,60,False,0,bcf32faffa34f60a5425b93ccf7d913f1082142d8a9e786a593a08ed027cc143
emoji.py,third-party/vendor source; depend on library instead of mining copy,92,True,0,59de1b42e6d9752cbaf8fcab45036e307b67d959258caf6e3d93d596ed9c9b1d
encoding.py,not a useful math/solver mining target,37,False,0,aaab170ed8b03088d730488855268e8f01f96268ab09a2be748cdbebe5c9b0bd
encodingTools.py,third-party/vendor source; depend on library instead of mining copy,73,True,0,842bf93c57e75d025509903c5b29f5bebdefccb05b52e10fb469390b358cf516
engine.py,not a useful math/solver mining target,120,False,2,d0bd89372d487401bd0e3eee81a9ee8df77bc4fb74551d35f3532dc010eed9cd
engram.py,not a useful math/solver mining target,84,False,0,16b8f159a1fd540d3136a2b4c6c84e23355fcd87ad17390296c502532544f6a8
engram_io.py,not a useful math/solver mining target,441,False,42,ae2e5381f4ba70cb5552f8c54015bb5d198b2eb91885c347edf1d3b70df4e08f
entrypoints.py,third-party/vendor source; depend on library instead of mining copy,89,True,0,b8f8c0c9284a39b768b63423254ce9ad0eabdf142f0c86705187c71ea67b0e89
enumTools.py,third-party/vendor source; depend on library instead of mining copy,24,True,0,610656f9dd844bd28516401739430805b45493abffdc14fa43b957135b9f8710
enum_util.py,third-party/vendor source; depend on library instead of mining copy,58,True,0,a3c308b4946cd3ca2acf03cfdc8c02ef9041018f50abde6c688ce3917057c2a0
enums.py,third-party/vendor source; depend on library instead of mining copy,86,True,0,4f3102899a0228d32a83053be9c3c278a58506a696bc074b31ebf9fdb0a4858f
error.py,third-party/vendor source; depend on library instead of mining copy,23,True,0,073ff9b4d70d55c63bfe7ac098595036142576da9959df165064361373d6859a
errors.py,third-party/vendor source; depend on library instead of mining copy,3,True,0,0ac6af8a2471c6ba60557e1b966eca0b22bce79de58f02f8e3190939e0b953b5
escprober.py,third-party/vendor source; depend on library instead of mining copy,103,True,0,2a1a38f17eb9c44d2c705ca521d7898ccd9b71bbd1befd21d1651b316ac90f70
escsm.py,third-party/vendor source; depend on library instead of mining copy,262,True,0,02ac97a40d854050fb93e6ee06dcbfee2b461189219956bc5f4f4d2d1ba5dd03
etree.py,third-party/vendor source; depend on library instead of mining copy,457,True,0,67325ce93bc04b9efd75e02064b543bd363f1de4e6f99b0a279b372d88594926
eucjpprober.py,third-party/vendor source; depend on library instead of mining copy,103,True,0,e4a61a33d7ecc64458cf0d5be64d1f2fe8fff9ecc8c3e8a3f6bf7b6bd307c4b6
euckrfreq.py,third-party/vendor source; depend on library instead of mining copy,197,True,0,de61ee46f5dfb2afd0710cac0d015bf2a4ae76f4e2a25ef50ba21cdb0e7bb4a3
euckrprober.py,third-party/vendor source; depend on library instead of mining copy,48,True,0,862153eb0335ef8188c11bea0ec21cb8e73e743b2adae3ca30a6f257cfb55e77
euctwfreq.py,third-party/vendor source; depend on library instead of mining copy,389,True,0,d9a9482c4d4b8797aa8852598f34643105e894d2511d8e6805077ebe66581453
euctwprober.py,third-party/vendor source; depend on library instead of mining copy,48,True,0,3716e935d06d5345452346ca7c67c39293fb4b6ffcffa1653bcedd547d28830b
events_adapter.py,not a useful math/solver mining target,176,False,6,e8e732c7e0da089da5d5c6613bacae12a2344c18956b17f79ac9bdcc8d81db74
evidence.py,not a useful math/solver mining target,45,False,6,511c30fc86ea8c4cb8390e5b30a1f5f320dcdda33a1cbf301a8693472a8c4358
evt_snapshot.py,not a useful math/solver mining target,123,False,1,98664cf91f7dee7bd2f351c28327e45816ca602c39ce2a8e643ed5d46b47cccd
exact.py,not a useful math/solver mining target,31,False,0,e87e7ea84d4fb47000b78cb7a1970f222a3cd718b0e655dc418c25334aebfb3e
exceptions.py,third-party/vendor source; depend on library instead of mining copy,52,True,0,85a18408089f16356ac13e5eb10d6c122aac6a35ba272762a75ea27873de2f4e
excitationmap.py,not a useful math/solver mining target,75,False,0,72ae19cb7ed2a4dea5b5069b362b7c816fa8611e0e1803f4fedc057d6d5c0d88
execute_notebook.py,not a useful math/solver mining target,12,False,3,4366641ee58cac962172d7c2cec35dae414301037aef27e3e575cb84da36c8ca
experiment.py,not a useful math/solver mining target,101,False,19,8a37adecde7e42b7744511c820ded3cf760219a9ae1588fd40c10becf0a94676
explicitClosingLinePen.py,third-party/vendor source; depend on library instead of mining copy,102,True,0,90a2ad7598b069ff028f8ff2b6b20374607618ca4f3c35e6e4dc1bc395838305
ext.py,third-party/vendor source; depend on library instead of mining copy,171,True,1,92d789bf4de7f6d633779a28df1628a554e8e2f45a031a27050409857a21659a
extbuild.py,third-party/vendor source; depend on library instead of mining copy,248,True,0,a45bbc8e1e26134835cd45a91e03edf2367e2b8178f5e09030ef72b630510557
extending.py,third-party/vendor source; depend on library instead of mining copy,45,True,7,9c60ebc71d04f0bfd8fc28ad63dfe4846213ffe978e382b278d2e011b333b801
extending_distributions.py,third-party/vendor source; depend on library instead of mining copy,68,True,11,7dd78f5de523e3ac972b430ad5cb33c541d088e4e236e36cadb66a3f0e00746b
extras.py,third-party/vendor source; depend on library instead of mining copy,2267,True,329,ffe5314b5364a723057ecf51d1da2ee21e0473eec10a982e03bf6bef70539417
f2py2e.py,third-party/vendor source; depend on library instead of mining copy,756,True,12,e01b3861161235c6f003aa774bff70afd211cf421465311abd5386f626f4d137
f90mod_rules.py,third-party/vendor source; depend on library instead of mining copy,282,True,4,d2c33f315e2722d29635bcaef2838d08225ae5925f9a474cbf6f2f844619ad37
factory.py,third-party/vendor source; depend on library instead of mining copy,857,True,6,f3698bc273e58a0dfb98cac3c1c80a1c94c4f663dccd5b8923179a51bec24346
fallback.py,third-party/vendor source; depend on library instead of mining copy,930,True,0,d20d4fce9d2fb66044989e70f45decffe24c55444ff114b81b571ce5345a02c2
farey_balanced_anchor_kernel.S,not a useful math/solver mining target,67,False,0,0520a10a12a9be89756b7408bdf883036774a2832f43cde455b621ef3ef948c9
farey_balanced_anchor_runner.c,not a useful math/solver mining target,71,False,0,b13492986251679b50faaf42ed4964f62d2729a4c4c62b9625405e6c6027eee6
featureVars.py,third-party/vendor source; depend on library instead of mining copy,704,True,0,929e203e32b2c8646eef2056c607753783a42a753d578e50c225921ece8e59dd
features.py,third-party/vendor source; depend on library instead of mining copy,344,True,0,14f904863b416914aaa6480735876ec31885b7272ee0d8d92b010c5b1b5e98f5
fields.py,third-party/vendor source; depend on library instead of mining copy,275,True,0,92f2c30a0fc9987d652e3514118fc52d2f14858ee106f0cfb951136d8f2676b3
figmpl_directive.py,third-party/vendor source; depend on library instead of mining copy,287,True,1,ae0a0970645f2dda788e23a5c812301bcdf07327f36c555fae5ad20a60c72fd8
figure.py,third-party/vendor source; depend on library instead of mining copy,3810,True,142,b440ab0a5be03cb39b13529a2fec497d2d96deb083e3e56d6220593e3ec567da
figureoptions.py,third-party/vendor source; depend on library instead of mining copy,272,True,0,7e8126d962ce8e27a9854670193dd78cf2774382061c2d8631cc73320ad0439d
file_cache.py,third-party/vendor source; depend on library instead of mining copy,146,True,0,77cba9166cbfcf06829a56d61150652d715d76df19c3c739485a7178e66c75fc
file_proxy.py,third-party/vendor source; depend on library instead of mining copy,58,True,0,4e5f531cc0d9f8f9395a6f2c23580683f5390e1bac9b10fe159d1f51b714d16d
filenames.py,third-party/vendor source; depend on library instead of mining copy,246,True,0,30c08edf18e4d6970373e6daa1b70a77c21da053edf9b706aaef2df075060242
filepost.py,third-party/vendor source; depend on library instead of mining copy,99,True,0,e5bfeaaa04475652fbb8bb5d018073061f861e653901f255b7fd8dd174b73de6
filesize.py,third-party/vendor source; depend on library instead of mining copy,89,True,0,fe2cfd948a5182f5bb30d49e0999cb83e1f0cdb3f81844e0e78dd6a83f1216cd
filesystem.py,third-party/vendor source; depend on library instead of mining copy,204,True,15,989fcf3fccf5575c781cc8727562160f21265a290b5f47fe3573c25c472388ba
filetypes.py,third-party/vendor source; depend on library instead of mining copy,25,True,0,b0431adfca9aaa3bf1d5989ddce0805236b7d4138153e512b9230f06f537ca3a
filewrapper.py,third-party/vendor source; depend on library instead of mining copy,122,True,0,0e1c42feb4a4f9b78a75bb1885fbc1503a2f4075fdaf78071ff8cff7eabf98a9
filter.py,third-party/vendor source; depend on library instead of mining copy,71,True,0,60bb694e7662bb4ee7637a0af677d1e84f58d4504784fe4f5fc82f90959c7da8
filterPen.py,third-party/vendor source; depend on library instead of mining copy,434,True,7,44482ca5769a4af1775d4c2a7b8d1a6dedd7fc4efe59b04fd7722a2d45012c2c
finalize_prediction_evaluation.py,not a useful math/solver mining target,73,False,3,915550602cae0c0f7333ffe3e5191742e3d16d4c374ff037777f8f19e703edfa
fix_commutator_residual_figure.py,test/build/verification/plot/control/package utility,99,False,11,caf02f7f336717ecc015b261200999349822c71e801df059b6e3ca1543f9586d
fixedTools.py,third-party/vendor source; depend on library instead of mining copy,254,True,11,5f2703e50a5a7a3244f8615a14c94b964bba446d22a49a30b9a98c5e316b3234
flatiter.py,third-party/vendor source; depend on library instead of mining copy,27,True,3,e857625daade8a3b3ebbb453e6211630364a1b6f48ec39e5de94ebd313010cee
floating_axes.py,not a useful math/solver mining target,265,False,14,b8562aa392af5f0cd69f5213f070c8ca31b784ad11d380d589f40238c7831d8a
fontBuilder.py,third-party/vendor source; depend on library instead of mining copy,1015,True,22,77d6c168877d2ba28fa51e673f49793aeffc3e9ee1af8811b8b790574366c146
font_manager.py,third-party/vendor source; depend on library instead of mining copy,1854,True,4,c74b56aa853001b159c521a0524bf63c334d45788ce754ccedde788adfc1904c
format.py,third-party/vendor source; depend on library instead of mining copy,25,True,0,9e9274789853eee28d2b96b49423067e226ff91e23c8d86220f7996c970d5c1b
format_control.py,third-party/vendor source; depend on library instead of mining copy,79,True,0,3f07a6606d4bdbb04cd1fd4a3fad6b9b6e304a110d172c6a943d535aedf86a57
formatter.py,third-party/vendor source; depend on library instead of mining copy,130,True,0,29940c9b2a3fc643889101bc83ae8b6049018756f1edad07c8608172f848f44c
found_candidates.py,third-party/vendor source; depend on library instead of mining copy,167,True,0,f1b6580c264b5d274b1f2fecd68e5fe2bd791e62afa85521cc1510385db52ebe
freetypePen.py,third-party/vendor source; depend on library instead of mining copy,463,True,94,1c3fa05c949b80898974173cb08064d07581763bf758a1687ece8f8020ac18e6
freeze.py,third-party/vendor source; depend on library instead of mining copy,108,True,0,7f1a16f0001cf9b02a07f7d774dab656767725f5a414c83e6d1e8b71d0d53bb0
fromnumeric.py,third-party/vendor source; depend on library instead of mining copy,4272,True,622,ed6b3fe56e1921ed140c9d8ddd26393faaaa9304846084ae3ce78146bcabe605
frontier_scout.py,not a useful math/solver mining target,19,False,0,dc69eefa53c0a2d2453ba87e95681897dcb2e4eddd0b9d21c3e77b49a8fd0632
func2subr.py,third-party/vendor source; depend on library instead of mining copy,330,True,2,a68999da32155a64e39fb9a8573afc3695862095192914ce349035245410a3b3
function_base.py,third-party/vendor source; depend on library instead of mining copy,548,True,52,97925f5f2a271088cbff838a149a6312335d8dac80ac0314f0c85a31b442c1b5
gb2312freq.py,third-party/vendor source; depend on library instead of mining copy,285,True,0,e3d3ab757cc3f875eac1abe4aa3a3c67b82fb39f2138d3730e103230434d92f6
gb2312prober.py,third-party/vendor source; depend on library instead of mining copy,48,True,0,28f101b9e6922d2bc1a4578834cbb40fa4e01dc47dd1ee4f6906b089fcc5e28d
generate_example_csvs.py,not a useful math/solver mining target,14,False,3,fb70d61749b6cc89f7e0ba2da8c1a2e177202cf37344f80e6abdd7f118020404
generate_figures.py,test/build/verification/plot/control/package utility,71,False,13,032aa67ef34fbc56579306d26f4903d59c279d74366160eaa92b32257f6c12b1
generate_phase_calculus_tdahe_figures.py,test/build/verification/plot/control/package utility,552,False,117,25cbfbefc5fbe16896817d856725d5605ce2bc0bc6a988a5610b6c789065dca6
geo.py,third-party/vendor source; depend on library instead of mining copy,512,True,124,7de4767726c2ca5864eb17be333c41aff7bc31d6e955cf2d06d090409d15d9ca
geometry.py,third-party/vendor source; depend on library instead of mining copy,144,True,2,dd27324ab47660325aedde4ae7fc4ce58b75fb734257eaf2f2291803957055b2
getlimits.py,third-party/vendor source; depend on library instead of mining copy,450,True,29,ec0927f602302ef9b449f2773151deaab480cb5ad8eff4c8bbba59e489daf106
git.py,third-party/vendor source; depend on library instead of mining copy,572,True,5,4d37aa0eecd2fbf04548db944ad556984da7183a4abaf521041264fc20905d5d
git_filter_repo.py,not a useful math/solver mining target,4977,False,12,67447413e273fc76809289111748870b6f6072f08b17efe94863a92d810b7d94
glibc.py,third-party/vendor source; depend on library instead of mining copy,103,True,0,b0487c44924b612751bd3a803b84c754f3c0f9848354b0f8488f52a3e6f15f55
glifLib.py,third-party/vendor source; depend on library instead of mining copy,2124,True,35,5416f3ebb79c7b9f60feb7bc1b1b445833f7ce1e85aac7f7966157afbcf10e80
gpos.py,third-party/vendor source; depend on library instead of mining copy,440,True,0,86d3a048fef8dc364350a17779601e27e91da8d60e9e919776557eadb1172750
grUtils.py,third-party/vendor source; depend on library instead of mining copy,93,True,0,85c389e6824f39ddae2569d603bab047b01f2f7ed8679cd44fb83ca3904157cd
grid_finder.py,not a useful math/solver mining target,329,False,43,a228830171adf4e51afe0783d58f7359a2e4a24e80059913f993fa905c8b6b02
grid_helper_curvelinear.py,not a useful math/solver mining target,353,False,47,694eb90a78fdbc42729430c5a5ab9820820985a4058350465734ae2bace2eeca
gridspec.py,third-party/vendor source; depend on library instead of mining copy,808,True,24,df8395306765d9b93f98d6b2e867836a9b2b0786cf5b39a26103309c4331afde
groff.py,not a useful math/solver mining target,171,False,1,c72f197f7b573a8e8c5ab5e1ef23c65b1de5544920fc3858e02c66b036f4215a
harness_Tdelta_balanced.c,not a useful math/solver mining target,51,False,0,8a213f37a2930f883aa88122591e75da04633713141cb64f66732335b39c02ef
hash.py,third-party/vendor source; depend on library instead of mining copy,59,True,0,18ef6944ddf05c2da441aa2f2b9ed368b60131cdc896d387f763ba404c3a604d
hashPointPen.py,third-party/vendor source; depend on library instead of mining copy,90,True,7,80496b172428390a7765ba4a1d158fc02eb503d3a04f626cf1cad5503f014006
hashes.py,third-party/vendor source; depend on library instead of mining copy,151,True,0,777d942357a7f27caa67375942fc5455d7de0687b80035b1ec7b6b20ce3e5d0e
hatch.py,third-party/vendor source; depend on library instead of mining copy,244,True,15,d04ee0319685305fef2d88e3506eec3eadfa7b6c36783203b823cb8f8711c80d
head_to_head_eml_sympy_audit.py,not a useful math/solver mining target,59,False,8,80aae3d9d49945d3c968a52c65df42f89ae0d7ac3c0b650737e59f7432b8a8b8
heatmap.py,not a useful math/solver mining target,80,False,0,81bc0afdcf3b806a6c521084d1351b70aa56349f8c46eb9ec6397e914f1023d3
hebrewprober.py,third-party/vendor source; depend on library instead of mining copy,317,True,0,f7a4ff2e3fce996f9f2bb26b487a23623c86ddfb0681bce4a13365799de47d81
help.py,third-party/vendor source; depend on library instead of mining copy,37,True,0,6c08dab6f22157b4c9c9723b5a1b317583b861596149c657bbf911b4700d10fa
helpers.py,third-party/vendor source; depend on library instead of mining copy,1221,True,0,4d6bd4a3c9a7910cf8fe48e32544e5905fc2c2c853c74bd90e43f3776c855bd2
hermite.py,third-party/vendor source; depend on library instead of mining copy,1795,True,332,9fc3c280cf8cb9e3a154161a878a718e838a18109e2592cb487b00d8c7494fe3
hermite_e.py,third-party/vendor source; depend on library instead of mining copy,1693,True,306,6e8a61a907c03f284d6f0c7436d6eccff8d539aaef935c2d5d7c6a0057e80396
heuristics.py,third-party/vendor source; depend on library instead of mining copy,158,True,0,82a31753cc34810b8442249dbb7620fb4bddf645bb9eb58a6cb71aef9ae17861
highlighter.py,third-party/vendor source; depend on library instead of mining copy,233,True,3,1bfb27fbc0ca8ccd6c1232c6fe8738a2f9169a25295af8fc6d78b4c9e7762e76
hook-numpy.py,third-party/vendor source; depend on library instead of mining copy,36,True,11,718e49402d6d0726ad3300413cce136164fb888ee4a6525218620bfb81ea4fb2
hooks.py,third-party/vendor source; depend on library instead of mining copy,34,True,0,0a2bb2b221c0dfd57951f702057148c7cdc8ac3a6ec1f37d45c4d482fdbc7ed4
html.py,not a useful math/solver mining target,990,False,1,3c8cc0ca294da9a4f34923f6b250c6d950cb137a8d8a85b2dab82d492a2f8ae2
hvar.py,third-party/vendor source; depend on library instead of mining copy,114,True,0,d48bcbe419de4e483c8c9622707d1349056207a0f4bc111eb0b7657eaa0b057e
i_kernel_Tdelta_balanced.s,not a useful math/solver mining target,49,False,0,ecc4fcb00a7cbf45449ec0e26f32d7c94746e2a7d4c4ea294b0265a371b8a3c0
idf.py,not a useful math/solver mining target,87,False,1,5815ecf2783be0dc0ce8983aac212f760e0d6f45a04420c1107a298b72284fae
idnadata.py,third-party/vendor source; depend on library instead of mining copy,4310,True,0,486f2385a184e778a20fa078f69b76a704effd4bc295c89613e379e28476a785
iftSparseBitSet.py,third-party/vendor source; depend on library instead of mining copy,312,True,2,9e1a9021ade8f8fe5facc764e179724b310098673b8a0a2e625841491f14eecb
image.py,third-party/vendor source; depend on library instead of mining copy,1854,True,215,56f56b29f9c56fa30d05d6384dc57eb45e1487d847d3cc8acbe71cadae7fb738
img.py,third-party/vendor source; depend on library instead of mining copy,646,True,0,5ca5e6836fd738dad1e26b6ada37c453c5c2b28967dd54864f0f94622128932b
index.py,third-party/vendor source; depend on library instead of mining copy,167,True,0,903a71d8c3ba6714ede4fa5e6388ea72cb156d8873c69929ade0deffa3cf864b
index_command.py,third-party/vendor source; depend on library instead of mining copy,196,True,0,b37c7be65a435d626d0a405a713437a80029ae57473090a7884439aa44341622
index_tricks.py,third-party/vendor source; depend on library instead of mining copy,63,True,42,2047759dd5e6c0f092dc46b332570fec5a9cd1fb28e1227756e93b77f51e7cbd
ingest.py,not a useful math/solver mining target,108,False,1,a6faa01a8741c24357bedcf880689a523b1769cebf6a70d5fc7f0ace0d80aa4b
inhibitionmap.py,not a useful math/solver mining target,75,False,0,bbd240664f4318483a418ae5199c66e66c6720fc86bbdd341b7d24c23af6e728
initialise.py,not a useful math/solver mining target,122,False,0,fa1227cbce82957a37f62c61e624827d421ad9ffe1fdb80a4435bb82ab3e28b5
initialise_test.py,not a useful math/solver mining target,190,False,0,05b3f2f977f21f027accaa33b903af36f419cecc7dbdd6ffd1b6179fb86c0537
inset.py,third-party/vendor source; depend on library instead of mining copy,291,True,8,28efbcdb9db42dc75c09a07af1ddc678575424680db64bf1e9c0c1e0d67483d7
inset_locator.py,not a useful math/solver mining target,525,False,43,57351627f091b71f3eb67534b331739b1a22a574ba8ebdc06ba1782e5c1e1159
inspect.py,third-party/vendor source; depend on library instead of mining copy,93,True,0,a209b8513ecb468f1b210716512d48880db941d0f85472daec968f028743b6d3
install.py,third-party/vendor source; depend on library instead of mining copy,811,True,22,2fa5f5aa2e3d44e553180061c30c438010538a394ea559fa5d20d567b416d4a7
installation_report.py,third-party/vendor source; depend on library instead of mining copy,58,True,0,72a7d627ddd3842c6371a72a496af23820f65ed227d4266b83367102fe45419d
installed.py,third-party/vendor source; depend on library instead of mining copy,34,True,0,92020413fd4dce36712c1482fafe6ceb8b8e15995512ddda3eb8d3b4beb1d976
intTools.py,third-party/vendor source; depend on library instead of mining copy,26,True,0,97aa639385189577322ed7c2d0374e0b944be9427c8a1451d33462628c39c40f
internal_dynamics_audit.py,not a useful math/solver mining target,30,False,3,15c0c426d5363ba556fed948be83ac42efd76c7ffea03eeccd6bc1ce1edac158
interpolatable.py,third-party/vendor source; depend on library instead of mining copy,1210,True,4,58fe79dcd5524a1269f281a4b6c62562bbf47cb0d8da046ce9d3526514a935df
interpolatableHelpers.py,third-party/vendor source; depend on library instead of mining copy,361,True,13,f44654c1c8172de2809ff98f036139982a969295d1101ef56b979fb26cf293da
interpolatablePlot.py,third-party/vendor source; depend on library instead of mining copy,1265,True,2,d7800c72e508ae0408b417de5a500fe85145b66be887dec7c2389c8f5163e4a0
interpolatableTestContourOrder.py,third-party/vendor source; depend on library instead of mining copy,82,True,0,c483e600a2c3abfe70b48f610ed6116e9adf353f418feb9a42692506d87c5e1d
interpolatableTestStartingPoint.py,third-party/vendor source; depend on library instead of mining copy,110,True,20,5ab57857398be9899a2e64e15eb31dfd4f40d5d9734ad57e02a91a98844d876e
interpolate_layout.py,third-party/vendor source; depend on library instead of mining copy,125,True,0,db6563199b95d988807b63297537f4c4f573d71d86f386dc38bd2f39e0691903
intervals.py,not a useful math/solver mining target,64,False,5,c161c02975e9e157cc1b11dd7f4fd3bb57d6c100d490f34e6d6c02809fd43224
intranges.py,third-party/vendor source; depend on library instead of mining copy,58,True,0,6a652d91d8587101bc66bf82a0c33f91545a731922bc2d568313756fadca29d5
introspect.py,third-party/vendor source; depend on library instead of mining copy,95,True,3,e97a1b86c7a928352ff339a83e47d53391206421afeb53f63ca97f6916c49074
irc.py,not a useful math/solver mining target,155,False,0,129fa6f23777be814ee85bf9edc506166cfa25503aec8120ca204ec2fd0de1ad
isatty_test.py,not a useful math/solver mining target,58,False,0,3e0dba2d1a6fd3240307901cfacc605571bb86c035358bdaa45800a597d8cd98
isoparser.py,third-party/vendor source; depend on library instead of mining copy,417,True,2,f05cbdf7d6e709dd5fad274e62e3ab6967c94ed7795bba90e7537036e1ff8573
iterTools.py,third-party/vendor source; depend on library instead of mining copy,13,True,0,d7b1fa2cf66cce9df66d32a8368ae9eae645d4f2a3e3b0406dee501bc8ab523a
iup.py,third-party/vendor source; depend on library instead of mining copy,491,True,2,98aabf1915ae520e324e6c36577da7bb4bf6afe4b3ccdef14bbac86d5d2662e7
jacobian_sheet_custody.py,not a useful math/solver mining target,201,False,26,63b4bb70d04abbb7cc56a96e68ebb8bf7c078ffeff0da74d404d2fb0a431ab25
jisfreq.py,third-party/vendor source; depend on library instead of mining copy,326,True,0,9a6f2d7ebc2a86939ddf0cd9292e0d26a91805055c0df4ccd89890e5a5bddf61
johabfreq.py,third-party/vendor source; depend on library instead of mining copy,2383,True,0,741a4e606df81915fa48bf24fcb6d2f6bc593cc8cb8e8325819d373f3e479aa7
johabprober.py,third-party/vendor source; depend on library instead of mining copy,48,True,0,3b5430f67573467ba7eef669e1464cef0bc94aff56f78d66114f6e0cc9d8dc35
jpcntx.py,third-party/vendor source; depend on library instead of mining copy,239,True,0,ba11eb61690bc44feb1793a41ca2279b41d4b2b8e02871d542fb6ddd472fa2d0
json.py,third-party/vendor source; depend on library instead of mining copy,140,True,0,bd512829d6b0a094630056b23f05e43013cbcbb4524ecf9fe38c124034769c9d
json_io (another copy).py,not a useful math/solver mining target,66,False,3,d62b82debeadb54cd8c7eda5c321d7c4df8549f1c10527e7f7caae79dff79b19
json_io (copy).py,not a useful math/solver mining target,46,False,0,7b15c42f55e2fff753653ab8d82d504b26d65f4dfbbfed3b8f551e0d229ee84c
json_io.py,not a useful math/solver mining target,46,False,0,7b15c42f55e2fff753653ab8d82d504b26d65f4dfbbfed3b8f551e0d229ee84c
json_repository.py,not a useful math/solver mining target,15,False,0,253a42be0cb63844d4b208d3a9342c17aebc2b968b1cd010cf1da21e9d44281e
jupyter.py,third-party/vendor source; depend on library instead of mining copy,102,True,0,432a0aa04ffc21d09baed8921e9f53b1348dc931d8d053b9c2113b8ce4ddf541
kerning.py,third-party/vendor source; depend on library instead of mining copy,142,True,0,a3505e243559fc26593f398e3f044a4ea825626840fc964f8f0ab624b81d4089
labels.py,third-party/vendor source; depend on library instead of mining copy,232,True,0,e003bf2b14dd76a1adacbf67b3b9003e36f409c37ac6c088c5b2b7ec763daf71
laguerre.py,third-party/vendor source; depend on library instead of mining copy,1730,True,303,eef829ae2523aaba2dbc27130623b68f9e8f7547b0e1ad78e770ccdef810ca25
langbulgarianmodel.py,third-party/vendor source; depend on library instead of mining copy,4650,True,0,be66ef6053fc499912c6806f2e416a2a21f5b2399ae62864dcf4e9772ef546be
langgreekmodel.py,third-party/vendor source; depend on library instead of mining copy,4398,True,0,25f07b6eea638c91f6c375ff9989d0afd70903fec4b884c2d9c456d777d48de2
langhebrewmodel.py,third-party/vendor source; depend on library instead of mining copy,4381,True,0,dc75c768b40f34019c5e726390825fa333592d3bd32667f85b90308bacd144a7
langhungarianmodel.py,third-party/vendor source; depend on library instead of mining copy,4650,True,0,5b16de408c64bfc62d02988dab141cbe3fad33272ca08e17cbe7f09031e93ff6
langrussianmodel.py,third-party/vendor source; depend on library instead of mining copy,5726,True,0,b37f796d367cec4493ad908e7605db12367d3f58863f00a5ffcc52b1a73f0cb6
langthaimodel.py,third-party/vendor source; depend on library instead of mining copy,4381,True,0,edb265422b51a539d51800666d2ce71e72703870f2dc89e44efb45531d775902
langturkishmodel.py,third-party/vendor source; depend on library instead of mining copy,4381,True,0,5d8d1e19d4c8cb8790f578352d53d969c6fe501847051f9cab42293d51e8c0a7
languages.py,third-party/vendor source; depend on library instead of mining copy,353,True,0,161bc121d645c5143e753c246ffd2669d44a815042694310cfd239c6a8c4e624
latex.py,not a useful math/solver mining target,522,False,0,146cc9f98a924c4f33fefa163ddcef2d8e53abc8c4ff28231a333a757649f3e9
latin1prober.py,third-party/vendor source; depend on library instead of mining copy,148,True,0,a75e4412615b9905306ca2c2ee53895461c4670706e39b9b1196131aed352798
law.py,not a useful math/solver mining target,72,False,0,41f3080cf347b18165deb27a205c921b4cb685029a66c51dd742282141cfbe71
layout.py,third-party/vendor source; depend on library instead of mining copy,527,True,1,7e430f18f2f111dc68852dec7153385bb2e636d852cfe50fca872c7df7b62aa1
layout_engine.py,third-party/vendor source; depend on library instead of mining copy,310,True,6,9b044d875de6210fb0a63415801681fcb58a3750224135a5760f97f672e65689
lazyTools.py,third-party/vendor source; depend on library instead of mining copy,43,True,0,042e8c985f8ecc9dc6ac10fc4d80d9f9509237850ec74a4dd2bde8178192a22c
lazy_wheel.py,third-party/vendor source; depend on library instead of mining copy,216,True,0,cbd81592c7490928e72df633b3f9b70d8500b65de173f93ec453c305df4380eb
legend.py,third-party/vendor source; depend on library instead of mining copy,1407,True,50,17a0bbd32ace3eb8172160eea55fbb3c1492c659d0f805ecf03126ebcb072a44
legend_handler.py,third-party/vendor source; depend on library instead of mining copy,812,True,22,572d5ecfbf43b149eca2774380e32caa77afc0be018772af8d659611e5d9bfac
legendre.py,third-party/vendor source; depend on library instead of mining copy,1656,True,270,d8ca00bf07de32dafb567b8cf134451c0acd15f20bdb0d5044c72b88829cc9af
lexer.py,third-party/vendor source; depend on library instead of mining copy,288,True,0,7a6c8c3e6468a8d664cf19c9c88e894420ad5eb6c2385a1fc1af4ee800462e2c
lib.rs,not a useful math/solver mining target,862,False,8,7a472856682c8d3a44c42f1d7e2b5fda53dc4c6d6dc04ce6f0e58f0054fd22ab
lib_user_array.py,third-party/vendor source; depend on library instead of mining copy,23,True,14,88f7a448def9fec56130f35928e9452d6d61f0cb3699803eb3277f91e5aeb3fe
lib_utils.py,third-party/vendor source; depend on library instead of mining copy,20,True,6,6e3d6c100e20b267b3a9b61da8a9d5b4acd8fdf6fae30ecf12867036f69a51d0
lib_version.py,third-party/vendor source; depend on library instead of mining copy,19,True,3,1e7b863b1eed400fdb731148277751a0c011d1fa1c931838946a90e20ecb188c
lift.py,not a useful math/solver mining target,106,False,10,882a8d201cea9d2d3abcd3cb75907b4fdba5a2f66aa1c66f38d9c06141d7bd71
lines.py,third-party/vendor source; depend on library instead of mining copy,1731,True,57,a69e8c364b28c7ba45de1e06ec64a6116bd177185691bff08f4ce1093991d1ae
link.py,third-party/vendor source; depend on library instead of mining copy,618,True,0,ced8b9502c75853d377ad62a9ba302a8577bd78725993817f2b4d94fd08a6434
liquid_ai_stub (copy).py,not a useful math/solver mining target,112,False,8,d55ea8baa9cae9f81b3497d975b44a9959a03fce237988428eb58ba565e6c874
liquid_ai_stub.py,not a useful math/solver mining target,205,False,44,e5427fb236265b8ea2b3676ad11b10d3f9e6239880d7fca4199f3602a1771a2f
list.py,third-party/vendor source; depend on library instead of mining copy,399,True,0,2f99d6bb06b0a92ac136cbb17f21cb01a81fcfb5c93fcead0bd9cadcbf58888f
literal.py,third-party/vendor source; depend on library instead of mining copy,53,True,18,37555548a60e053a4ed48a3bf3f3e3cbd7b752971fc2ef830ff70d7f59b26ef4
live.py,third-party/vendor source; depend on library instead of mining copy,401,True,0,b45dee90000967f37665b19c96a67e8b02e822867c7f41c7533efd8c0c89aa3f
live_render.py,third-party/vendor source; depend on library instead of mining copy,107,True,0,22dff7f58773ac19bca372cbd24686a2b3c583e05f65601cac18cb8c5a246f1e
location.py,third-party/vendor source; depend on library instead of mining copy,13,True,0,257cc7a86579e841dd72af36dc0c00e6868ad3985fff5c925a949c6e8df3182d
locators.py,third-party/vendor source; depend on library instead of mining copy,1304,True,8,a35aff33cebf6d12da7d2a5eb66c9f5fc291b45bbefd0e7c69bbd0ae73929db0
lock.py,third-party/vendor source; depend on library instead of mining copy,176,True,0,d78e6286350affeee03fc3bae573c38bfc4c8658798677b5a6d90775f9db0274
logging.py,third-party/vendor source; depend on library instead of mining copy,397,True,6,ea5256302e9ceff683fe2e2c76069a79bf939b7916a5883485b6bf575f8e2e71
loggingTools.py,third-party/vendor source; depend on library instead of mining copy,544,True,19,34e6113ac2cae53cce34ae7debb386755a273725c2ea43ff0a63ebeccd8f5bf7
logging_setup.py,test/build/verification/plot/control/package utility,55,False,0,f647d8d9bf1019aba52c2ee9bb5c2632be4966987742cf0fb6b1bda1accd487d
lookupDebugInfo.py,third-party/vendor source; depend on library instead of mining copy,13,True,0,81546be7e00f59f4ff6b9fb6e6146e6b04955fc7c4bd756c3922d6907f754f6c
low_level.py,third-party/vendor source; depend on library instead of mining copy,398,True,1,076241076fcd44fd36c4ae8309ad4f6bd22ec6b3f0c730f365b8b14246fb53d3
ma.py,third-party/vendor source; depend on library instead of mining copy,200,True,43,cbdd1e782bcecdce0986bc0cdce3c1bf63ecf847311cbccb3acc7f4042ea8e94
macCreatorType.py,third-party/vendor source; depend on library instead of mining copy,57,True,0,25ef63b6a52bec43dba47dd0c65565de98b3a10fb500e3cc04872d1c83133379
macRes.py,third-party/vendor source; depend on library instead of mining copy,262,True,0,193fe99df3f0d8d0afbce17cea71cb0273ad67a48c1ea12e2e7b5aa655f3bc73
macUtils.py,third-party/vendor source; depend on library instead of mining copy,55,True,0,963de8785a728d5ee4a3f26a9e5ba77884e602d95cd75f49fafc134e0dacef70
macos.py,third-party/vendor source; depend on library instead of mining copy,147,True,0,d17a0e8229f534aed0922ee2b240fea12f312b1c3a6d782828481daa90910054
macro_board.py,not a useful math/solver mining target,60,False,0,447964f5d5329b5d0a274383c94d9d0259680e31265fdf50e7aabd6e95fd189a
macromanprober.py,third-party/vendor source; depend on library instead of mining copy,163,True,0,f5a9dfce663a4c17d43c3c810ce758d3b92a9931e9675b4ad232fea7525670e6
macros.py,not a useful math/solver mining target,134,False,3,719d879af02101bb01b3fd9f64c9d43361e396c8b3c5d7690a2e0d4102ef99e5
main.py,test/build/verification/plot/control/package utility,913,False,36,4966cc6eabe649c66e616f0ebf3eb9218381805f4dcbc3b47414951985bd8bac
main_parser.py,third-party/vendor source; depend on library instead of mining copy,137,True,0,623cc9023a9fefc01136c2e59c94fd97a7cd6e9c833c903e6ab3885d8b0ae489
make_manifest.py,not a useful math/solver mining target,27,False,4,8b8ba44e124a94dcb99a8d066867689a8a88be3848b4240d561c526a2acc943f
make_publication_figures.py,test/build/verification/plot/control/package utility,546,False,27,412d25c56d130c45b5f05a45b841c625f57ac0e96051afd465fff3ad05a61ea2
makefile.py,third-party/vendor source; depend on library instead of mining copy,52,True,0,9dbcedde2d1a80f54fd3b8eaaa08e16988cc9ae022fd6e44d04cb0662bd53bc1
manifest.py,third-party/vendor source; depend on library instead of mining copy,385,True,5,dea7e6026570c51a94d68db70257d7ad0199ce1ea0fc61b34c03ff1dbf42e734
map.py,third-party/vendor source; depend on library instead of mining copy,125,True,0,76d0a427b74fe82bdabfca723b718921a5eaf4e20fb927726918160a629e15a8
markers.py,third-party/vendor source; depend on library instead of mining copy,908,True,46,f5c37113436f798a67afbb855e10f701cc3e690fc9f1aec0ef384356d7fc540d
markup.py,third-party/vendor source; depend on library instead of mining copy,252,True,0,ddeb8628fe6ce353424306928d39c9c6eb398993078f1a483345ba7c2c6b6b7f
mathmpl.py,third-party/vendor source; depend on library instead of mining copy,243,True,2,08a228701495e29ad130f479d0d2fa5b105350b05ad7345ea2aa3b66d6ef0ac7
mathtext.py,third-party/vendor source; depend on library instead of mining copy,141,True,1,4363d785fdf94c06244bf24496b7b24414c5866b1da837165cac7c2025246757
matlib.py,third-party/vendor source; depend on library instead of mining copy,381,True,123,e45c9bae995b8123aa7447583e5230d0e40e7b324341fdf00036e687d457b1c5
maxContextCalc.py,third-party/vendor source; depend on library instead of mining copy,97,True,0,ddeb382adf384da678f6c0367afd73ae5c0f262909080102c7929abf087207e2
mbcharsetprober.py,third-party/vendor source; depend on library instead of mining copy,96,True,0,5abd3858d2381775ff57112f7ab346f87db983bbbe3030ca94db7e2468fefee5
mbcsgroupprober.py,third-party/vendor source; depend on library instead of mining copy,58,True,0,891a5a3418d5d0337060fbbfcfa4e21e0469c186a188cef3b48ff8919e14cfd0
mbcssm.py,third-party/vendor source; depend on library instead of mining copy,662,True,0,854b4fbc3620583680d9d59d80bb2c85bc117e6dd0e5846546881d99e454350c
measure.py,third-party/vendor source; depend on library instead of mining copy,152,True,0,1e6ac8257f2c5914c76e087c33111acbff37564a8d5bfef4b3c68a3f965c608f
memmap.py,third-party/vendor source; depend on library instead of mining copy,363,True,23,9f79da21b64da6722a66cc86e126061b33371ad66139314580de483a0ebc254c
mercurial.py,third-party/vendor source; depend on library instead of mining copy,187,True,7,c3564958b2aa34fd689c48e47e39700559cca8f64d488111f1aca341c9d3ab8c
merger.py,third-party/vendor source; depend on library instead of mining copy,1718,True,10,139f68962e00c2a599f85827b92b4c481bec07e1477bee797ac5d3614a86789f
metadata.py,third-party/vendor source; depend on library instead of mining copy,965,True,0,72b021d04dc654656a3e5bba11d445b1a1be63a518ce74d4aa3b8629118fbfa7
metadata_editable.py,third-party/vendor source; depend on library instead of mining copy,42,True,0,a16b9d32c9e3cb89683bf272ee0e0df67c6c9da117fe20e5551802cbba6ed6bb
metadata_legacy.py,third-party/vendor source; depend on library instead of mining copy,75,True,0,a3e794db502cd7be610c2edd96e3357c927f16aa244c84a1c96a6329a2291d9c
misc.py,third-party/vendor source; depend on library instead of mining copy,772,True,9,a611486c79b69269621c35c9d1e34fc6018fe36dd9a6f66830a2ad275fd9be3b
mixins.py,third-party/vendor source; depend on library instead of mining copy,181,True,13,cd047e8888c2492796c5ea4ae62fbbba34967f0163ad467fab18deac88a4c3a6
mklabels.py,third-party/vendor source; depend on library instead of mining copy,60,True,0,19821ecb09e968b9cfd064a273c2c55a0774515bcefe5d4d73a62817ef3b47fe
mlab.py,third-party/vendor source; depend on library instead of mining copy,932,True,161,e7b07f18a5b452029bfc7b460828f4709d8b3a6c3fcdc21e46ee2b664c5bb30a
mod.py,third-party/vendor source; depend on library instead of mining copy,150,True,13,3c08ed41a054b10b7eec778b66d7dd99749f2e8a2d70b391e04f99c2d19b9147
modeline.py,third-party/vendor source; depend on library instead of mining copy,44,True,0,2b9792911f064b5af93a45d74c739c57468cffac6993d7963442005be38e2768
models (3rd copy).py,not a useful math/solver mining target,112,False,7,178d45d71d2a1aba3baeb276ee2859c41ded9169391738e4948c54f9e98feab6
models (another copy).py,not a useful math/solver mining target,102,False,6,68ad62b6e775215715de08e7f793cce28dcf6f62e38df371c2c8e706b0b0e902
models (copy).py,not a useful math/solver mining target,102,False,6,68ad62b6e775215715de08e7f793cce28dcf6f62e38df371c2c8e706b0b0e902
models.py,third-party/vendor source; depend on library instead of mining copy,92,True,4,3243fdaf9b25c17891426a4bab8cdc554a8f762d9a1d5ea6905fbb57147b49ba
modules.py,third-party/vendor source; depend on library instead of mining copy,46,True,50,83d3e1c8b3baadf9581d9b66af2c755564ee6e984de1300f5127e8898ae24ea1
momentsPen.py,third-party/vendor source; depend on library instead of mining copy,880,True,0,9232d55e119ee7901b97ffd8af58286f46e5d1d1deedf3d2c32afb4d12676ee8
mpl_axes.py,third-party/vendor source; depend on library instead of mining copy,129,True,0,bc50adb678fd248818dccb7678e8be3bf155bdd67a496fec06d2011626fa6f3e
mpl_renderer.py,third-party/vendor source; depend on library instead of mining copy,536,True,23,7613e148c2b056e16778d199b812205c2a7d6237dfa87a54c8f1b90be4fee6d5
mpl_util.py,third-party/vendor source; depend on library instead of mining copy,78,True,6,d09cf97fe680f573169693b6a439c76e4560c488b0e1263fcacc5ffe0002584a
mrecords.py,third-party/vendor source; depend on library instead of mining copy,740,True,60,dde45906ac048640d42df62d51c07c520b5b7161d36b2172b350e484ca3fe425
multiVarStore.py,third-party/vendor source; depend on library instead of mining copy,254,True,3,79012e58d634d58179cc3a72d54c0db6f398c83e9cd052f1a47f901695f58bbf
multiarray.py,third-party/vendor source; depend on library instead of mining copy,1744,True,241,afd14181b927aa10800a0c5dab5f456f52e219726847dbef379e313419029d49
mutator.py,third-party/vendor source; depend on library instead of mining copy,530,True,2,9335e22c5c512e0536a5c1f33b387dbb49f42a43b70ee064d3ac59fd13e15b3f
mvar.py,third-party/vendor source; depend on library instead of mining copy,41,True,0,2d357beef1ffdc4720fea2813b9c50ce32ce9498abfe9a44afb98f55946069df
mypy_plugin.py,third-party/vendor source; depend on library instead of mining copy,201,True,45,efe6277d69ebd6b47e48440c42f188b3bdd9e410cf7282af3f2d89a80f50411e
names.py,third-party/vendor source; depend on library instead of mining copy,389,True,0,20f46a7a5fccf33554d23977d16b1f82e7f1526f4f0414034026375476a97877
nap.py,not a useful math/solver mining target,44,False,0,7d15af9f3d5a2336c8abd029de00240198031faa28e73c4cad4e99395072ab42
native.py,not a useful math/solver mining target,37,False,0,d5fd35bb784cad062787328b5a0e3f58be1e3ebf79fffe23e15b3d7a7c5cdc22
nc_phase_geometry_audit.py,not a useful math/solver mining target,127,False,11,977fab19e56d6c3914d84b6712ce9ce3222a7cce4d773bc88bed931c5e7933d6
nc_phase_geometry_projection_loss_attack_v49.py,not a useful math/solver mining target,37,False,1,8107a9f03543d57c8cb1bdfc5bdd7c0faae3b22118c8338e60e683da1413d57a
ndarray_conversion.py,third-party/vendor source; depend on library instead of mining copy,82,True,12,628e2a64e5ecf59907c4ea840e76ec0e8d955c5e04d84fd1645b9ddadf7e4665
ndarray_misc.py,third-party/vendor source; depend on library instead of mining copy,200,True,61,584c82c8a0636c3e2aa5aa091801e9d6d8612c290765310fd330b02da0960b5b
ndarray_shape_manipulation.py,third-party/vendor source; depend on library instead of mining copy,48,True,5,b2bfcab9e1c58e0f5a3be2723b759bef6d86b3f3ae5d5b0bd5ae47931d776c02
nditer.py,third-party/vendor source; depend on library instead of mining copy,5,True,3,9d83b8e4bc3764d6d0abbe5586df3acf32d9e1c5b33f79a5d2bc433e562df3ff
neurogenesis.py,not a useful math/solver mining target,113,False,35,3c011fa4eb89ce407f9bfce22f812de8ad34bdc477d9452d52069be8586e26fe
nexus.py,not a useful math/solver mining target,348,False,23,ddb054d26ce0b84ed1972cbaca5b37a9c5b37c2b8479f6551406e844d3cedfcf
npyio.py,third-party/vendor source; depend on library instead of mining copy,2,True,0,79a3ef7c7192cd413bd132471cb3823c85fd1b98a132e0447b1cbafcf36127d4
ntlmpool.py,third-party/vendor source; depend on library instead of mining copy,131,True,0,3657e45bb58c756f338aab9da298c7a16dbdf688350535a2d0878889baae1709
numeric.py,third-party/vendor source; depend on library instead of mining copy,2707,True,347,265d3fb8a947fc2c252b73b46febc5aaaec2c61f71b16f84839cd01355be8915
numerictypes.py,third-party/vendor source; depend on library instead of mining copy,570,True,80,f80ee6bcbef2d80de08e6439f8808c6c63fdc5b4b2eff2404fca2ca3dc4da4f5
offsetbox.py,third-party/vendor source; depend on library instead of mining copy,1690,True,51,e6bc09eb70fdcc10cccdd1d0dc71db0cd4ffd55dddd96d3dcdcaa2db9c76d19c
oi1_reference.py,not a useful math/solver mining target,298,False,26,039aa72f23ba2e16dbcdff90b653e96203440f4b576473b514ed3aab30ef6107
oi2_view_reference.py,not a useful math/solver mining target,221,False,0,b8cebde1247ee59cadef13e30547d2d61af2aa948d1a2e43809345e5d0c52989
oi3_persistence_reference.py,not a useful math/solver mining target,369,False,10,8d5fdc64f79eb1ae57197d6c1abe3734e9a5ce4e7898d41ba00f5f38fd0589a4
oi4_cortex_port_reference.py,not a useful math/solver mining target,306,False,3,cbe4743d2c7c9cbcda6c96aac7bb5dbf629378be2638c0b64c5e3acc5ba3036d
oi5_world_admission_reference.py,not a useful math/solver mining target,401,False,2,cd1a7ffa9c8996f5527eab897dfd02b41f128b467e324f13824d7c0cf7d051d4
options.py,third-party/vendor source; depend on library instead of mining copy,86,True,0,c64a3fd7e584adc350922ac40b320e398c52251fdb46d75061060eb6681c7182
oracle.py,not a useful math/solver mining target,53,False,4,6094c2c7e2424bfd3b85c45e95316d299163f3ae0d73179bae016c29b1ac74d2
orchestrator.py,test/build/verification/plot/control/package utility,100,False,5,03b1a44f287052ad917e9239731db2871a7ae952c22d1efcd91706de2156acf5
otBase.py,third-party/vendor source; depend on library instead of mining copy,1468,True,1,0a37bbb6475a6d9f1fa30cf3d5d5eb05c48eb51769060be902ae6d40150a9170
otConverters.py,third-party/vendor source; depend on library instead of mining copy,2335,True,1,7e056a73523ff7dadb542f5d905f1116275364b032ac529ac41a9775c9cfae86
otData.py,third-party/vendor source; depend on library instead of mining copy,5984,True,32,472bc0fa4ff7160c0bfe192b19dfc87591c65de65574a2abf57aba64ae6e09e9
otDataSchema.py,third-party/vendor source; depend on library instead of mining copy,38,True,0,256027cae84c4df4f6b1ab62c4b62c2fc722d23bd602b42a38cdc3ffd63582a0
otTables.py,third-party/vendor source; depend on library instead of mining copy,2734,True,46,4254d7b5ed5a1c64d0e26ecdd4ee6b08dabd821ef2a3ee1cec60c5eddfeeefa7
otTraverse.py,third-party/vendor source; depend on library instead of mining copy,164,True,31,1f39c45409557fff1ecaa8ec3b679d8042ed3255e78e752a71c2b73f2b6f5541
other.py,not a useful math/solver mining target,162,False,0,80fc6493905d0335930a06c41e0d65a4b8bed45e993e1e40fdaa2d80b5c79f38
overrides.py,third-party/vendor source; depend on library instead of mining copy,189,True,8,88cf63f86be1eba2a303d221f011af2077194d819c06a10c725f01c939afe4ca
p5-b1-v4_symbolic_language_audit.py,not a useful math/solver mining target,196,False,12,c90b98f029c1d16252854b201c554dc1d427914b1785fb9938bee64268ad3fdb
p5-b1-v4_verify_agent_package.py,test/build/verification/plot/control/package utility,175,False,19,b1de4dd35248f0c88a686397426c7023c74515a96195e853a9accf06d084fab1
p5-b1-v5_symbolic_language_audit.py,not a useful math/solver mining target,54,False,10,3b1484b299f5253a83d7f5433813e968e975d167d9470492a7fcab168cd07708
p5-b1-v5_verify_agent_package.py,test/build/verification/plot/control/package utility,52,False,12,8dc4bb492a584ffb1915540d1dcf42cd1cde4cebd0af4765a9a63dec54946d43
p5-b1-v6_verify_agent_package.py,test/build/verification/plot/control/package utility,113,False,12,927cabc7d6a8e76436fa9ae5f7265cfc5522562a9b6a7c3a3bea127e4e62fc2e
p5-b1-v6_verify_language_outputs.py,not a useful math/solver mining target,88,False,10,7656a57cf9d01bc8a20830af60b33dd7b469175fe0a8e594da7eebd998b87e40
p5-b1-v7_follower_structure_audit.py,not a useful math/solver mining target,132,False,15,c7d020bc38509f527782e4ee2ec8ba166da2da48feed610473ee724db21748a5
p5-b1-v7_verify_agent_package.py,test/build/verification/plot/control/package utility,172,False,12,63c4933b8bf0110abb2f7e329448284defcfce84caa864b61f008d572b15edce
p5-b2-v1_nonexecution_audit.py,not a useful math/solver mining target,40,False,3,15261f5aa0d6019b15bf5f01fb63439062ef8c5f11647e8a247afc880b154e61
p5-b2-v1_verify_audit_package.py,not a useful math/solver mining target,42,False,3,884016695225acc9baae4d5969f3c5724c29f58d4a3905ae9845e381d4f61085
p5-b2-v3_verify_agent_package.py,test/build/verification/plot/control/package utility,94,False,2,116d1440ae407274a85e3d93d7b7a086587cde21b16d65f3d66c4420853c0fc6
p5-b2-v3_verify_threshold_math.py,not a useful math/solver mining target,81,False,7,5ccc93a66eb6e84419722c36506c38e4df71b0ac01c3bd8c5ca608020bf55b35
p5-b3-v1_factor_scope_audit.py,not a useful math/solver mining target,144,False,6,d9272d52841ddbfa7d5d7f6bdeac487885cdd3859e2138a821f6de7423347099
p5-b3-v1_verify_agent_package.py,test/build/verification/plot/control/package utility,161,False,14,657ff1ed3fe3d3c7703a1b0637b4b54542fab6fcc87b03d22ba9a0cfcaad05cb
p5-b3-v2_verify_agent_package.py,test/build/verification/plot/control/package utility,113,False,20,59bd446cd9613c4bd2a52c4ccdbaed352ee3b7ac6c82890b378f4367682a00f9
p5-b3-v2_verify_factor_scope.py,not a useful math/solver mining target,53,False,2,c4d422c32e591fe8bbe52e98d9de2141e6eb4b9fc05dedf32f04da7f3b73edbc
p5-b3-v3_pairing_scope_audit.py,not a useful math/solver mining target,65,False,2,841badbd2e1cdd5cf66f3a16a3e4cff415e02722a21732f0e7482822d16cd2b1
p5-b3-v3_verify_agent_package.py,test/build/verification/plot/control/package utility,93,False,8,10139502f20cc4b0320c742d7a5460db7802ab2691eaf0b265c0cc14d7fff597
p5-b3-v4_scope_audit.py,not a useful math/solver mining target,44,False,1,e93577f950768f2cf0e932087992b36d2c85976878d5fb6398970cea00c385a8
p5-b3-v4_verify_agent_package.py,test/build/verification/plot/control/package utility,61,False,9,80bd1997216a79eec16e6ba9f4fe89b5e0a643cf25ac50927cabbb711a2a689a
p5-b3-v5_audit_structural_claims.py,not a useful math/solver mining target,44,False,4,88c62f7c03083b6adc4354368f6d2b492b2564fe12caf2d869dd10d4385cda5a
p5-b3-v5_verify_agent_package.py,test/build/verification/plot/control/package utility,60,False,11,a4103136a51af0f5d9c7b3cbfb1edc8b8c1e2a1efe9c9d03b52a2247241b9e16
p5-b3-v6_bridge_audit.py,not a useful math/solver mining target,31,False,2,005a5c171fa51d2b15076d32a906c346c9ffe48af0b914c0903fed928a2d13d0
p5-b3-v6_verify_agent_package.py,test/build/verification/plot/control/package utility,63,False,16,cefc4644f4a9e2874eadf6485be0a2a908711b3ca9b2a1779bdb677f8d1a4f5b
p5_v8r_reproduce_audit_20260711T083041.py,not a useful math/solver mining target,94,False,11,6e7875d627ee780aca4dc5116d3432ce0a5d2f569e76cc6c760f73eff8fb07fc
p5_v8s_reproduce_audit_20260711T102931.py,not a useful math/solver mining target,53,False,10,490172c776af3f78c5997e2d74eeebf47a267621f49cb29652617dad944dd086
p5_v8v_reproduce_audit_20260711T135856.py,not a useful math/solver mining target,83,False,5,16e61508cb40dbc8d804487bdf9c1ac7cfce7daca107059c855c3a1ce6abc205
p5_v8w_reproduce_audit_20260711T143956.py,not a useful math/solver mining target,32,False,4,fe09fe0d823e57776a991bb4a76b089c3455f3842786fabd796f9f88b6dd5fa4
p5_v8x_reproduce_audit_20260711T152446.py,not a useful math/solver mining target,81,False,7,4685bd8fe00e59d46cf613a21feab99df7a60bf49eb77f27c276023d2cd370a7
package_data.py,third-party/vendor source; depend on library instead of mining copy,2,True,0,fc251abcec686e76f2346d852f21e837c4073f740cf56d6d2aec3b7aaf50c019
package_finder.py,third-party/vendor source; depend on library instead of mining copy,1126,True,0,6b7fcbe050cdb2e0dfdf2f007fd27bb1fb074756a1b3ca35dd386cf96630161d
packages.py,third-party/vendor source; depend on library instead of mining copy,26,True,0,fd94030894c9f123f79155ae9d2a81b1164d3f38f673558556a6ddaf4f29cf75
packaging.py,third-party/vendor source; depend on library instead of mining copy,45,True,0,b39b6952616e9b05741fd2524f3af2ac863827040cf29686b7b4a6ede370b766
padding.py,third-party/vendor source; depend on library instead of mining copy,142,True,0,295108ded3b0a3db202b560d4ae1fffccd7f8d45a62d9c11555fca98eb55cf23
pager.py,third-party/vendor source; depend on library instead of mining copy,35,True,0,48efc44c114a6e0de7fc080ecd79b8d52bf7e98c57032237fd1f8a398dbfb927
palette.py,third-party/vendor source; depend on library instead of mining copy,101,True,0,9489ef4753830d3d9fdd464c7cbd60aeaedd63fa4374a1f0e1b75480e19a3386
panel.py,third-party/vendor source; depend on library instead of mining copy,318,True,0,f6c425d3484f22a1f91b68002d0a3835ea45c293f493dc13facfe03a6b39a487
pangomarkup.py,not a useful math/solver mining target,84,False,0,e8b2a741cf32878f5ff34d9b174b0fbdbcdc938422bcc62aaa85c03da60ff2e5
parasite_axes.py,not a useful math/solver mining target,261,False,13,e57d0a36c1f6ab2aaebf5e7d8a69d2a84c3f7c651f7b69f42f73d94052bc00c4
parse.py,third-party/vendor source; depend on library instead of mining copy,54,True,0,3caf6f754c709af76716f1f7acea609e7a484b09e277bae2e573a606b316a49c
parser.py,third-party/vendor source; depend on library instead of mining copy,2396,True,1,d90c4f46173d739395cb0ed49eb800b8bc0a542239c5affa469f4d8703ce17d6
patches.py,third-party/vendor source; depend on library instead of mining copy,4907,True,218,67025999c757190e759f3b11d7e655bbacd7513cad2e7f99fd8db9fa0fc92e86
path.py,third-party/vendor source; depend on library instead of mining copy,1147,True,155,5c726cf2765c7c4549de79d3327adabd5613dba0dd4e9bf208fafb48799ee12f
patheffects.py,third-party/vendor source; depend on library instead of mining copy,512,True,29,3df19e2de8e6071e398497aab078a1d6ee07bb0a71ba6d71bb683bd04769f2b2
pep723.py,not a useful math/solver mining target,42,False,0,a2564bded2e61d6261c8b35f6c3e94f54ba292ecd370b0c1d3aa9df566af4e3b
perimeterPen.py,third-party/vendor source; depend on library instead of mining copy,70,True,2,96be8dceb216c62e135c124f6dc26c2b3a800567d07a29760609bd060503dcde
permutation (another copy).py,not a useful math/solver mining target,68,False,0,9ff7494c534fdc1f96f3115be86ceb75016774d2f6fb56823c1cd56bca4fa808
permutation (copy).py,not a useful math/solver mining target,68,False,0,9ff7494c534fdc1f96f3115be86ceb75016774d2f6fb56823c1cd56bca4fa808
permutation.py,not a useful math/solver mining target,68,False,0,9ff7494c534fdc1f96f3115be86ceb75016774d2f6fb56823c1cd56bca4fa808
phase.py,not a useful math/solver mining target,282,False,20,c1c41cd11905556e3f0982915f6bf74d0556d4c86368c6af6d91a2c94befe7eb
phase3_v6_lean_inventory.py,test/build/verification/plot/control/package utility,12,False,3,717f36924ff96989643a4e77243a0bb56c665d327e83e2c731930681f3a1d35f
phase3_v6_source_sync_audit.py,test/build/verification/plot/control/package utility,27,False,6,da2b675a3eab1da2a8424bf04c72a31a9bb591b0976d2582eef4070df6d99e49
phase4_v4_ancient_yi_symbol_mapping.py,not a useful math/solver mining target,16,False,2,b66e46fbf8fc1decc3315b2853ef4eb34c9006e220b8eef54ce88069dd903393
phase5_v1_orthad_cross_reading_pairing_law.py,not a useful math/solver mining target,5,False,2,28361cf1f38b1aeece26fe2ec95791aea5d2348689ca886a3a56346e96db9410
phase5_v7v_open_target_recovery_ledger.py,test/build/verification/plot/control/package utility,31,False,3,61f5d0244e93103f64cfde84927a92a488099a080f8403ecee9a8aa6b03afebe
phase5_v8c_final_closure_or_contradiction_report.py,test/build/verification/plot/control/package utility,39,False,4,f6911fd58fcbe9ec70e2311d456b5a398e7b51ab025fabab0f2127c3e0a2ba2f
phase5_v8k_verify_package_gates.py,test/build/verification/plot/control/package utility,20,False,7,129c262a5264d1dcd4c0823aaa33555a2f9c5abb9ea299598ad84d5abb357651
phase5_v8l_verify_package_gates.py,test/build/verification/plot/control/package utility,14,False,5,39ab5bf6417de4276c4e9d6152877542658e75439f03dc89bef28be5669b9a83
phase5_v8m_generate_package.py,test/build/verification/plot/control/package utility,368,False,99,b68692f486250cd638ebe83a854a8df4c2772f9cad5d74ead946ae1645659811
phase5_v8m_verify_certificates.py,test/build/verification/plot/control/package utility,10,False,4,29d2cc781fa40d7170b6147ab27de53366ff0b45a3c3a287fe5ecd227a1023fe
phase_constant_status.py,not a useful math/solver mining target,14,False,5,c0284b22591520c847d44611ed8daabe9d4b13a1279e08e20cc88f32f155737f
phase_decoder_attack.py,not a useful math/solver mining target,198,False,2,6f154f81061b31e4c83dc1946c8928934bab415256e271b650facacd9d785551
phase_engine_sympy_checks.py,not a useful math/solver mining target,87,False,7,3453c74bf3b34c6311c1f64ccbd5c88ec2fa821977c595d078b36dc6dc4667c2
phase_native_local_query_cli_v9.py,not a useful math/solver mining target,66,False,8,1e4675e9c7832d29cb39c806277ab71b2eccad4cef9e9a83f5fee17b35cea1f6
phase_tao_v57_completion_gate_attack.py,not a useful math/solver mining target,31,False,3,4109af825c44cdf50d57856f01d2da221d2dace5c7e7fcd0c9e09d4a7741062f
pi_spigot_lock_sympy.py,not a useful math/solver mining target,46,False,5,2b9bbcab3ca7adad6ebcff164ab6e4a54594163333e37de5142ebbed5e5a13bc
pkg_resources.py,third-party/vendor source; depend on library instead of mining copy,299,True,0,34eefa66b7d1dbe2ca253c9a5eb990a0686624c02b00bbda72b9591d58920d3f
plan.py,third-party/vendor source; depend on library instead of mining copy,1005,True,22,a832998d0aba39f79706bdd3dc3667ae66aec8c9b97a4d2b9b9615a2c00efd40
plistlib.py,third-party/vendor source; depend on library instead of mining copy,48,True,0,8f3306386bc73ba5ef4be20ef214b4e2eafbafcfafd9d9d5abebca328259bea4
plot.py,third-party/vendor source; depend on library instead of mining copy,239,True,11,368499909e6777135c0ef248bdde6943dfe35fa5f5a0cd4ad86fed478b1d3d5b
plot_directive.py,third-party/vendor source; depend on library instead of mining copy,1011,True,2,64aab6b3601bad902c3e2bd73246f31cf7844c919cc9674398b208aeae029f2c
plugin.py,third-party/vendor source; depend on library instead of mining copy,73,True,0,b4fc74ac9093219f62a1180b3581b8a627c26c0c1345465d76f2f0f8d7c0936c
pointInsidePen.py,third-party/vendor source; depend on library instead of mining copy,193,True,4,9e8114bc140878085e0cc270cefbdf9c488a866c1b4b58b445013d8e293a1a5e
pointPen.py,third-party/vendor source; depend on library instead of mining copy,654,True,31,9973b94efdb993201d67d157dbd2284d04a37a1d34926b6fdd264832bbbc66f2
polar.py,third-party/vendor source; depend on library instead of mining copy,1518,True,148,81c50495f1c18e3b6353a957427702bcde4f370a6364a4938e9b7a16fac5094f
polynomial.py,third-party/vendor source; depend on library instead of mining copy,1684,True,380,752e5feebd565edbe05d57c803bd8044673671810507bcca922c82778a7e607d
polyutils.py,third-party/vendor source; depend on library instead of mining copy,760,True,93,68064957a6f465962e2b520a0cf1e188981299757f7948a48d7714a132c7c3b6
poolmanager.py,third-party/vendor source; depend on library instead of mining copy,541,True,2,696ca15d1b4d3b82549c249556a29329077c1174ef526d5537da60b366dc38da
prepare.py,third-party/vendor source; depend on library instead of mining copy,748,True,0,a6d56c9907f4328ea38ab9354390e376c7bfc09c3965d8751656b688bf470093
pretty.py,third-party/vendor source; depend on library instead of mining copy,1017,True,13,832dd2ef6bb8151836cada28ecdd590d60c8bc1e2e9dbcdde625067609bef1f7
primitive.py,not a useful math/solver mining target,56,False,9,36cf44cb340b11c825730976ecbb702050751baceae6ccd5dcd247308d862846
print_coercion_tables.py,third-party/vendor source; depend on library instead of mining copy,208,True,26,49ba0d9822dce45c95f9447c80a8c97363c8a233755d04ef1f45b30eaef93363
printoptions.py,third-party/vendor source; depend on library instead of mining copy,33,True,0,345a6fcb96e78dbbea9ca7aa42dd2f784131a400180153688865c7de98255807
process_manager.py,test/build/verification/plot/control/package utility,314,False,10,258fddea4763be92f27a4b322c978f4357248edf684f24e3ad47c8a5d69ee754
progress.py,third-party/vendor source; depend on library instead of mining copy,1716,True,0,09473696453e5f9f6655d19f8cc0819197a218f2f7bb174e36384d245d93ef06
progress_bar.py,third-party/vendor source; depend on library instead of mining copy,224,True,2,9994cfa4953071f71d8100934f3de4c98f9f73bf5d74bc2dc7a1a18717e8d3ae
progress_bars.py,third-party/vendor source; depend on library instead of mining copy,154,True,0,216d4f1f99f614fa940533fb50b43962efb0c8d34ef57198de0d4f4f844cbb8e
proj3d.py,not a useful math/solver mining target,270,False,88,4a524a92589a521b802785630d4d7130ff15f898996dc22ceae82d81051344cd
projection_loss_accounting.py,not a useful math/solver mining target,74,False,8,59c4e1f3c7f0cbb7286476c8fd19d66964e81f56ff06f2a27791b3a9ffe7bfad
prompt.py,third-party/vendor source; depend on library instead of mining copy,401,True,0,974461414fb45154d5f5ed3cc56d416c88f426ad885f20a15f8942d2514dcede
protocol.py,third-party/vendor source; depend on library instead of mining copy,43,True,0,e611c70c3347724764f22587e7311b8becee215485e616d4da3228e3b47b9531
provider.py,third-party/vendor source; depend on library instead of mining copy,286,True,2,b5b54f7c5bf8560efcd32676fd71a81853f92d5a345366c59d9a2fde3a520089
providers.py,third-party/vendor source; depend on library instead of mining copy,197,True,2,a485896c874927d185b4d6edc131f421ae37563ea16021098f60ce2ee7b5e453
proxy.py,third-party/vendor source; depend on library instead of mining copy,58,True,0,cd4bcf3c226ba7a74e17437818055b39c97aa3ee2e5ca4ab1a24e492be6f512e
psCharStrings.py,third-party/vendor source; depend on library instead of mining copy,1512,True,5,667f26afb3514df1096e76976ce9d26abac504f72f3ccd00ba90311760bcd0b6
psLib.py,third-party/vendor source; depend on library instead of mining copy,399,True,0,8a820f9b9c773079015c5dafccd902e225596286eb916732bc586662c8ceacf6
psOperators.py,third-party/vendor source; depend on library instead of mining copy,573,True,3,f522e5e4f3c1ba52e8d17c60fddaa524c8ad34805d88629d91784e5ac3526191
py23.py,third-party/vendor source; depend on library instead of mining copy,97,True,0,68f542114cff75e820c0b0427934ac71c5fa42025abd9aaf755b6e869ceb3ef0
pyMFE.py,not a useful math/solver mining target,457,False,14,fe1bcda69138f15599e9c3a58d69cf451c25b13877a2f139d063d5c43d93ec80
pyinstaller-smoke.py,third-party/vendor source; depend on library instead of mining copy,33,True,26,ea22fe787310686debc674b912072fac2a84966f5a28bd3b0a3af51592525e5b
pylab.py,third-party/vendor source; depend on library instead of mining copy,4,True,0,cd45d4d25edeec2e639834896ccd062d0c41ba7df1cee5cd7f5b6ea19600e979
pylock.py,third-party/vendor source; depend on library instead of mining copy,906,True,0,1bfd609dc4e60db44b6358e8e150c8f54c3e6f9204ae1fd0f55fc16d5253983f
pyopenssl.py,third-party/vendor source; depend on library instead of mining copy,519,True,0,843261e0c87263fa7ea0a9457187106954110efe86326046b96f728f1c9e7a33
pyplot.py,third-party/vendor source; depend on library instead of mining copy,4832,True,131,7df83253d5f7e9039c23a864390cc55a7b187a5b31c228995a86556c446c3efd
pyproject.py,third-party/vendor source; depend on library instead of mining copy,124,True,1,27eb135aa0be5dfb0a420cfd9b56f2a4c5993c722db121f320dfcd59e2119a13
python.py,third-party/vendor source; depend on library instead of mining copy,1202,True,25,bf18e7d5c38772520a24ac68ca206c41363ae461db919b5946e290d8054229ac
qbl_orthogonal_3d_viewer.py,test/build/verification/plot/control/package utility,657,False,54,29f59b9e6d003533a3678a1ba7fe735a8c35d9cc66adc00172a755d8320c5ee5
qtPen.py,third-party/vendor source; depend on library instead of mining copy,30,True,0,41134b22bcb6ad097813fedcb76b6ed74faa2c79de429d1757b15f699fad70bf
qt_compat.py,third-party/vendor source; depend on library instead of mining copy,160,True,0,87067bf233ee5dd2ae53bd5aaaa0d9a825d804478d9dfc3391968641e687ffd7
qu2cu.py,third-party/vendor source; depend on library instead of mining copy,434,True,20,0d1e9fe17d28ddb126844d331e5c33028ce7756b5d374c99f63ef9d47debb271
qu2cuPen.py,third-party/vendor source; depend on library instead of mining copy,106,True,13,a51493e37fab529ce538ff3767f46bd08bc84010b1e91588ea79cd6a2b5070b9
quartzPen.py,third-party/vendor source; depend on library instead of mining copy,44,True,0,107e3cd8acffc6ca98855468befe8dfd3d425da4af3b350a3cbc5368df79ead5
queue.py,third-party/vendor source; depend on library instead of mining copy,23,True,0,9d1817f3f797fbf564bf1a17d3de905a8cfc3ecd101d4004c482c263fecf9dc3
quiver.py,third-party/vendor source; depend on library instead of mining copy,1236,True,107,5bece2c435a70aced09c3489090794b82c673776f89d562f25d532d25707e381
random.py,third-party/vendor source; depend on library instead of mining copy,1499,True,482,20c1c5194cb618bcc9706933e80e9b60d6273b9c9f2ebd0866a97e7043573ec0
rcsetup.py,third-party/vendor source; depend on library instead of mining copy,3430,True,14,a052eac4af21ce8cdb58ee49c3ab952af4c2ff5e18f36cc8b741793fa79b5f59
readout.py,not a useful math/solver mining target,58,False,1,831040189bd79901465742a5fc62adc8748470425dda1791e51d7cc017260ac0
readouts.py,not a useful math/solver mining target,91,False,53,1822964ba39f723e8bcaa30054ac673f4ce390170135d9e81c0a77f6b55910d5
rebuild.py,third-party/vendor source; depend on library instead of mining copy,76,True,0,322a98cc2207bcd6cc1fe2dd4582effb84f410803b8432ade462d1d084532dd2
rebuild_audit_package.py,not a useful math/solver mining target,30,False,10,6975c3a2a2f10ed846f56937851ac321422e17bb97aea5a603fbf8d294e1102c
recfunctions.py,third-party/vendor source; depend on library instead of mining copy,1682,True,160,763ae03d31c71bd8802161dae859b82c647e7a4d23adcb4c62ca9101bb444874
recompute_sha256.py,test/build/verification/plot/control/package utility,26,False,3,5371383cf41b3d837c0e72d863178da24c9d47b2d3a771d996bf3b7777dfe617
recordingPen.py,third-party/vendor source; depend on library instead of mining copy,336,True,8,560159e0d3219d9b75a924f31445347266be830de405ee3b6df4b13d81fbdebb
records.py,third-party/vendor source; depend on library instead of mining copy,1090,True,75,bf0ffa47a868c210494dd351ebe9d58bea06bde6730e8224ca39979b12ba351b
recovered_compiler.py,not a useful math/solver mining target,126,False,16,ae3b4974ca3bcf7b64aa9082717539d9e88e0ce9d61521e11f1620af2ea3d191
recovered_models.py,not a useful math/solver mining target,92,False,4,3243fdaf9b25c17891426a4bab8cdc554a8f762d9a1d5ea6905fbb57147b49ba
recovered_v14_compiler.py,not a useful math/solver mining target,126,False,16,ae3b4974ca3bcf7b64aa9082717539d9e88e0ce9d61521e11f1620af2ea3d191
redis_cache.py,third-party/vendor source; depend on library instead of mining copy,49,True,0,f6b9aac2d62efe58d5916ebfa0ba9b0bb11a5ff6bc613ff22ee9daf9e4b4760a
redis_out.py,test/build/verification/plot/control/package utility,112,False,5,7984ce6f76f9da48f8e08e71fca6944f0d15b8a0170f9bb3a95be0acac8cbf9a
reference.py,not a useful math/solver mining target,15,False,4,7c7a8cbc43eec61f063082ec54b91f20aba4b1d841bd02ef7d0f307abfc9936a
regexopt.py,third-party/vendor source; depend on library instead of mining copy,92,True,0,c1768ff468e9fe1280767202aa80e447100e40949ce2fdd7ea6731c77cfe4cdb
region.py,third-party/vendor source; depend on library instead of mining copy,11,True,0,acd4fdc59ad56536085d90b43589f8d42250c1835b47e29e70f3b14e042f07c6
register_inputs.py,not a useful math/solver mining target,54,False,2,bfcb0c52ab7d07b55b26513e253ab9a68985426b78705d3a5a6fdc385444bd03
registry.py,third-party/vendor source; depend on library instead of mining copy,415,True,0,33604784129b509f04d81d901317d57fc35b00ae1916126d98a45e9416590e1e
relativedelta.py,third-party/vendor source; depend on library instead of mining copy,600,True,0,218fe6825323a196d87ebbe5a1363671ed366a25633c892265faa03536517ee0
release_control.py,not a useful math/solver mining target,93,False,0,5c3d781f2fd72e1f71591d69ec91ea3d93c4bf73676f505918ca42964efab0bb
removeOverlaps.py,third-party/vendor source; depend on library instead of mining copy,396,True,3,9f2dd7845c3e46bae227a9f4b1287849a55a29cdc686609564cc3c838a08d136
renderer.py,third-party/vendor source; depend on library instead of mining copy,167,True,6,f02047ccf995b053dfaac5b1aabc46061a85a498557851c5783cd55c0813f057
reorderGlyphs.py,third-party/vendor source; depend on library instead of mining copy,286,True,8,4dbc4bc6a3d350688a457dee946142c159b69448ac158957e9c68e349affe286
replicate_cross_audit.py,not a useful math/solver mining target,47,False,4,fcc1aac3a7c6f5476760b40ee03b8ef1e3c547c68b572c4ad98cb9b2202c165b
report.py,third-party/vendor source; depend on library instead of mining copy,6,True,0,e0963af8853bb07d512ae45b3afcb57d4b74740a22efd157e2d609377a750d3d
reportLabPen.py,third-party/vendor source; depend on library instead of mining copy,80,True,1,9297cc7ce2d7b76bce439b263ec53cd9fb7cd05a423d627340b97b10d387f04c
reporter.py,third-party/vendor source; depend on library instead of mining copy,99,True,0,7da4a08ea99ed24feecefd5fbcce53d196ad3d0d9e124b4dbca06a7ef5de1a37
reporters.py,third-party/vendor source; depend on library instead of mining copy,56,True,1,a4d25fe271712e901e2b1941522d86123d1ad888f59e2918d1469b4ca5deb13e
repr.py,third-party/vendor source; depend on library instead of mining copy,150,True,0,e4c64966638d802ea4b9df905befe6d68917c0bd9a47abbacbea54714089cf6f
req_command.py,third-party/vendor source; depend on library instead of mining copy,448,True,0,4230d721dd2115da29c04f21371d9ebacb6e9b150d6e7382bc6fce466502eef3
req_dependency_group.py,third-party/vendor source; depend on library instead of mining copy,76,True,0,d3211009468ee41cdaeba6370f9a3d2517f4a88239420091ba09f5c796918af0
req_file.py,third-party/vendor source; depend on library instead of mining copy,632,True,1,7b7d9943790968bfd276d7f7dadc062aa21abbf02a478dcc792c9c974892d8cc
req_install.py,third-party/vendor source; depend on library instead of mining copy,829,True,8,befe5c6ecdcfe607f8ddeff5bfbda0c1243637f0ffaa9b1fb973b27ab3210ee2
req_set.py,third-party/vendor source; depend on library instead of mining copy,82,True,0,6b092a2179d80383eb9ac8f441bdf386a75b61499777ed68d0ff8a6779af450b
req_uninstall.py,third-party/vendor source; depend on library instead of mining copy,640,True,9,74298e1edfbd45a241abddb52f8b4c1f73e62010deb46a659db8d1297986b74d
request.py,third-party/vendor source; depend on library instead of mining copy,192,True,0,61358536bed023087b1355bd75d7bd2ccefbbf65564c9e55efc5ee4d3c3b0f50
requirements.py,third-party/vendor source; depend on library instead of mining copy,130,True,1,75dd5cf5a6b5829e4d23a6ed17a5054508cf9f59f14179c4fd3df8c830d31297
research.py,not a useful math/solver mining target,156,False,85,5de37f7bbd100fc7c06fd8e6a63fd1c889b764ac5b2e94fdce1e77c45ebf4939
resolution.py,third-party/vendor source; depend on library instead of mining copy,628,True,5,dc9ff3916fac0f7118f8194d5e3ca59fffe78e9c87e67d146494fab95ec285e0
resolver.py,third-party/vendor source; depend on library instead of mining copy,599,True,4,6f052a13ae9eb73d9b70f69bab179dd7cfa2caaa9bfa4c7712bd9a4fa19e5096
resolvers.py,not a useful math/solver mining target,548,False,5,1bcaec2d94aaeb883956622afa507b51c209d608c0c48409993178444665790d
resources.py,third-party/vendor source; depend on library instead of mining copy,359,True,0,2f06cf92c73403524c6e2e979ee3dd301527f375fb04fb85356a8f184288ebdf
response.py,third-party/vendor source; depend on library instead of mining copy,880,True,0,7e60c9005906ef5b854e7fac5524e1d88c345a6717418aa46d18e286fc018d4f
resultdict.py,third-party/vendor source; depend on library instead of mining copy,17,True,0,7b3e0546f37929a4a8b09789d96cd4c8a743760df91c3cbf4922cf5ca09db793
results.py,third-party/vendor source; depend on library instead of mining copy,929,True,0,944655c903d659aaf39f063f25fff6b7de07bc623b7950f367c812e297f47934
retention.py,not a useful math/solver mining target,105,False,1,151167de9f533548c1469932eedeaa61450942c3283c404b2cc4f8ae5504228e
retry.py,third-party/vendor source; depend on library instead of mining copy,46,True,0,f37c11784076adc9ed319e552ddedab1c6984a39ff90b765402ab120bc5690f3
reverseContourPen.py,third-party/vendor source; depend on library instead of mining copy,97,True,0,a33eb865184b02f4fb0d8300c062a82f365740af25f358d18989d36645ba6be6
roles.py,third-party/vendor source; depend on library instead of mining copy,166,True,3,b80cb5b14075b0c6a9538076c852f25bc1585369a44837cfed91b9f0497106b3
rolling_jsonl.py,test/build/verification/plot/control/package utility,546,False,1,4f81702275b74e8c5db13ac1c5f3be5d5f7435831c12cc1df9a7b29632f9e7c1
roundTools.py,third-party/vendor source; depend on library instead of mining copy,111,True,5,d514976748328b5a96e36b73e964813090f51653ddb60a8a7d68b154df5b77bf
roundingPen.py,third-party/vendor source; depend on library instead of mining copy,131,True,23,be1fc58e291177cdbe4b823c82580630612e1ab8f92240a3453ff0999f237ea6
rrule.py,third-party/vendor source; depend on library instead of mining copy,1738,True,1,289cca95a09dd6311bbb8037f1996db256a801487d9d26dd6ce15d8e9ef429ec
rtf.py,not a useful math/solver mining target,147,False,0,680d2ffe9b16e8a648dcdd7c4ca0e27f178bea6705f040d770f5c3588e2f8554
rule.py,third-party/vendor source; depend on library instead of mining copy,131,True,0,d1f35a4bf68445add43117374f958ca4dfecba6b43c5f6a8af6cb7a1fd5fb419
rules.py,third-party/vendor source; depend on library instead of mining copy,1642,True,9,a030a2cced2c5c25358c30d4877d50c5937312542ffdf464382ab19ad1deb576
run_audit.py,not a useful math/solver mining target,41,False,6,ee9c542c20d33cc54adde808ec7249595d5162c19be5277d7eb3937bbc0fd7ef
run_experiment.py,not a useful math/solver mining target,16,False,0,3630124d63b817efa753eb24ac962b712ea290021e860e31f9ca236600abdd7c
run_head_to_head.py,not a useful math/solver mining target,312,False,75,39f45c4a6251c1469c5bfd9d404593ef7e6d291e6d542c66d66ed696aa24a95a
run_nexus.py,test/build/verification/plot/control/package utility,99,False,1,b5e6abfa7e9d4b765f015cc371d2443c9445d24140a08b9895e9acdd78e22065
run_notebook.py,not a useful math/solver mining target,13,False,0,b1855c8d1f7d95cb1cde2c947dec9647a0a206ea3425b0dfa57f077f1cdd6057
run_orthad_listen.py,not a useful math/solver mining target,305,False,1,360f39e00c0144850f86e0f70ab666c4f3fc952e1d758ffe121aa72dae1e5e41
run_reference.py,not a useful math/solver mining target,107,False,2,a42bd100a761db0df4fa1fc74af94f0f6262631c384ceab16d20b7f1ad33fe64
run_sim.py,not a useful math/solver mining target,661,False,57,cd8df47a477b26bb1428f6fa7599caf5e191aa5dd810a900d87ea7a05fe9a606
run_stress_test.py,not a useful math/solver mining target,65,False,31,d684ff76c037fc234f8f41dfff16bb43ce80053f125381ec5d646705d9701c73
run_uploaded_solver.py,not a useful math/solver mining target,157,False,30,860c3807d09bcac54d75b6ca87b0c4e5d7c9a56b9abf53a135db2cfc920cc8f4
run_verification.py,not a useful math/solver mining target,131,False,47,c8d1702177b331079fbf32841b6fcea9a88d2767420b9790d1264a99492b1979
runner.py,not a useful math/solver mining target,148,False,0,e410c1adeed744264be81cc02ba5da44fbc17b8387e9120a6f85fb5af092112a
sankey.py,third-party/vendor source; depend on library instead of mining copy,815,True,39,78a03d0eb5fdebe6e9a1645d78d9ef0bbdda25f3ed0a707bf1698c3c25d0f6b7
sbcharsetprober.py,third-party/vendor source; depend on library instead of mining copy,163,True,0,fa777717dd22ec6a572e37a12d51ea5411342a55b31af4143c44cb04d9f8a3a5
sbcsgroupprober.py,third-party/vendor source; depend on library instead of mining copy,89,True,0,81c808d1f39f830ff76130a5a5badafcc371c321322777945eb6a82c761be7d1
sbixGlyph.py,third-party/vendor source; depend on library instead of mining copy,150,True,0,b631143d545fc7a82be7299ef14cad193b55ae298a379aa66f34f51993e35e23
sbixStrike.py,third-party/vendor source; depend on library instead of mining copy,178,True,0,74bf0ef4af11e12e915500cff8f56320f06bbdba9b13dcf0adad2e44bd272ead
scalars.py,third-party/vendor source; depend on library instead of mining copy,263,True,125,a0191df4817c472a35c64ef49b1e6aec5aef369d3bc07695abd2459307272509
scale.py,third-party/vendor source; depend on library instead of mining copy,1002,True,99,4800482469b280454eb6e7a48f866ae7b146b27d1395644ffc09df0e91c9d7c1
scaleUpem.py,third-party/vendor source; depend on library instead of mining copy,437,True,20,53ff8d1a4c1f4bd19121a7247445e319867ec12a267143d741a8439de2de02b2
scanner.py,third-party/vendor source; depend on library instead of mining copy,105,True,0,9cd7044d1475b51ba24da1e61d24d310255814f70b7fa98366ed5ee2ef7503d1
scheme.py,third-party/vendor source; depend on library instead of mining copy,26,True,0,3da9261c93377bc38e592645b5fcf5033edfd6678e3499e41ae431165b77c011
scimath.py,third-party/vendor source; depend on library instead of mining copy,14,True,0,aa315a41eab4cc4225ee02aa3a16a3fef9820bf29a15dc9398774b514912a792
scope.py,third-party/vendor source; depend on library instead of mining copy,87,True,0,4cc514f2aa35eed872a9008faa30cb62983f514d64e6a55df96c2226f9c955ab
scouts.py,not a useful math/solver mining target,87,False,2,ab9e9acc214247396f4e174093a26f008ff01ad23d2e7215bc1c32432bb3040c
screen.py,third-party/vendor source; depend on library instead of mining copy,55,True,0,628791784494871ef882ba9bd264926fd960861cac5a6147621b1b3154235cef
scripts.py,third-party/vendor source; depend on library instead of mining copy,448,True,0,42fa7be84f49737220c98b9b9e9a88f5f4bb7ac78639ee058e97952aa2adf48c
scripts_make_figures.py,test/build/verification/plot/control/package utility,230,False,33,f370bb3094b299b6fa8f74b0f2841e3e55fce3e5ef518e3085917cfbc0a4e918
scripts_regen_figs_1_3.py,test/build/verification/plot/control/package utility,39,False,6,5672daeea216029165af67f0f7ad7ee5bfb360751b4dadd5fef70263e9ea3aae
sdist.py,third-party/vendor source; depend on library instead of mining copy,165,True,0,458c1021bbb1a4acba3a394164201e7f1a4c0daa28714438745b61786b224ce4
search.py,third-party/vendor source; depend on library instead of mining copy,179,True,8,cdb32c5ff6004a3ea45c0e972018130efd1b18ae75c46f825772329d925c13e7
search_engine.py,not a useful math/solver mining target,139,False,2,a1ddd00323aa779654d93e9fd944efb41cbe35c82d4791cea1ee902e197b3282
search_scope.py,third-party/vendor source; depend on library instead of mining copy,127,True,0,d61c54d8856c01a2d9563a7409bcc96d8698cc2c6fef6fd06e0dc92f4aa15e8d
securetransport.py,third-party/vendor source; depend on library instead of mining copy,921,True,2,15e7f5208514147aa97afcd78833db20690329c858d8554a79578b191d50ab78
segment.py,third-party/vendor source; depend on library instead of mining copy,753,True,0,a2d9ca78a18457e591950568b1f2557850dc0f100a1e9bc9fe12f34aee65ba63
selection_prefs.py,third-party/vendor source; depend on library instead of mining copy,57,True,0,203380ddeb91b72a9653220aee55f66f32196ac62212fba7280e87dcc9e093e3
self_outdated_check.py,third-party/vendor source; depend on library instead of mining copy,256,True,0,cc32acc8b32e7c51ee119635e9646ed76f4505b069f800eec7258c20de2284f1
serialize.py,third-party/vendor source; depend on library instead of mining copy,147,True,0,1d0776225950d391f33e454b3174c5dae5f99a31108c3064c42a94254383a599
session.py,third-party/vendor source; depend on library instead of mining copy,533,True,1,ef32bb11e402491162a6ee19cdc5a5d55dc030a9225ddb46a85afb1af5362eb6
sessions.py,third-party/vendor source; depend on library instead of mining copy,832,True,2,0a5d5da449ce7f0af3ccf6e4bbe7a67a935e37846dff4ff9f08cb6c7e2464e6f
setup.py,third-party/vendor source; depend on library instead of mining copy,40,True,4,3b3f154b2d028de51ed79d7a1d0b607c1250213934628fe613d15c415805eef2
setuptools_build.py,third-party/vendor source; depend on library instead of mining copy,147,True,0,a2e5e9b9dfa3792f313f24cfb1727e9b7e0d3ef2b9a2ce39a2d03375257f2091
sfnt.py,third-party/vendor source; depend on library instead of mining copy,665,True,0,0f97fb92f657eeb5c37260ea5415ea3cf922e24dbb4208811588bcce21f63a25
shadow_residual_theta_gate_v58.py,not a useful math/solver mining target,29,False,0,fe723e19ff0bce42a21b15c516b8ac3ed9b0c693df3cfca09ab63fb59db8a5ea
shape.py,third-party/vendor source; depend on library instead of mining copy,20,True,6,183bf5ebf19372f8610cc4c1ac616f786aa9abd1caa3ec9b1a8d1bff1734ddda
shape_base.py,third-party/vendor source; depend on library instead of mining copy,997,True,88,1d6e897dfdb7edf2d71e8ed75254a6e7106b1a947592f88d91af96d1ad2c469e
shapes.py,third-party/vendor source; depend on library instead of mining copy,186,True,14,e4d604f8949236cc54b764f6d192b74c8156acd837707dc44ef393c1a93ee9c0
sheets.py,not a useful math/solver mining target,41,False,0,46b5e8dcb23b6cc53e912d7931d7dac7d135431abdb541ccdfd2a63b5873ed6a
show.py,third-party/vendor source; depend on library instead of mining copy,232,True,0,a0b54921f2969832a6d12b101848b7a68ccd8aaad78d3adab3f7db05260aa410
simple.py,third-party/vendor source; depend on library instead of mining copy,171,True,43,df82747cd198bd947a582ac29c222aeafd70df9edde7e91f632a23e792c9d5b0
six.py,third-party/vendor source; depend on library instead of mining copy,1004,True,0,c51c91f703d3d4b3696c923cb5fec213e05e75d9215393befac7f2fa6a3904df
sjisprober.py,third-party/vendor source; depend on library instead of mining copy,106,True,0,6aa42e7cccd1c38e99a45973998698793dbe9f398a6fe86672b029a6927ceb69
smoke.py,not a useful math/solver mining target,65,False,0,99e133879f838a82a666bb91c7dddf41b8ede597c0ac5c0b5f720c90a3454e37
socks.py,third-party/vendor source; depend on library instead of mining copy,217,True,0,6918bd7965e8f5911bf795d4c5e7f8676d421659e78db122028f473ac7a832de
sources.py,third-party/vendor source; depend on library instead of mining copy,288,True,0,9d72643a384bcbe3b616caca53d448a823aa818d8fb28296c9bb598e3460a94d
speak.py,not a useful math/solver mining target,142,False,3,4cb12138bd354f9d550ef2aff5c3d7eacd322fe700f98aef5c5a7c8e22b6fac5
speaker.py,not a useful math/solver mining target,107,False,2,f1dd5e6f4ae74b51e8e7ea784a45e061ab28467e3cc459e2b411514010d174ba
specializer.py,third-party/vendor source; depend on library instead of mining copy,928,True,2,bec38f911fe31cd7bab444901239a6d22efacbbb1623930aa376ec4e6237b0d3
specifiers.py,third-party/vendor source; depend on library instead of mining copy,1944,True,1,31fa7c6af420d25568b75eeda3d955281b590f516c5814c8b681b0154677c2d8
sphinxext.py,third-party/vendor source; depend on library instead of mining copy,248,True,0,e71ed987d62553a212277d5d33076e89a6a76f97566672a0dccc8442cb1e3674
spines.py,third-party/vendor source; depend on library instead of mining copy,613,True,17,443a8d8354a87c2e04aa441b7d67f0d0d7cf4d3befdd8475737bb928e3192744
spinner.py,third-party/vendor source; depend on library instead of mining copy,133,True,0,a27221a4a9658d11e9a5365ab313bc91782d632087524a5280a825449de8e758
spinners.py,third-party/vendor source; depend on library instead of mining copy,236,True,0,109cd921937252d2658e9dfe5a372cc88aeac56f8752c7d6ce1b96f389ff4eac
split.py,third-party/vendor source; depend on library instead of mining copy,476,True,2,141d4dbaf8543b8e77517bde4198bda32ad6fdc6a808f3374400e9d6b616903b
ssl_.py,third-party/vendor source; depend on library instead of mining copy,505,True,2,403bae4f13d20a3d6b62d678c690fb531fabdb44c3e74687caa2b2850ec1ab80
ssl_match_hostname.py,third-party/vendor source; depend on library instead of mining copy,160,True,0,22be1c65512398093c8140081d64a2ef0b4e3bcdd4098001636c450f5425fd60
ssltransport.py,third-party/vendor source; depend on library instead of mining copy,222,True,0,340faee6b313ac3143142f10cd129410a306d39eb584e0f8a814ebdd9e29bfa1
sstruct.py,third-party/vendor source; depend on library instead of mining copy,228,True,0,bd438377608abc72ed8ebef29f52bde07ba2ff2c4e3d62a696002604c9b72834
stackplot.py,third-party/vendor source; depend on library instead of mining copy,144,True,12,ddcf626e707038e9d89f5a41bb24b1a159d4ac78fc44931ee6dec757ceac60ad
standardGlyphOrder.py,third-party/vendor source; depend on library instead of mining copy,272,True,1,ec063f7d559db706788afe6e59dc8a01471b1108920edd65378b2ac7dc57c04d
stat.py,third-party/vendor source; depend on library instead of mining copy,150,True,0,5ee34a299c46941ae5e0e1850c0c155e1a41c098b6dd4dc174798d4caa099ef1
statNames.py,third-party/vendor source; depend on library instead of mining copy,261,True,0,81718a595af58eedbfa0bf91fc3932a19dc6948ee67cb391a2fa64d446e09af7
state.py,not a useful math/solver mining target,86,False,2,640d86437be34fbedcf00f3403bd3463e3413858e32256ea3a3ddd31a51cef55
static_audit.py,not a useful math/solver mining target,82,False,7,6cd6989ce16d9f41d0eea557740e85c0fbe6c93277471fddd669cf6391aead2f
statisticsPen.py,third-party/vendor source; depend on library instead of mining copy,313,True,36,a6258ae8d8e35aa93d30b44e8de136fb812cc5560cc8d53b5101460ffb6b13d8
status.py,third-party/vendor source; depend on library instead of mining copy,132,True,0,9243e987761e019068f97fb8c0fa7c813a99c94e3ae8d2f06410383d94d37b0a
status_codes.py,third-party/vendor source; depend on library instead of mining copy,7,True,0,b0414751a5096eabfc880acbdc702d733b5666618e157d358537ac4b2b43121d
status_http.py,test/build/verification/plot/control/package utility,203,False,1,ed81cfd90113bbedc26d9eaabdd8133a0d95294a8d79a0e721ea4d420d35c091
stimulus.py,not a useful math/solver mining target,63,False,1,c1aaa4b092577451b4a84d51e50762cb5f884e0f0ec6ab81d296245094b91fe9
stop.py,not a useful math/solver mining target,104,False,0,60c26ced98197cd0fae4f44baa5181fda8297c65e57a6c7fe479b83ca9c1aa94
store.py,not a useful math/solver mining target,160,False,0,c50d73008acfa1505fc7fc3e9d579641e3e3b7707e5eec9a13a6699617cda329
streamplot.py,third-party/vendor source; depend on library instead of mining copy,768,True,115,b69641fe9acfe3b41a67cfbd83d44561bf615d0448eb18991a8ef866f1e5ea37
stride_tricks.py,third-party/vendor source; depend on library instead of mining copy,2,True,0,c74fc17f097270102547706fa714e775e3fde9d1c14ff7c049b9134d3cc16202
strings.py,third-party/vendor source; depend on library instead of mining copy,1814,True,299,725c16c3218fb3441b56465b94f08d5a84eea24669d3b9189ae45a6ab9aee332
structs.py,third-party/vendor source; depend on library instead of mining copy,210,True,0,a6ef84262476201213af649078d3d16b4ad7863952b5f98efc6120021af7d34e
structures.py,third-party/vendor source; depend on library instead of mining copy,100,True,0,f886e6855cf4e92fb968f499b94b6167afba0fd5ce8d1b935c739a6d8d38d573
style.py,third-party/vendor source; depend on library instead of mining copy,204,True,0,3e5399aa5b274d5779f111b2e74be403671743f94fe5b1791063040539e8e830
styled.py,third-party/vendor source; depend on library instead of mining copy,43,True,0,799367cc6ac8e248bfe78a606373a3d13fb1de5c5d5d3621e3faf20c1db8c015
subprocess.py,third-party/vendor source; depend on library instead of mining copy,249,True,0,af8f816bf61cdee6574298b42b8a5916c093fd0a9d4afb45dd727edb4e1059a0
substrate.py,not a useful math/solver mining target,241,False,27,cf455c6c0e34c27a44f56d3d0fd0e344048b84264008f096df5a3fb04ef0aa52
subversion.py,third-party/vendor source; depend on library instead of mining copy,336,True,3,b9481d3efc66bc407c430b63af41dcd178058db88d8b971bbc8e2f0112ce257a
svg.py,third-party/vendor source; depend on library instead of mining copy,253,True,2,b1bb91d141d507ff6f6086fa75609b679c82aaeb21929a79960f9ff4d79ab413
svgPathPen.py,third-party/vendor source; depend on library instead of mining copy,311,True,4,4f76fa4994bd07db1558c2bd992143b631debe242cff23893992aae5283965d8
symbolic.py,third-party/vendor source; depend on library instead of mining copy,1519,True,5,a83d5d2d5d592ecb881814f794736c91abdbdfd866c2ee0311a934916928e681
symbolic_audit.py,not a useful math/solver mining target,197,False,24,03ea24ba36d9d3ab9008bff3c7c3382d7975b15e604a0c522a77298fd1565dd0
symfont.py,third-party/vendor source; depend on library instead of mining copy,243,True,4,c79670a8af4893da2b1baa927ed8151b2801144d704d29e0acc2b659ed59e403
sympy_phase_native_live_decoder_v10.py,not a useful math/solver mining target,19,False,1,40fa89c28e294d1145155e72801d86873cc15ebebe0c435e06cbef24233afbfe
sympy_phase_native_local_decoder_v9.py,not a useful math/solver mining target,12,False,1,6e44a902f7c241204423184e3f3233f1f8f9f22d41f72fb53d724b886295f636
sympy_phase_native_streaming_spigot.py,not a useful math/solver mining target,37,False,1,78b568f35c8efb84bcc0ac8ab97d50f48d778005a069aa163a1b2643053501cd
sympy_phase_native_streaming_spigot_direct.py,not a useful math/solver mining target,32,False,1,d2938119661b37ddb3c5749a93ef87cb8b6732d45a8d5f4e434f5622f0ea2e33
sympy_phase_native_streaming_spigot_direct_v3.py,not a useful math/solver mining target,30,False,1,d306abf4e38a99f3d45bdf6a23ac1e7b7f963bee3af063ebcd79438f763122a1
syntax.py,third-party/vendor source; depend on library instead of mining copy,986,True,0,78328847097ef9e6742f0a3675ad9146d7eeb5719abeb24eeb50a5e4e912e7d5
t2CharStringPen.py,third-party/vendor source; depend on library instead of mining copy,89,True,0,1a01a495be57b027abd30dfbba38112d15f1f84bb3745b32098bb30b1e27f90b
table.py,third-party/vendor source; depend on library instead of mining copy,860,True,14,06133cbd954fe0ceb4cf8257951f687083c53538e5f258d4ccf3bb5a7b353dbf
table_builder.py,third-party/vendor source; depend on library instead of mining copy,224,True,0,65e96d598ea7f983e226ffe14358815e8105006ef410ac59c92720b0c2941465
tables.py,third-party/vendor source; depend on library instead of mining copy,353,True,1,ed2cd760bd386b00c40e1bd4dbef53ffc0368008ef806c9800750809424ea598
tags.py,third-party/vendor source; depend on library instead of mining copy,933,True,1,350d707a8ebdfd28ed7b7c4167523f1badc22200a668dd02db89b3fb3de1198a
target_python.py,third-party/vendor source; depend on library instead of mining copy,123,True,0,2347854be7a26b793086b3af82ca61159b4d001d88c1767d4abf5fa7a22304fe
teePen.py,third-party/vendor source; depend on library instead of mining copy,56,True,2,3f501124e08c27a3312be3c1d7267e8a9b370947e769d5989d0fdda3a5486ac4
telemetry.py,not a useful math/solver mining target,57,False,7,82ad857216a9a1a4365e9cabb11701150c93284c252a2d0760742d87cf1dbe98
temp_dir.py,third-party/vendor source; depend on library instead of mining copy,295,True,2,0fd73c0fb58e3eba0e3bc1860eaa417954a3d74346166ba71b4a364e87638c85
terminal.py,not a useful math/solver mining target,128,False,0,146faba6346916636988607837322e72fc6aeac4085c1dc7393a3699e4cab6b5
terminal256.py,not a useful math/solver mining target,339,False,0,d77489dc3e6915da99f7344e13a1db5a7043c07bce184f0696c9aa1a1a6b469e
terminal_theme.py,third-party/vendor source; depend on library instead of mining copy,154,True,0,d63e7eb9f25f9ef940a3942c8bf0026625c39b0317cea826141c8e6d3f7ec896
testTools.py,third-party/vendor source; depend on library instead of mining copy,234,True,7,def8ff2a59544151225456d2d12cd399eb8abf8e3e2fe762b08d5d6785e139fc
test__all__.py,third-party/vendor source; depend on library instead of mining copy,11,True,2,0176d3f5599149362af5b79b6b87751289bf57d4955d712da6405d116d970aa5
test__datasource.py,third-party/vendor source; depend on library instead of mining copy,329,True,2,aae16cb323008efa343210fde5df35b9900e57002a1f91b921dacde686416292
test__exceptions.py,third-party/vendor source; depend on library instead of mining copy,91,True,12,96e313eaf3c875fe8bbb014d1b24fec4b31968a644618385cc5a4c69eb288e81
test__iotools.py,third-party/vendor source; depend on library instead of mining copy,359,True,34,18515e26a8345da61090931bab85705aab9aef2f0104f499c6853cb25962147c
test__version.py,third-party/vendor source; depend on library instead of mining copy,65,True,26,4b05e812a31aa7ad377368ddece36877464e550797e93fb302b31fd373821dbc
test_abc.py,third-party/vendor source; depend on library instead of mining copy,55,True,10,f72d92b097643de574a16e9db1138f64e710ef6fe65e27b5b94db23cdf77c33a
test_abstract_interface.py,third-party/vendor source; depend on library instead of mining copy,27,True,2,3d73500740d9766759cb2b09901f1ff46634fe103784692685af1a4015dcd529
test_actions.py,test/build/verification/plot/control/package utility,15,False,0,dd72cfeed1e43c2e53368496f365a4e1c2c4b20f31c786a7a83b5948da17c24d
test_active_graph_regression.py,test/build/verification/plot/control/package utility,88,False,15,9c833c50efa6f223c477935986ae7e7ff0d3a2748c2a6628432a7fd6a63f79e8
test_afm.py,third-party/vendor source; depend on library instead of mining copy,149,True,2,59907d418b44901328b705c3649120c105f0ea2e485a1cd4ffd16a99102e61d8
test_agg.py,third-party/vendor source; depend on library instead of mining copy,390,True,33,af16264557d5d2be3f0f882dfe1cf212187ce097a85747b69dbf9ff55ee58f9f
test_agg_filter.py,third-party/vendor source; depend on library instead of mining copy,31,True,2,9a49d854656023e3ce51077f82a3fc75042898a6373b7f93bbbf8cde4e7cae39
test_angle_helper.py,third-party/vendor source; depend on library instead of mining copy,142,True,18,3f0849c019b6924e2e33285d3b96ab42cf0896a497daf37486f53323b607aabc
test_animation.py,third-party/vendor source; depend on library instead of mining copy,561,True,16,18dea90b48c8fbb75d2c67f6dd5fa009c69b130767625263762798712b2836ee
test_api.py,third-party/vendor source; depend on library instead of mining copy,179,True,3,30e95265e3c5610bc63d5854603824a15f16e8ae3a876290c27410004fb1305c
test_argparse.py,third-party/vendor source; depend on library instead of mining copy,91,True,10,0d12d00f94f186e76b419efd866e5db3778ab1787f51bed0b2f118cec743497d
test_array_api_info.py,third-party/vendor source; depend on library instead of mining copy,114,True,49,0ea5da065100fa5eb8512be2a65f69feecf463bbd22d5fd1c7352f3f79b7a159
test_array_coercion.py,third-party/vendor source; depend on library instead of mining copy,946,True,253,73d9e6e4c6e82a36d6f27ba6f09d14c1e89fef9edd6e87e68a074f5083c25588
test_array_from_pyobj.py,third-party/vendor source; depend on library instead of mining copy,733,True,50,df3605604d7caaa268fc5157c55a17e35e14fd39eadd0ae89756b34df351f491
test_array_interface.py,third-party/vendor source; depend on library instead of mining copy,223,True,14,977f55b95e2709d21e575454bccb638cfa2102022f24ff95dc643931a3eb54af
test_array_utils.py,third-party/vendor source; depend on library instead of mining copy,33,True,7,84f5ed0a3a0129ee8c3fdd6c83fd38101a51620ecc213565080803d4049c8f1f
test_arraymethod.py,third-party/vendor source; depend on library instead of mining copy,86,True,27,67ccb0c9a462ec65ed5f2a690f9e86df47f39ce2a82d0daccd565116d86bc77c
test_arrayobject.py,third-party/vendor source; depend on library instead of mining copy,199,True,47,b9165206e41aa5f911e567da0d5d114b741ea1152612c46f539ab37ade1632f2
test_arraypad.py,third-party/vendor source; depend on library instead of mining copy,1428,True,280,951fca963be4dcff213db3436fb8fad3475771a4cbc1569da8fce9135a669b9b
test_arrayprint.py,third-party/vendor source; depend on library instead of mining copy,1364,True,343,d96991880c806a50529c991e339b59ead5ba16a8d2db23dae877c41373f7d64d
test_arraysetops.py,third-party/vendor source; depend on library instead of mining copy,1305,True,417,3dccaf565c8d1bd58488503fd2ec883e310b3452ff07ed33b02f9f6dc5cb225c
test_arrayterator.py,third-party/vendor source; depend on library instead of mining copy,46,True,8,ba4088f1588ac14826725b80e58ae88604b2540d2d822b908c36e6e1a7e12f79
test_arrow_patches.py,third-party/vendor source; depend on library instead of mining copy,222,True,2,c57e93524d30f613d5dd8b0355dee33b04c36dabe08b4f88075bf134be1393d1
test_art3d.py,test/build/verification/plot/control/package utility,120,False,22,a10960b58db804421f1388690f5f8ee06698c16ed9aa3da82ab7123163403e3f
test_artist.py,third-party/vendor source; depend on library instead of mining copy,626,True,48,2b96a0f27ba0330a9653efa762fc5dcb2ae86d0e33e3367102b721900d4e52c8
test_assumed_shape.py,third-party/vendor source; depend on library instead of mining copy,53,True,0,791baf04573658be959fd6a046e2d423f4d71b01a666c258998a737ce1a77bf6
test_axes.py,third-party/vendor source; depend on library instead of mining copy,10389,True,1050,d4d752e582bc5c17b3bbbe982b3bd9a8980948a8be93055b355a053c1a3e6234
test_axes3d.py,test/build/verification/plot/control/package utility,3207,False,635,11fc12a0e5a29cf5ec9233c4fe375275ab855389ed44ecb495827dab03c3238f
test_axes_grid1.py,test/build/verification/plot/control/package utility,796,False,36,1b44f2c0359ca7dd5097416f632b6db4a81e9123d4aa003be92f0983bd77cd90
test_axis.py,third-party/vendor source; depend on library instead of mining copy,131,True,3,4001f6e7c1862228068f2d2775675d8aeba52dc652bfa15412c9b58768d5bcd4
test_axis_artist.py,test/build/verification/plot/control/package utility,120,False,4,c174b60d43af13a2a425e1fa66d316eb35ce89aadfcb695ea86283f00f9719f4
test_axislines.py,test/build/verification/plot/control/package utility,147,False,12,88862ce5ebf34370705deb6299f5cd67910b8ed22cabc1d1a236306997ef44ad
test_backend_bases.py,third-party/vendor source; depend on library instead of mining copy,584,True,22,77216e39d50dafd094f35028dce0ccd8ef838433a2af666d8939a05dfa57eecd
test_backend_cairo.py,third-party/vendor source; depend on library instead of mining copy,54,True,3,62011eadd82a57b5a007094781ecfb1e28abe02b221e8c8e14dab082922dbf85
test_backend_gtk3.py,third-party/vendor source; depend on library instead of mining copy,30,True,0,60fb24a3cb18b16053df6b4666a6dfbabb01db59d73ff0ad71b54b7f5732c48d
test_backend_inline.py,third-party/vendor source; depend on library instead of mining copy,47,True,0,273d645d85f61b11aa5c66c3c4ced07f8da74a87c44772e85e8b947844c0e4f7
test_backend_macosx.py,third-party/vendor source; depend on library instead of mining copy,110,True,0,b2913d1ac742021c95513aedf2a23efc689387c671b3ac95bbff9678e0d91781
test_backend_nbagg.py,third-party/vendor source; depend on library instead of mining copy,43,True,0,9e7381bb7082ace933351e09d22a7767e930cc7d47f0a4a5d29609dc93f98cd3
test_backend_pdf.py,third-party/vendor source; depend on library instead of mining copy,731,True,31,70d317772ebcc6da0f855b3ecec6ca1302a1a84acb26d933f01b8db54e615167
test_backend_pgf.py,third-party/vendor source; depend on library instead of mining copy,443,True,7,b8f9f89ead48297f82832da00614cca75e8a8e0600942403e3906e199f746009
test_backend_ps.py,third-party/vendor source; depend on library instead of mining copy,410,True,4,72249e9a9133d55422d59db97e4c5550844e6fa1a0684f6d1484e88c82b48c27
test_backend_qt.py,third-party/vendor source; depend on library instead of mining copy,389,True,1,95612cceba75fb02e2f37fabda208f82f10e7854d8eccd2053f8dfb8e6a898f9
test_backend_registry.py,third-party/vendor source; depend on library instead of mining copy,170,True,0,20da1ab3dfdc81e8c14bd065149c633d379674486ac4bf1745cb9cfa2b142bb9
test_backend_svg.py,third-party/vendor source; depend on library instead of mining copy,708,True,33,67da1f3e178a9bc9e52b6580bbaaa82a73c2cd2d5f6d21ddd5279cb5b156706a
test_backend_template.py,third-party/vendor source; depend on library instead of mining copy,63,True,0,bae13ba19f694815435ab3cbd390745a0085b20bfa1e55f27adb8f4df267e9af
test_backend_tk.py,third-party/vendor source; depend on library instead of mining copy,333,True,25,22d916b9d2935ef5ca0333740a178fdc99d2a42aab0bab6f46aa2744637204d9
test_backend_tools.py,third-party/vendor source; depend on library instead of mining copy,21,True,0,0be07b3429325ac4392b34049c8e417b5e83b001c764953d3f9bfdfbec2c17ea
test_backend_webagg.py,third-party/vendor source; depend on library instead of mining copy,81,True,0,c6710c9accf6bc18a0969aa0f480e1d60086746871a2d819a448a7667f56f818
test_backends_interactive.py,third-party/vendor source; depend on library instead of mining copy,813,True,0,25deef5f41440cc2e652365737fb0dfa13bf6c2db94966a5fcafe91bf6d63beb
test_baryon_relation_dynamics.py,test/build/verification/plot/control/package utility,73,False,22,9e4e5e95b91e66571a0cf6d2836df460c624d1e7793793084062cc5b89de62ae
test_basic.py,third-party/vendor source; depend on library instead of mining copy,49,True,0,676b8c62149e6dade761e9e8bbcbad4804d212ae0b8d8be6fd5f55eb029a6c59
test_bbox_tight.py,third-party/vendor source; depend on library instead of mining copy,194,True,12,bb81b30e45cd7ca95433a9e9dae1b1c67841ca28f69d4fdf86bc24ed6ba26f8f
test_bezier.py,third-party/vendor source; depend on library instead of mining copy,49,True,12,e29f8c9c82060fb12893486f624664ad6d085b77b06bcac3b377a9834a6f7e86
test_block_docstring.py,third-party/vendor source; depend on library instead of mining copy,17,True,0,5fbd9f44ac5f33640654dec3331db6791664122bb3cb4a4fbef314c81ca61873
test_callback.py,third-party/vendor source; depend on library instead of mining copy,263,True,11,ad462a269170f86ca7ab9a7f2fd434daca52987a11b2af1a237234e09f9802d4
test_capi_maps.py,test/build/verification/plot/control/package utility,11,False,1,f6c842098b3ae8024ab1b3f1e13f962927c73c2488e3bec990fb80d42e5a69a4
test_casting_floatingpoint_errors.py,third-party/vendor source; depend on library instead of mining copy,155,True,49,431ab06b96ba03efacbaef26e33c1170a510037e7cda8cc59fd5907026c08224
test_casting_unittests.py,third-party/vendor source; depend on library instead of mining copy,971,True,162,46cc4ce0866d18c1cda2e82f8598845a6d95845b53afbfb01590ff35c2f396ec
test_category.py,third-party/vendor source; depend on library instead of mining copy,332,True,18,a7de62d3f3cc3f65e22a380d4a4a1e93e7e7fdb55a8f0d539d3ec7dbda37c932
test_cbook.py,third-party/vendor source; depend on library instead of mining copy,1233,True,128,75b46d9cf06a4038638248afe8d32809b1e6ff071131f1d80d9607a3e12b6424
test_certifier (another copy).py,test/build/verification/plot/control/package utility,33,False,1,20b07d2124972c2d9b9bb18a7b32bbe5338c114d48cbb73d2e189745f4dff496
test_certifier (copy).py,test/build/verification/plot/control/package utility,33,False,1,20b07d2124972c2d9b9bb18a7b32bbe5338c114d48cbb73d2e189745f4dff496
test_certifier.py,test/build/verification/plot/control/package utility,33,False,1,20b07d2124972c2d9b9bb18a7b32bbe5338c114d48cbb73d2e189745f4dff496
test_character.py,third-party/vendor source; depend on library instead of mining copy,645,True,59,a9c9eb98ea7e1a6e2e4fac0cb3521f82aa2340d6aa97a820a81c464b3d0cd281
test_chebyshev.py,third-party/vendor source; depend on library instead of mining copy,640,True,86,1d8e61512fe5729148d0c54df3a6b8d3a35e18c256dd083dc1a2ebbb490a6033
test_classes.py,third-party/vendor source; depend on library instead of mining copy,626,True,69,eadb9e0004dfc87c01bd0d784e4cc19578491e9b65804d00afce4998fa8b0418
test_collections.py,third-party/vendor source; depend on library instead of mining copy,1555,True,194,03e2192a28d18d2f8b97aa9766780af1d70ee54f759ac426045cea2c1fa7c0e8
test_color_singlet_composites.py,test/build/verification/plot/control/package utility,132,False,43,14358175d98c90cb5dafc49e62742a1e93b3fdd58e363006eda2c8f68daf91e6
test_colorbar.py,third-party/vendor source; depend on library instead of mining copy,1257,True,137,e4912281262a98609b7bafa306bb1f60f9b2d8999081c661c5fa9956f2d9dac0
test_colors.py,third-party/vendor source; depend on library instead of mining copy,2250,True,281,a72d842721f6825dfaae8bcc03da7ab5ad849e508e673bd184de6554fe3b4f09
test_common.py,third-party/vendor source; depend on library instead of mining copy,25,True,6,255c08ccc131f99f6291cfb41087bab28058a6ffd923df47ad3006f3831c8547
test_commutator_service.py,test/build/verification/plot/control/package utility,20,False,0,ce413ef9dface4b37d3c6203ae92ed4de438b5e2c38de33a555220c509cbbeae
test_compare_images.py,third-party/vendor source; depend on library instead of mining copy,101,True,5,24f5e20df170beef1eb28d8a6202ba4b950ab95be6e6ed21b3d7470fcb936805
test_compiler.py,test/build/verification/plot/control/package utility,32,False,9,e993bd7d5e6eb72da39b63e8665f675ad78201fdb5cb2c3ba089d4e232030072
test_configtool.py,third-party/vendor source; depend on library instead of mining copy,52,True,17,556d23e06cfce6de7d0c63b0a64918f480f4c923cb918eacf472c20e511fbc32
test_constrainedlayout.py,third-party/vendor source; depend on library instead of mining copy,856,True,36,64d2598629175f3241fa6ad751066ea7f38f3398d61eefa9e8007fea468e62cc
test_construction.py,test/build/verification/plot/control/package utility,6,False,4,eb96eb0f4584838a7da751fb90dd17c554175dae1324470294c5143bd40e850f
test_container.py,third-party/vendor source; depend on library instead of mining copy,79,True,6,1fd09e2d1b29d1dcd46e80e2819231f4303e1b79e948492b2f15565b0c447962
test_contour.py,third-party/vendor source; depend on library instead of mining copy,901,True,185,54f545e9997f00e6eaf6f3cc9be55eae6fe768275ac42ae901aef0ae6b2823cf
test_conversion_utils.py,third-party/vendor source; depend on library instead of mining copy,210,True,4,e2db425fb76703ff294cc13cee86d48f2f0a0e4c37a8bc12661ad5a4b400db9a
test_core.py,third-party/vendor source; depend on library instead of mining copy,6113,True,761,dccb4bdc1e2e2a147983147536bd00d568fc442f826dc162ab8824f37f9aded2
test_core_boundary_guards.py,test/build/verification/plot/control/package utility,200,False,26,94ae1e233bf18acbbb9c90bd4570104fb7d87b3dce5af6399618d1636146811d
test_cpu_dispatcher.py,third-party/vendor source; depend on library instead of mining copy,49,True,3,0bd96f2d7e01e5de63d81186794fffffdf75f6efc7930c0f83af463ff19e7489
test_cpu_features.py,third-party/vendor source; depend on library instead of mining copy,495,True,3,8458342506f4c12feaee637a6fd23232a3b8986f77d52f3b24c6df50623a8e4d
test_crackfortran.py,third-party/vendor source; depend on library instead of mining copy,428,True,15,585b4db94707eff2ae786b0a778fc3d966feb42f49f4cde71205bbd60b4347f0
test_ctypeslib.py,third-party/vendor source; depend on library instead of mining copy,407,True,93,9b7265f3ede31613aaee88a81fa61076f9bc09775d4b9ec82a3ca7a666357498
test_custom_dtypes.py,third-party/vendor source; depend on library instead of mining copy,420,True,128,1bbafdc6c44235cf304f8a01cda157ceb88eb4ee0e5405d8bc3778f45223a12e
test_cycles.py,third-party/vendor source; depend on library instead of mining copy,176,True,7,dcac919961f6f56520bc85d44f4ead2950cd09f0d6ab1bb194bb9e229f85225d
test_cython.py,third-party/vendor source; depend on library instead of mining copy,378,True,50,4cb1236228698b027765972e16c78e131522851b7b898dedadd6c71d6070c261
test_data.py,third-party/vendor source; depend on library instead of mining copy,75,True,13,2b287a11db951bfe214e64be092e7affe97af18ec6c27817721493a0f5897b09
test_dates.py,third-party/vendor source; depend on library instead of mining copy,1414,True,72,7aa1eb44a3a8a50640432c2088fd5806bf285499c456aaeb869f644ef88e3ea5
test_datetime.py,third-party/vendor source; depend on library instead of mining copy,878,True,99,90489822bdbcb9ba9b3aab712467c5b875319597ce6e2b25d3a44d1d887a47fa
test_defchararray.py,third-party/vendor source; depend on library instead of mining copy,880,True,199,03a67d60f73134c440dec222b079e9973c5f6fc345b4a2ebbd56421ac91c9b31
test_defmatrix.py,third-party/vendor source; depend on library instead of mining copy,476,True,218,f9c8032747bb44ca26691398c26390ff6b35682a650eaf790a3c453caf0de709
test_deprecations.py,third-party/vendor source; depend on library instead of mining copy,512,True,110,781fdb14d594e37aa9bcf9cb1ba0e346fba5bafbe1cd4a2fa2e187be636adb0d
test_descendant_factorization.py,test/build/verification/plot/control/package utility,29,False,0,16476c61458c48b649cc64ccae40d1147cdf61e24d2fcb8008ed3d4571a26690
test_determinism.py,third-party/vendor source; depend on library instead of mining copy,233,True,3,a3542d2f5ade605d10913ec05da967c9c5627acb3ff9f11c4fc8d23f30966273
test_direct.py,third-party/vendor source; depend on library instead of mining copy,621,True,76,179f4a5d033f2079c4cdb8873c4c523e6d608d0d07067044a742dff56f15ff4f
test_dlpack.py,third-party/vendor source; depend on library instead of mining copy,263,True,116,2730cca80cc56597f228f3c9bd6b883a457be7d0c81c343f380288455c4ad847
test_doc.py,third-party/vendor source; depend on library instead of mining copy,36,True,0,13beaa0559670398c21fc31ae03068ce1ceb129f49ceaaf7aac213214218edb6
test_docs.py,third-party/vendor source; depend on library instead of mining copy,67,True,6,81a47adafa456889dafb9d115e0788f6137c850d8b9fe0939e03229daea3f63f
test_dtype.py,third-party/vendor source; depend on library instead of mining copy,2081,True,623,0b3cb39ac8fed2fde11cc5ad5655273b2e27d1ab15a00b1e1c67666bb06520f9
test_dviread.py,third-party/vendor source; depend on library instead of mining copy,150,True,0,c64012f730e15520db8ea783108f93c7fc4ea7126c11dee4c263a43f91ed65ff
test_einsum.py,third-party/vendor source; depend on library instead of mining copy,1369,True,457,a93befd3c9d981456bd7f0859bb447ac067a38e6d5ddcd6946744c47d790b73f
test_engine.py,test/build/verification/plot/control/package utility,56,False,2,2a8a6e550859331668f9f5e0e0a309b853aa2d5c73674b6110c36a6750a1a97a
test_errstate.py,third-party/vendor source; depend on library instead of mining copy,132,True,36,e1e86f96786243acded63bf5163ed2bd7c78e0e40ac9d215b3b36d3678ca647b
test_events_adapter_inhibition.py,test/build/verification/plot/control/package utility,136,False,3,0f08ca30d0f6f9b4bab0512055ef98cfd619269eaa4e5a2a68ed4fae22404fd9
test_extending.py,third-party/vendor source; depend on library instead of mining copy,130,True,12,79ffac1d5048a7e2fb773cbd6e043503bace0f5b39704b1e9d3c3c7a663201a2
test_extint128.py,third-party/vendor source; depend on library instead of mining copy,218,True,7,a281ce5ef6148392b6251b94bfd69eee65a5deaa035c562cf4881bf9acb9e0b0
test_extras.py,third-party/vendor source; depend on library instead of mining copy,1946,True,459,e25c3f3e366a40f0e2f9e7b5d0e80ad533575170b8318d94ad4aa9fbc5002ff6
test_f2cmap.py,third-party/vendor source; depend on library instead of mining copy,21,True,2,a75ff9bc4557b65c3e1dce82ada3edd321bbc9e2d621c2bd6392e1c4da1f220d
test_f2py2e.py,third-party/vendor source; depend on library instead of mining copy,1007,True,8,886623fc8d54c87c9682894c3f4dca4f5ba5db9aafccb894be1132d61cca84f4
test_fibonacci.py,test/build/verification/plot/control/package utility,16,False,1,8792d9f922e0642f8ed5cf114d072be74db3e0b56787e6951448e0795cadeec4
test_figure.py,third-party/vendor source; depend on library instead of mining copy,1903,True,78,6c58967af8a0232f35d7f00a4925e6cdc1a1af264dca37ca06597615c65d8501
test_finfo.py,test/build/verification/plot/control/package utility,87,False,7,3973c51228fe88cc63351539ee4f366a8fe3f62f848a97e4b4526d2f6f14c2bf
test_first_generation_closure.py,test/build/verification/plot/control/package utility,81,False,6,21be816d1f3d05c4b144ac8d4571ecfc3bb40efed4cbbd65fc7ec2c6631c6330
test_floating_axes.py,test/build/verification/plot/control/package utility,137,False,14,2f372e9da015a42a8c21474a0da3b63f3afa4b538faeef3ab7ff735a0496a72e
test_font_manager.py,third-party/vendor source; depend on library instead of mining copy,635,True,0,8b1a2a1b3658edc4ace1cf61f040b96bf58d22a6191ec5ea8a3034f317326eab
test_fontconfig_pattern.py,third-party/vendor source; depend on library instead of mining copy,78,True,0,2d247a95617fd1c54eb2190689f95869308b70849120933a9a35e6e50b438d7e
test_format.py,third-party/vendor source; depend on library instead of mining copy,1044,True,143,32c5f1c75989d5986a394ea45daa50a8395064725e30535f1eeb79a4c28913b4
test_four_predeep_closure.py,test/build/verification/plot/control/package utility,52,False,2,f023f54c1df87297571a750fffb6f7a66a8d19de65837934abcdc80603bc7dbc
test_ft2font.py,third-party/vendor source; depend on library instead of mining copy,1036,True,23,133eaade281f23d30010c0f00c6feb6de90c8e4947b9adb5b208f2ddd978023f
test_function_base.py,third-party/vendor source; depend on library instead of mining copy,503,True,21,545558cbc18c944cf790fd3315b170426c221fb2e6d37fb148245c847b4e5477
test_gates.py,test/build/verification/plot/control/package utility,11,False,0,042b7b3762a7397c3da7e252e71f8b319b70ddbffe98051186c1308512595c5d
test_generator_mt19937.py,third-party/vendor source; depend on library instead of mining copy,2831,True,473,853efa839354a0358e2d157c953e23e19ca4d4a452730b644c9d38ccad2f9931
test_generator_mt19937_regressions.py,third-party/vendor source; depend on library instead of mining copy,241,True,56,8e3caec68bcb737757c17f08d3b267d485e68d61869453b974996d8df8925ca3
test_getattr.py,third-party/vendor source; depend on library instead of mining copy,67,True,0,3c6291184f7c73007964fdbc96c4db7b214e9a7886cdf3cf766c622cb96c3d88
test_getlimits.py,third-party/vendor source; depend on library instead of mining copy,189,True,54,41efc0b7dca7a164039f21297458e8a8431d2c0122cce84747e0b3ace39c2bb2
test_grid_finder.py,third-party/vendor source; depend on library instead of mining copy,35,True,5,73040b0ce75c25b018d84eddafce7de72cee361d7f621f34aff3bc5864f684c6
test_grid_helper_curvelinear.py,test/build/verification/plot/control/package utility,209,False,28,33325cb252787efbd61058f10b387db3dbabd7bdda97f536f8aa84ba26b1d6ac
test_gridspec.py,third-party/vendor source; depend on library instead of mining copy,76,True,0,06122d6221ffdb59103599543432681995d7d846eadc586369a2783ab1c83f54
test_half.py,third-party/vendor source; depend on library instead of mining copy,590,True,240,47401dac9e81285fa243105560f1904ca1ef573b080559a81694c584806f0650
test_hashtable.py,third-party/vendor source; depend on library instead of mining copy,157,True,2,3b69065299eb8ebb2fddca2b750b9a56c3a99a934f11ead3718c0311403533e1
test_helper.py,third-party/vendor source; depend on library instead of mining copy,168,True,69,2de543082747cc5866090e41c8cb55c80db61a98604d04b976ea6ec6b2c4f17d
test_hermite.py,third-party/vendor source; depend on library instead of mining copy,575,True,88,c2f6ab1e3b034bb1ae3147a771a2ea256f34bace8e6642dafb7d8decb01c6f84
test_hermite_e.py,third-party/vendor source; depend on library instead of mining copy,576,True,88,80e5b7c28e2de60781599ba0c4dd7b108978c140139b4bb255499cf58e489352
test_histograms.py,third-party/vendor source; depend on library instead of mining copy,856,True,238,6d9c00935d0a37cb82abc958360d1aabb9e9b1e86532ffd434e0614e8aac93af
test_image.py,third-party/vendor source; depend on library instead of mining copy,2058,True,344,06161e97a0ba41f189dffbc10645548518a9f51cc230f084f35feeeb354129ca
test_independent_results.py,test/build/verification/plot/control/package utility,84,False,12,8914acb0c9818d183ab04405a3dca2afd5afec08d379a77275ee130fd4e89b99
test_index_tricks.py,third-party/vendor source; depend on library instead of mining copy,694,True,209,edfc35a772040a75e8d94ffa3a3221443aa97e2256dcf4ab72f12d94436a952f
test_indexerrors.py,third-party/vendor source; depend on library instead of mining copy,123,True,36,d019c705a6b4dbf1fe8c7217db0fcdb6382ece19db83c38881bcf6098d5984cd
test_indexing.py,third-party/vendor source; depend on library instead of mining copy,1707,True,408,5931c2070a669b2b0b98749b0f7f94948cad85489b4ced954d1a9da955026778
test_inplace.py,test/build/verification/plot/control/package utility,50,False,7,432adca0893b21f0cb819c18953831e913b085a736fda79452f381bb764834d7
test_interaction.py,third-party/vendor source; depend on library instead of mining copy,361,True,242,04ca5a008786389e441075aea330627cdf25dc0bf944eea31a868f81dcd38aa4
test_io.py,third-party/vendor source; depend on library instead of mining copy,2734,True,610,241ac332374da2f05191969ff24054cf7ff029dea39b7dfc71fb75d75bd00c46
test_isfile.py,third-party/vendor source; depend on library instead of mining copy,36,True,20,f414d37643a906fbdea52fcd5a11de8e7bface9ac06fe62844cac4ee43885c14
test_isoc.py,third-party/vendor source; depend on library instead of mining copy,57,True,5,2b136940ad4b3ecf12cfdd07dfca1d5eb3ef820738b90303bc985b6d163b8bbc
test_item_selection.py,third-party/vendor source; depend on library instead of mining copy,179,True,55,cb2753d5ae899fe55c68eb5804e8db7891494969c2da256035f9350a40a238e4
test_jacobian_sheet_custody.py,test/build/verification/plot/control/package utility,49,False,3,455e9ceae3ac242762a0543529c394b6ca5d214a89bb70b4477085e45a63625f
test_kind.py,third-party/vendor source; depend on library instead of mining copy,54,True,1,e2a0a1c0b7f6af9a6b9a91031ae81dcdc429fe8553bdc0c846efaae276f895e3
test_laguerre.py,third-party/vendor source; depend on library instead of mining copy,557,True,81,4309d138fdad039ce4745c18d4b1ce83695853b05a1a887e709dff3c45503b99
test_law.py,test/build/verification/plot/control/package utility,13,False,0,50e6f521148ecfdd75bc9e545d9751e45cfc333c7c29fed7ef8c347c9ec32f2e
test_law_boundaries.py,test/build/verification/plot/control/package utility,34,False,5,fdf03304e0395e2622fa4023a08c9bef673d00c9e5d6c232090fbce94955d158
test_lazyloading.py,third-party/vendor source; depend on library instead of mining copy,36,True,7,759f87ee3fccef639349f021de5247a6fbdbe64480e943c3c92af1857daea049
test_legend.py,third-party/vendor source; depend on library instead of mining copy,1762,True,158,65674259575c145106b9cfc03178c1740b55b16ea7094c28926c8ea9e768de71
test_legend3d.py,test/build/verification/plot/control/package utility,117,False,22,270ed0efaa434ec3fa333b1c2c7730f17d8a1bf106c43fe254f038f907392f67
test_legendre.py,third-party/vendor source; depend on library instead of mining copy,588,True,85,e7299740487044298f3445ae038ec9fc1a82144ef13716e941d53aaed3e80228
test_lifted_state.py,test/build/verification/plot/control/package utility,44,False,1,fb79ea34b3e78b04b4ea5de3e027a53d4cdd8129f9f7ec3edaa0b91464447cb8
test_limited_api.py,third-party/vendor source; depend on library instead of mining copy,155,True,14,d4175ca8153136869c5678faae1f16d51180054d54828708e02015a3fd78d06b
test_linalg.py,third-party/vendor source; depend on library instead of mining copy,2493,True,699,6f515492be3dd4b0d1a44b8286b0c058f8c6259309808c7fb2df24648201d953
test_lineage.py,test/build/verification/plot/control/package utility,14,False,5,16005e050ebc989109c210884d069c4d3a22da1bcf70270fc879cff450a29ca0
test_lines.py,third-party/vendor source; depend on library instead of mining copy,413,True,38,60858a258990b609ef9ea8be2787d2e5fadc6eaf79456fd1153151ab27545a86
test_loadtxt.py,third-party/vendor source; depend on library instead of mining copy,1078,True,207,3d8cbe26a69314b39d41288b15cf094f16fb2f04bf60acae2a9ab205c8a9d780
test_longdouble.py,third-party/vendor source; depend on library instead of mining copy,371,True,93,01315ff3d538502cf63fec1233e6feb8d04f475bafdbdd739eeb5c487c5c2c41
test_marker.py,third-party/vendor source; depend on library instead of mining copy,305,True,21,1af88f5da6d9019defdd926df1d407cf4dd49f28bfdd0b1c68a2bb8d220eee19
test_masked_matrix.py,third-party/vendor source; depend on library instead of mining copy,241,True,84,ddc3cc6c50ead3e7d414d6823a1ab8c7b81ff9e2ea3bf000f3992fe152339d47
test_mathtext.py,third-party/vendor source; depend on library instead of mining copy,637,True,2,3a2fdc11a1b63684d0943218de52848a90ee224d637c9137385a8b426360e0b1
test_matlib.py,third-party/vendor source; depend on library instead of mining copy,60,True,34,44c76e4861c126e5459a4fff520fe155e183e3e6377f6f06d2d943b7c17b93b7
test_matplotlib.py,third-party/vendor source; depend on library instead of mining copy,143,True,1,ad863579ba39e093edaa6d06c06346ce6a04d1fb38e521f6d7c0b0425114b052
test_matrix_linalg.py,third-party/vendor source; depend on library instead of mining copy,111,True,41,93ab686d71478ea6db86cde84e90ae09cc7cee2949c74fb394ea69382cef8fca
test_mem_overlap.py,third-party/vendor source; depend on library instead of mining copy,934,True,168,038d16358b2f9c66cfc32ad9a09136a88a91ac67ad4176f21dfd0e982380c111
test_mem_policy.py,third-party/vendor source; depend on library instead of mining copy,449,True,32,64a8eb408697f95c54db9691aaf387ecd8e975163e2215de9e45928583c60008
test_memmap.py,third-party/vendor source; depend on library instead of mining copy,287,True,3,7a02d9c8543802b456e431b94313327099b52d72a241e9047d535dfe2d3da56d
test_mixed.py,third-party/vendor source; depend on library instead of mining copy,32,True,0,171aa3a3767fc7bed09661551794a34e00d5fb4602a90f1349dee5baf3ed42d9
test_mixins.py,third-party/vendor source; depend on library instead of mining copy,216,True,31,f6bead80fe166fabc20e7e7dd0f90798797e18102800bebffa6c29db06e268ed
test_mlab.py,third-party/vendor source; depend on library instead of mining copy,1038,True,192,32ee83c29e07e3d6c5c84016e02b722c8501948c29b6e00fa3f9f60333516964
test_modules.py,third-party/vendor source; depend on library instead of mining copy,88,True,0,5580903ed8ddf5c7ed8ba96ede316d18849d139e3135d5759037dae941699c1e
test_mrecords.py,third-party/vendor source; depend on library instead of mining copy,496,True,26,1bd469f1ba0f6b25be5fd17fc31c621d4572a5f9d7b0768b9db69fbecf9271d5
test_multiarray.py,third-party/vendor source; depend on library instead of mining copy,11562,True,3536,9cdf2b0aacf1d097c4b964191a64f46a23dd20ecb62536b8ab562229b6b0327d
test_multiprocessing.py,test/build/verification/plot/control/package utility,56,False,9,2712b996209a173d669d1a6971f52167d3cd247c1e23954ce2ffe41764624c19
test_multithreading.py,third-party/vendor source; depend on library instead of mining copy,704,True,113,fa310a91f741df3135adf7bdad56c396d26a2113611de2bd72351a3797a6b0bd
test_multivariate_colormaps.py,third-party/vendor source; depend on library instead of mining copy,594,True,75,55a39b47b9cb21fee85bbc4959a0589dbd4c817de5677c4de08ed0ef08af040a
test_nanfunctions.py,third-party/vendor source; depend on library instead of mining copy,1450,True,551,4a34474ad3f8afc08b1f497b70b23178af7433b46a82e638609dd63e20b6baab
test_native_baryon_hydrogen.py,test/build/verification/plot/control/package utility,124,False,10,b3b898cfb857900ce1090c7da3db530a6495844afda7f0c36c45f495626d198f
test_native_baryon_transport_hydrogen.py,test/build/verification/plot/control/package utility,81,False,8,2f59e69149e9403f4e2b4c7597a00345dcceae74f24fc974ea4343bad8ddd59a
test_native_color_flux.py,test/build/verification/plot/control/package utility,90,False,37,fb27e4e7b5c64968a0843ee4c80c3d0dec26517f4ec97f713d429dda69917c1b
test_native_emergence_search.py,test/build/verification/plot/control/package utility,93,False,7,9582e08c6cf5c03b987009d266cce50ff6340927b0f3241f43de4e491f2be7a4
test_native_lepton_closure.py,test/build/verification/plot/control/package utility,77,False,12,a7d6957b0b0d36fbd06fe7d99e1dcefdb01d1cdb79394d0a40d3deb4303586d2
test_native_multimode_atomic_emission.py,test/build/verification/plot/control/package utility,50,False,20,2c0b7f683687448589a79ae81c5bb7d15ff97f4890ef7f008e921f5e788756c8
test_native_operator_closure.py,test/build/verification/plot/control/package utility,132,False,48,8d463e1127fc43c594e40e226aae795d80548be41671f328b844a8abb8cc24d5
test_nditer.py,third-party/vendor source; depend on library instead of mining copy,3679,True,525,88be4b89365abb0ea1fa84a40a9a03d0c454b0cb4c58ad7c841c337b457543c2
test_nep50_promotions.py,third-party/vendor source; depend on library instead of mining copy,288,True,132,48136d08733607f2c32b4e264958e263652c816b064eb31b57dfbbe2ece1eb01
test_no_dense_connectome.py,test/build/verification/plot/control/package utility,33,False,6,d33cf38cae6f06966e2d83ba02a5ddff36f580866171ef09e14f6b0302b9affe
test_no_frontend_package.py,test/build/verification/plot/control/package utility,52,False,7,850c383fd6e2fd2a5281fcc141a30c0b695263a01b7c301aa75c83b70bc33c68
test_no_legacy_acronym_prefixes.py,test/build/verification/plot/control/package utility,48,False,3,9789d054b27b0ad8017e674482b7b912eb1cfc17d965fd192ddccb56fff29b62
test_no_scheduler.py,test/build/verification/plot/control/package utility,102,False,5,bff21941a7b9b73409c97578d36808a09487c52ffc726e112be44d3eb88a3617
test_numeric.py,third-party/vendor source; depend on library instead of mining copy,4268,True,1723,6b2a30fdcb8d965a6465cbb0464e021f89f6602973df207f1d887a52ee873338
test_numerictypes.py,third-party/vendor source; depend on library instead of mining copy,615,True,255,3008635f0384367991c8775f1f660c4f1bf77028e765609a2f9a4e0c6ce4a84c
test_numpy_config.py,third-party/vendor source; depend on library instead of mining copy,48,True,8,e8710a0e60e251b4740d0819a1a7b138edf252f0e17344513ec238ea18dc52f4
test_numpy_version.py,third-party/vendor source; depend on library instead of mining copy,55,True,13,e8f21e212c7dfc7825a71737cba2ae81e02007878192e642f831655ede0ba1c0
test_offsetbox.py,third-party/vendor source; depend on library instead of mining copy,510,True,13,6bb72ba3e6beeb322ca64cc2ecbe2bf91f4bb0371cb254cffe2213c7ab68629d
test_old_ma.py,third-party/vendor source; depend on library instead of mining copy,940,True,94,2799916c33dcbd8fd954faa180f13273113d38e7cc00e77bba83139396226718
test_orthad_listen_firewall.py,test/build/verification/plot/control/package utility,30,False,4,180de72089314fa776033cc7575f094600fbdf754ab3138159b23e11bcaded2f
test_overrides.py,third-party/vendor source; depend on library instead of mining copy,801,True,118,1391dbce08fd891b99d8dc9094ec33ac97c574dbfb25202449fe9ec1e90ea099
test_package.py,test/build/verification/plot/control/package utility,32,False,8,d99864dce5307d54a544ac9526b670056cb22e8270087f1a387f5776074405ea
test_package_contract.py,test/build/verification/plot/control/package utility,24,False,4,41b47f204ce50561293b8a27d430c4aa0eaf70cad72e5362d89468357400ee5b
test_package_results.py,test/build/verification/plot/control/package utility,30,False,0,ae3cce02976fc2135c9c215595104bf2d8ba5da03304c44b0017112a813dd1df
test_packbits.py,third-party/vendor source; depend on library instead of mining copy,375,True,105,b331a342542dbbb54234a5b6bccf5903d3ad2b78980b061c39b78c7d2f85699c
test_pairing_interface.py,test/build/verification/plot/control/package utility,35,False,2,ea7724daf8d4cb0cecdb9d9c9587544f2987b13527d1ef1384e7326571623c7f
test_parameter.py,third-party/vendor source; depend on library instead of mining copy,122,True,54,21d8a36002cab28930d170c23b8b46fb995cf894e6c24804bd6d3689995cbf6e
test_patches.py,third-party/vendor source; depend on library instead of mining copy,1190,True,71,6c670c7e66fe3b66c24ce2328f6209c066d04d367f89428171a381a80b1c653e
test_path.py,third-party/vendor source; depend on library instead of mining copy,695,True,148,cee4c7f790f3722ae8941adb95abf288fd58dd6dc11481c19025396cb090ba28
test_patheffects.py,third-party/vendor source; depend on library instead of mining copy,234,True,14,f1b850901bc5450fe5b412d406d54e44269fdd067805deda7150b7c6719a1d70
test_permutation (another copy).py,test/build/verification/plot/control/package utility,12,False,0,8c0bd322db3d1eda4412fca655141cc374cd34e2a2207878d94bc308e92edc19
test_permutation (copy).py,test/build/verification/plot/control/package utility,12,False,0,8c0bd322db3d1eda4412fca655141cc374cd34e2a2207878d94bc308e92edc19
test_permutation.py,test/build/verification/plot/control/package utility,12,False,0,8c0bd322db3d1eda4412fca655141cc374cd34e2a2207878d94bc308e92edc19
test_phase_legacy_key.py,test/build/verification/plot/control/package utility,47,False,1,846346edb910ff720dc4bedc162d0f1affc76633aaa9b1c39c385c92b26cea4c
test_phase_operators.py,test/build/verification/plot/control/package utility,46,False,6,b32b3eedd62d5a0a35486bcf1a7a924f47677e7f62398fea86c8ee0ce5587439
test_pickle.py,third-party/vendor source; depend on library instead of mining copy,332,True,22,190903156f73a21b64c3ecd972118b7e665cae9462ba642eb33a45c3762bcf17
test_png.py,third-party/vendor source; depend on library instead of mining copy,51,True,0,67922d0c0223269534b20675c7259fb0c142305691f402eb6aaace95d69aa697
test_pocketfft.py,third-party/vendor source; depend on library instead of mining copy,610,True,613,0530e76ed387693f3246a0a5f401f79208b49766d24c559069f7c340d7910f2b
test_polar.py,third-party/vendor source; depend on library instead of mining copy,626,True,94,857a026c76a0c8243ae6cb4873eddf090f8dc78e218b2f7c3b6d479453e7dde8
test_polynomial.py,third-party/vendor source; depend on library instead of mining copy,334,True,169,0b5b26b653fcfe0c838df62835975b8f338878ec01ab5bd72b30973520914fa5
test_polyutils.py,third-party/vendor source; depend on library instead of mining copy,124,True,12,01d079423562086d8e725f46ab850b847d4a8fb71e41d911f431cb83ca8eda82
test_preprocess_data.py,third-party/vendor source; depend on library instead of mining copy,289,True,5,14dc754e53cd0a391bab03ee190fd11db91cc3378d9017a6a04fa2161d8695cc
test_primitive.py,test/build/verification/plot/control/package utility,55,False,3,2ddb83dcdf0539fe17fa2dab09968f71ce4f41c6d9dabf5a90c92838a2353b25
test_print.py,third-party/vendor source; depend on library instead of mining copy,203,True,76,58098ddd212cf5ebc1153ec27a41ef294cf3c522268329eda4aec8c7bb6a8ba0
test_printing.py,third-party/vendor source; depend on library instead of mining copy,563,True,51,1e8c71a0f2586154ffd4378b8c0625369e27e798c6ce63a0a1edf9e91454da78
test_process_manager_runs_root.py,test/build/verification/plot/control/package utility,95,False,0,815ac6df34e16578e01ed11c83e171642a924f686179b83442eab5920c429534
test_projection_gate.py,test/build/verification/plot/control/package utility,21,False,1,c0dcebbee5f402437a76ff3fd0cf31194732f90ffd6bcdc93cbf91c8a59917a4
test_projection_loss_summary.py,test/build/verification/plot/control/package utility,25,False,9,113e9498107b175c85d9e920a3a7c57a0becc230629599e6a2270df45d84cd22
test_protocols.py,third-party/vendor source; depend on library instead of mining copy,47,True,5,a5b7ee9a844d9cf8433fa3c03cd2202c750f3e598275a982a386a490ef1a7e3a
test_public_api.py,third-party/vendor source; depend on library instead of mining copy,724,True,130,523ab20ef015e53761f5cbbdaac6fa4ce4f4506fdfa697001aeb58d55cf131cc
test_pyf_src.py,third-party/vendor source; depend on library instead of mining copy,44,True,3,c55f358518867b2b4514a7959e9fba3b63ab19577327279c3046a50904a80e82
test_pyinstaller.py,third-party/vendor source; depend on library instead of mining copy,36,True,0,f0afbb43199fa17086d0dc11d1b84880236b0e31a5ad3cd69eb475b11f1bb605
test_pyplot.py,third-party/vendor source; depend on library instead of mining copy,574,True,31,939bbd7b646a35bc7eb20a9ed497ee857c0a5931d179d558a5f524a1cf2eb394
test_quiver.py,third-party/vendor source; depend on library instead of mining copy,390,True,73,313c08865221227e9a7facbab81ff248c9e15c56b959f1c680b744db4bb481b0
test_quoted_character.py,third-party/vendor source; depend on library instead of mining copy,20,True,2,032def640ca1c48340d299bf98de8721f4a0a516073d2a2b3e4b45b4cb08387f
test_random.py,third-party/vendor source; depend on library instead of mining copy,1724,True,427,91696cad0285f57d9491208a7e8f9120693767e63a001f2792f2efba18db497c
test_randomstate.py,third-party/vendor source; depend on library instead of mining copy,2099,True,369,d5b3974a2e66c65cf2f1f474fbe96a7dcf519321755383dd8d592aa8fb28fbbe
test_randomstate_regression.py,third-party/vendor source; depend on library instead of mining copy,250,True,55,4bdc5733ceed86475af44514af2cb868047a439683534f08e31f45e32480eaa5
test_rcparams.py,third-party/vendor source; depend on library instead of mining copy,699,True,17,029808b35ced31d62bcbc5198e33aa4c86062d222440a2c138b5997e025e874c
test_recfunctions.py,third-party/vendor source; depend on library instead of mining copy,1043,True,219,e2e70bf15f9e98ebd5343c2cf1347186fbfd0f39794241110169d4613541ab6e
test_records.py,third-party/vendor source; depend on library instead of mining copy,596,True,195,03adf83cf934ece531dc2a12acb3177d98b545ab4776affbe3ab747dc95a1761
test_recurrence_boundary.py,test/build/verification/plot/control/package utility,20,False,2,59b865a9ba108abc491b4cb3b56e7b95a949a88d77a237bd9baf7b5bcd254069
test_regression.py,third-party/vendor source; depend on library instead of mining copy,2673,True,798,527abff2e69f971b1d7154346419affc52ce418a07f9312c508e5f014d3e32ca
test_reloading.py,third-party/vendor source; depend on library instead of mining copy,70,True,18,1d4e90b68c6c91dd93749a2012dbff476e46aa4c25c09dd0d43bdf9fde09c166
test_research.py,test/build/verification/plot/control/package utility,14,False,5,bcae147ec5255ab72c94d46538153c0ca7913d0ec1277e1a84972c0c9af6004e
test_results.py,test/build/verification/plot/control/package utility,102,False,8,e381dea446dd61c8eb638e5de2505d342cfd2b534ad4e7f30f9a16cea85d008a
test_return_character.py,third-party/vendor source; depend on library instead of mining copy,49,True,1,b7c7313bc2dab670577f6114f8791f99dc6f7473180e4f432f1de43544c0ac2e
test_return_complex.py,third-party/vendor source; depend on library instead of mining copy,68,True,1,fee5ab9d287e2032fc99e9fc5ffff9b2b3f8c0cd119080abe16549828360af36
test_return_integer.py,third-party/vendor source; depend on library instead of mining copy,56,True,1,c3da47bbea35adca75e3cb404e0152aae7ebf6702743121e30aa3ece8c313cd6
test_return_logical.py,third-party/vendor source; depend on library instead of mining copy,67,True,1,66dc61ac32ba631d08dfa8ca57d04eecf2d5b0b3c16f850691ff9b57c295397d
test_return_real.py,third-party/vendor source; depend on library instead of mining copy,110,True,3,7a78035f33d8801bd44cb2dd279bda2221b0b7a03bcce9f89643355ba9925026
test_routines.py,third-party/vendor source; depend on library instead of mining copy,30,True,0,7fda51f0534980ab815adcc28e57e789654725e7295ba8123641836f6b7af777
test_runner_budget.py,test/build/verification/plot/control/package utility,115,False,0,ceeb2e4f3316542d69c8cdda2d9e824e3d14c9da4dc744ddd0781f58e232393b
test_runtime.py,third-party/vendor source; depend on library instead of mining copy,104,True,7,b38929505b6cb64becb248604c3cbf4cc5c935c3b72a05027c151b1596b44297
test_runtime_engine_prune.py,test/build/verification/plot/control/package utility,85,False,6,99eacfb19ef94d9a19a831bcee290561958755901dd998fac20521c3e881c467
test_sankey.py,third-party/vendor source; depend on library instead of mining copy,106,True,1,efc2b887403c216e9838a10885b507a9b7b2e13a295a2ea25eb8b2af50235240
test_scalar_ctors.py,third-party/vendor source; depend on library instead of mining copy,204,True,80,8d0615129de7382610d3ff32cc5cd0ede43afd150dceb4d511e6df2d610eae7e
test_scalar_methods.py,third-party/vendor source; depend on library instead of mining copy,328,True,102,9d8aec8cd904d4c22f41171fe7fb18fd64cd4a9fe94014fb61aee082033dedb6
test_scalarbuffer.py,third-party/vendor source; depend on library instead of mining copy,155,True,42,a442401574224a17e483d7ea7a063338f514c5f55c03365b95c72e873df18cdc
test_scalarinherit.py,third-party/vendor source; depend on library instead of mining copy,106,True,13,388bd28eb96d74d4923f67391ef0d0ea9cdadda29f99f82d8b1bb565b6a1a5c8
test_scalarmath.py,third-party/vendor source; depend on library instead of mining copy,1168,True,389,a77ef1285dad35cb7e9c1a84540b3c2666ecef8df52b9a57c9e5aa19da7c1446
test_scalarprint.py,third-party/vendor source; depend on library instead of mining copy,404,True,92,365029ff1ad4e580dcc36e3ed9b92459b928bf8a1bfe79c82ed01d0979183cfe
test_scale.py,third-party/vendor source; depend on library instead of mining copy,500,True,59,cf06aabe41a21b9c7f782b9803baecb2c2f49871c80d8702f6154f9c3e87b47b
test_scouts.py,test/build/verification/plot/control/package utility,60,False,0,27bc8722f67236afa9421884398f8c192f127b626f37991ad0208128e1e6f999
test_scripts.py,third-party/vendor source; depend on library instead of mining copy,46,True,5,95e3d1d12b06e6c4313ef1e61313c798c861740e15b9976d5984c637042b3682
test_search_engine.py,test/build/verification/plot/control/package utility,19,False,2,eaf041ec7027a61613b9f8c99e43be823ea54e87f3188195ce1c39f3e25054f7
test_seed_sequence.py,third-party/vendor source; depend on library instead of mining copy,104,True,10,4ebe1aef37dc7bcc31a1e6d9343fce5751cf063395dc58f0af563fe81c9beaf2
test_semicolon_split.py,third-party/vendor source; depend on library instead of mining copy,77,True,3,839fc53e6051a22427cfb27bab4d19768bb030f3c141bbb6cce0161bcfa28386
test_shape_base.py,third-party/vendor source; depend on library instead of mining copy,900,True,176,97ec4e9f4e976672650a7a8e1044a2c7a8f7069b5392f62b33de0a57c937ebbc
test_simd.py,third-party/vendor source; depend on library instead of mining copy,1346,True,11,6f7f22312fb4ee881b17af2704f4093b4b7db28e5414df088d3497ca3d72ecd9
test_simd_module.py,third-party/vendor source; depend on library instead of mining copy,106,True,1,14515e0b090c73b8df681c81e0c1876887c88699c1c5f3d22195baf713197fca
test_simplification.py,third-party/vendor source; depend on library instead of mining copy,573,True,96,6176e76a2f565b31294099bc4acc8bf8480ae83fc454f69e2c2535751dc1f046
test_size.py,third-party/vendor source; depend on library instead of mining copy,43,True,10,4c49fc3aad3226a018f8c2035afb9eac604dd296c4d7750734adb9ee83de4bdb
test_skew.py,third-party/vendor source; depend on library instead of mining copy,171,True,25,18629cf643e913acf7ddf97e5a5294af4b4bd14cddb566be67a42de17fddc56f
test_smoke.py,third-party/vendor source; depend on library instead of mining copy,883,True,142,047275f9a9d82939e9371dc7037f59f116489197846125945504bf1414b219c4
test_solver_targets.py,test/build/verification/plot/control/package utility,25,False,7,988c65e8f079f71f20f9432522ab028e621af855e1ca48e9e4a220d2e523200a
test_source_inference.py,test/build/verification/plot/control/package utility,16,False,0,4765aa641d15f4e3578102eab126ca3fcffdb8fc5373ffbbc512424f731149df
test_sources.py,test/build/verification/plot/control/package utility,11,False,3,6e1ab1b9e08486aed8d5b8057b2e2d991d8e6547f503c68c094dc422d1cc3e4e
test_sphinxext.py,third-party/vendor source; depend on library instead of mining copy,272,True,0,28d99f5c9f01362b126b3cb2894926dc92d59fd960eb02dd1cbc3edd77a7b9f0
test_spines.py,third-party/vendor source; depend on library instead of mining copy,200,True,14,27d6a7b1888624e55aa7955494cade01291438d91dddfca39c952c14ed868b94
test_stage19.py,test/build/verification/plot/control/package utility,24,False,5,b0fb1a814614af2f988367dc4b1950bc2b76c5d5357562f1bc334fdea74faeed
test_statuses.py,test/build/verification/plot/control/package utility,4,False,0,16be26e6f5ba4ec8c8650ed7f0741de5dce085ec4998515905c7b3b3266ca8bd
test_streamplot.py,third-party/vendor source; depend on library instead of mining copy,243,True,80,bd67c1d362998617d71581739b4d199220e4d35b05d3a159c7e8eed226cb217e
test_stride_tricks.py,third-party/vendor source; depend on library instead of mining copy,891,True,143,b3e3fa0649b9be51e6adbba4b08bcd536b42161629db310329d144a1015f8d4f
test_string.py,third-party/vendor source; depend on library instead of mining copy,103,True,17,b2e17c745242d05447a5ff0399ea620b05cfdca980ee12424cdcbf935d246599
test_stringdtype.py,third-party/vendor source; depend on library instead of mining copy,2486,True,557,f2203471e5103113806137444a96ed6dee1aac3977daf07ac0d0242def6877a1
test_strings.py,third-party/vendor source; depend on library instead of mining copy,1507,True,388,746e8caf91c9ffcf67aaf7bbbc6f7ce036860b22275f8e899560a19ac65c7c76
test_style.py,third-party/vendor source; depend on library instead of mining copy,209,True,2,6b8d5b584eda16c491b73b9ceb3dcba4e175736b798bfbcad9d58b334559f961
test_subclassing.py,third-party/vendor source; depend on library instead of mining copy,470,True,54,97c202e4565f190c9c5f60cb5196605b7a4cc9276a8359e4b2ad00c6c63e3782
test_subplots.py,third-party/vendor source; depend on library instead of mining copy,294,True,9,0a1f9e9924ad2132bd9b2ae8028e8fc40a8b98248e9bb2ab5a7a82dd83cfbd3f
test_symbol.py,third-party/vendor source; depend on library instead of mining copy,218,True,32,4a105d360f5cbd8cb7d5f427ae7e20a6b654483d2c873e6bf33946f0212aee0b
test_symbolic.py,third-party/vendor source; depend on library instead of mining copy,502,True,8,526dc7b71a4861589fdffde2734277c2c2e9eb470cb70eaf0b503de5346f9d07
test_table.py,third-party/vendor source; depend on library instead of mining copy,284,True,7,7759c70dbcc6647f7240bc4d71e24c85d18ab54552e79339473392aba9e6a63b
test_territory_uf.py,test/build/verification/plot/control/package utility,69,False,2,d902ee4ea13aabb81d732383e1607ecae46d3c1ff72207716e2b8a838ca8650f
test_testing.py,third-party/vendor source; depend on library instead of mining copy,36,True,0,64e8997b2f10be4e9406a451c6d4ea3f518bb5c423305e96fffaa27ff6764824
test_texmanager.py,third-party/vendor source; depend on library instead of mining copy,77,True,1,db169eed0ca6fcfccf8781bb6cddd34978d3442c6daec3a54dcb6056bc916ee6
test_text.py,third-party/vendor source; depend on library instead of mining copy,1320,True,44,aaf6022449d94b1c5ddb949404457059669e71b41512ab309d325c5e3a92ccc6
test_textpath.py,third-party/vendor source; depend on library instead of mining copy,11,True,0,58b5ef4f93b313a4dec38a6bf3b2c7f9c822a02ccceecae030d45e9a23040b9a
test_ticker.py,third-party/vendor source; depend on library instead of mining copy,2021,True,80,017f142ded574d1cd200ff350b25118f66c8373d52e3ccebe5eb52b5797fc094
test_tightlayout.py,third-party/vendor source; depend on library instead of mining copy,431,True,10,fd40cef74bb7b8f0ba62dd43fc024f123b8c8fc5e8cf506dfd58b0464d21ae26
test_transforms.py,third-party/vendor source; depend on library instead of mining copy,1135,True,291,83fdeba6595ad90b9fafe36b8128dccfc25d9973e9c69992c4e1c1c705cc6b0f
test_transport.py,test/build/verification/plot/control/package utility,49,False,4,070474c2c62b45110676b3174801ce379735b98d3b862617fc3511cbe0cc3c3c
test_triangulation.py,third-party/vendor source; depend on library instead of mining copy,1406,True,367,2a6ec5883eae8e69871f0f0fbc33de54f1640ebfd059ecb1f69fd139affb3a5b
test_twodim_base.py,third-party/vendor source; depend on library instead of mining copy,565,True,67,c2842b7beff23d5673ccaa69e02432969f89d4d3f9f326c25d952b95de295f98
test_type1font.py,third-party/vendor source; depend on library instead of mining copy,161,True,5,6ef2236ba118ae8f406e38dad00ec2635a771ae8bb8dc72920f4dbbaeeeba936
test_type_check.py,third-party/vendor source; depend on library instead of mining copy,474,True,172,d8ceaec8b488f823f5dc2032967067de46d3ea7acaeb06165be49cc35defb004
test_typing.py,third-party/vendor source; depend on library instead of mining copy,208,True,6,a9dd97f56f4319577c42660e2fa2e27a85afa9d6b70b508308f73d2422979e54
test_ufunc.py,third-party/vendor source; depend on library instead of mining copy,3453,True,1356,c9f4dbecbbb3192faa4ac7ba0ae309c7e987fdb8b8aa84fe44bcc08a430ceae0
test_ufunclike.py,third-party/vendor source; depend on library instead of mining copy,122,True,41,f6996e304db3c86991cf1e97052ace7b90f10252a5ba45a7ad0a137a8dc582c3
test_umath.py,third-party/vendor source; depend on library instead of mining copy,5232,True,2365,f076f371edcd8c36efb636e7a428a25f51079caeccb53743fdaeb8e3ff7e2ad4
test_umath_accuracy.py,third-party/vendor source; depend on library instead of mining copy,93,True,26,7d45d72c1e380eb822bd0cc91553bd56c41e85c5927173f9d6625364fdc66c76
test_umath_complex.py,third-party/vendor source; depend on library instead of mining copy,632,True,388,48f02853939105905697d250d3af1ecf306196ab7468d740a34c42f6342b8669
test_unicode.py,third-party/vendor source; depend on library instead of mining copy,370,True,25,802b0821b8dbd702d7dd95c9cd4c6e2b940e180b007837968cac788f04aad808
test_units.py,third-party/vendor source; depend on library instead of mining copy,354,True,27,81b003ce0c9564d7004e34dc78c206afa71e77e1e52816213e26a9d76d240678
test_usetex.py,third-party/vendor source; depend on library instead of mining copy,259,True,3,11df90cc78cbaabf03cd2421750564ce6939505e487297d0e7059682f4fa4509
test_utils.py,third-party/vendor source; depend on library instead of mining copy,81,True,14,1d16711fc46cf8fc42a4c02181b34ead37c1aec03c07679338aca963451d733c
test_v8s.py,test/build/verification/plot/control/package utility,48,False,5,a4b37d9ec75e23e31dcb42506184ab0c4773f80e14a85a5d485570c96581d7eb
test_value_attrspec.py,third-party/vendor source; depend on library instead of mining copy,16,True,0,c0497989a4730c640ee25b82d174a9adc524e0b7bfb476a04ec150c69ceb87fa
test_vdm_dynamics.py,test/build/verification/plot/control/package utility,18,False,4,473b9922ba4ca9582497b151ed785c8e2a0886cb1be38e491b78f280858675aa
test_verifier.py,test/build/verification/plot/control/package utility,13,False,0,50a20865e1ff29fd566dfde39e539e10a7f9404b627a316ccc0fedad94d05ed0
test_void_adapter_package_local.py,test/build/verification/plot/control/package utility,19,False,3,1f16f7608cf97a47a0f536e26d78bb1fc42dcd34586bd5e024c08033be88eee6
test_void_faithful_guards.py,test/build/verification/plot/control/package utility,70,False,3,9b84da9acc2bd332286e01cd55d2cf3d2e877a1c18131e0f7ae080533f4b607f
test_warnings.py,third-party/vendor source; depend on library instead of mining copy,82,True,2,ceae4bf7a8d36440e56af7eac44db442188cfd72e9f7b68e8741455a2550f482
test_widgets.py,third-party/vendor source; depend on library instead of mining copy,1874,True,40,52db27097302b62930c50162e2a4bd78d33ee469eaad1aacda8780154008efa5
test_words (another copy).py,test/build/verification/plot/control/package utility,14,False,0,0a1a7f36c71e7a7d406004cf4642f15eefced9d0e09a92ad4fab8962583df54c
test_words (copy).py,test/build/verification/plot/control/package utility,10,False,0,930be24ad6561ebf4e8005184ac1f8d6809013b96235e4bf48f49a87a9c826e0
test_words.py,test/build/verification/plot/control/package utility,10,False,0,930be24ad6561ebf4e8005184ac1f8d6809013b96235e4bf48f49a87a9c826e0
testing.py,third-party/vendor source; depend on library instead of mining copy,399,True,0,91cabab0b3f2036de1af00f3074345e57eb5286cf42110e39e139b0badbf98e9
tests.py,third-party/vendor source; depend on library instead of mining copy,154,True,0,3ad18bca384d6357ef916d46bcb27f155f59a2a0bd027ca3afbab79314dbccdb
testutils.py,third-party/vendor source; depend on library instead of mining copy,295,True,25,1d69f3dacc7244e58aedfadcd5a4768183cc36c4d4004e5e4e0b1c8d3268361c
texmanager.py,third-party/vendor source; depend on library instead of mining copy,375,True,6,dfda9b07bc26d8e30170514345106f53aa9c8e90e3fe05f68c4e6570c17dc806
text.py,third-party/vendor source; depend on library instead of mining copy,2255,True,113,0e1f015d7843f27af6cbe909bbce36dc8f602fcf3ae07df6c3e33ae54caf0b9b
textTools.py,third-party/vendor source; depend on library instead of mining copy,157,True,0,c0d8c7e73975bfda8d7e64e5e012f9d883b6206d47e71637a3fa6c96a3cf4637
text_utils.py,not a useful math/solver mining target,122,False,1,418a32594f358b01a8b58ff24550ced36ad225229d1ed38e7bab371c154ae7e5
textpath.py,third-party/vendor source; depend on library instead of mining copy,377,True,5,658c532b23d51c43b01d1ed104eef6dcbd82613a9354f0a61b00b14dcebe4612
tfmLib.py,third-party/vendor source; depend on library instead of mining copy,461,True,3,50c6e433bdc95d12554bdb7607e049735deb4a322669606ecc2a1e84bc07161b
theme.py,third-party/vendor source; depend on library instead of mining copy,116,True,0,a0dca15e119a82d0e56c3c9eded56eddeb16396934bcd92ec45c3efee9e568ad
themes.py,third-party/vendor source; depend on library instead of mining copy,6,True,0,d318132e8cdf69b79b62d709b43742e50917e4855411abe2a83509261e185459
thoughts.py,not a useful math/solver mining target,87,False,2,054e08905f0816a86cc43904fd2645bbfae83145928f263b07bd35c40f063547
ticker.py,third-party/vendor source; depend on library instead of mining copy,3111,True,222,49d4586a18a4488387411b168d8064bb60e1f59d478e139965e2f7cef509e2ad
timeTools.py,third-party/vendor source; depend on library instead of mining copy,89,True,0,7bd879a60ccbd38b410d7982bfff1e4460786e8155f06297952e9dab7820129c
timeout.py,third-party/vendor source; depend on library instead of mining copy,272,True,0,730ab874c93cee624748192d2b59a2609fbce46fb74f74664f6d2fed2142a67a
token.py,third-party/vendor source; depend on library instead of mining copy,215,True,0,59b7561a1626fd5a2c6f40c3c56f651cd3e02135df593b10987b7a732f516dc3
tornadoweb.py,not a useful math/solver mining target,60,False,0,a68dbdfc5d4cb7ca99a6c1635fb115c004f4c9d0bf35b5626bd8158bb47fc170
trace.py,not a useful math/solver mining target,42,False,0,f962f198d1abe18057f7c82ccc3dc4db5a54a2292f985e41021b86cab6aac04c
traceback.py,third-party/vendor source; depend on library instead of mining copy,900,True,0,7345a607f2f4e3f51f65b2daa07f7cdbf53fb3b7a8b3128c5220159833dd4585
trailmap.py,not a useful math/solver mining target,111,False,0,b101875d63ce4e199453611a2bfb74ceb959bb89022ae112c4ae91f035291b9b
transform.py,third-party/vendor source; depend on library instead of mining copy,517,True,156,391f1d3ec030f3bcfbee091940cab4d225240d62c8c58bfed765e2287d7e7ab9
transformPen.py,third-party/vendor source; depend on library instead of mining copy,116,True,54,b34914c907677a65301ef62bd9215ba059a1e166354bd38704bf0be0f24a4701
transforms.py,third-party/vendor source; depend on library instead of mining copy,496,True,0,4842197355f15988955d506ca0d9ba2d3bccf5250ded9efa40e692025475642a
tree.py,third-party/vendor source; depend on library instead of mining copy,258,True,4,c969d0eab02f446277a991aa06bc52d925b64ca05336b3f449d63c4313853eec
treeTools.py,third-party/vendor source; depend on library instead of mining copy,46,True,8,b4b5a4c320c779950f54e18d9c9783e0f9fbc766d07997adc0929a1005b62763
ttCollection.py,third-party/vendor source; depend on library instead of mining copy,126,True,0,691a61d8c9012b791df7e2422ea849d4437da5f7cdfe5557e965a63934dec1cf
ttFont.py,third-party/vendor source; depend on library instead of mining copy,1697,True,2,a2d13b684e898e713df0eb5f41817ebdeec09cd68ba4132ad51eb3f3cfeb9c3c
ttGlyphPen.py,third-party/vendor source; depend on library instead of mining copy,336,True,30,c8bb41f84e694d0479f4e2956324adb5606ed710b6bd1f1ecd269184832d5708
ttGlyphSet.py,third-party/vendor source; depend on library instead of mining copy,491,True,17,7140613066b986ccde56a3a6d8aa4e75e261f8bb22a84ed135dc8850f676bcef
ttProgram.py,third-party/vendor source; depend on library instead of mining copy,597,True,0,2d3f4d0b1b9f14f940e9d46461d62c6b098e5c8279ae16ae4389dfcb8ff3f2d4
ttVisitor.py,third-party/vendor source; depend on library instead of mining copy,33,True,0,fed6a1e02e364efe8f9bd41e2cd430c150b1a88e1534402a6026e64e1a7a72f6
ttx.py,third-party/vendor source; depend on library instead of mining copy,480,True,1,171b86b9bba35821895924eb2448e8347fbedb97d520fcbe651b58cbd1fa8939
typecheck.py,third-party/vendor source; depend on library instead of mining copy,204,True,13,b759efbc2b8a318bdad59c787dcdf412974a15c3b4127cf79ff5057d706cabda
types.py,third-party/vendor source; depend on library instead of mining copy,14,True,4,d8ae13e6d2693088d8ae4920d4baa1dc2d992a59ce86732d626b70cfdda5ff2f
typing.py,third-party/vendor source; depend on library instead of mining copy,593,True,4,fc4739a0e58b55954c240d3b76e624700d048e8144c8ebd69c8f5ae6c0103360
typing_extensions.py,third-party/vendor source; depend on library instead of mining copy,3073,True,8,116a5ca72427566738f04f5f4b23c6b3ebd780770093db50001408c6632c0869
tz.py,third-party/vendor source; depend on library instead of mining copy,1850,True,0,1149c474c7de4e15e263a978b21f7205a6d9eb7fcf3b3cb4d734ac87db619f5a
tzwin.py,third-party/vendor source; depend on library instead of mining copy,3,True,0,ec0af8bdd4029e733498a4773148db20ab19ac155f1e0770b0965cfe619845ec
ufo.py,third-party/vendor source; depend on library instead of mining copy,384,True,12,179e05b52fb55a76fa5aeaebc69e31970fe6ed8fe9442b4d654a98eb657f191c
ufunc_config.py,third-party/vendor source; depend on library instead of mining copy,65,True,25,bb35ce84297d3782cf57d855d88aa0fec92090a31b04f045d065cf53d10c7ae1
ufunclike.py,third-party/vendor source; depend on library instead of mining copy,53,True,29,dc11ed2711b286ac749a09413f2c287c2dcf62c293b87861ac663d66bbf04796
ufuncs.py,third-party/vendor source; depend on library instead of mining copy,139,True,25,98e9217609c568aa5f5495296787e17c1d24fbbfa85a51b0530cb0e212eb5406
umath.py,third-party/vendor source; depend on library instead of mining copy,60,True,2,fabc529bdfcc632ae82bcaaa5539494802757e5a52c492999e2ebfe10f396987
unbuild.py,third-party/vendor source; depend on library instead of mining copy,275,True,0,12cfc3f728aaa7e89bfb96f17f10ac645f49abb7fad1e6f66957f1f847a9bf5d
unbuilder.py,third-party/vendor source; depend on library instead of mining copy,82,True,0,896f84e48dfd5ac57cd8adcd8023b80a3cf09b55aacc6aedca91edf1ea706c73
unicode.py,third-party/vendor source; depend on library instead of mining copy,51,True,0,659ece3265af23257520bd64ea2a13cda440877b54be6ea0bcaed08056ce2076
uninstall.py,third-party/vendor source; depend on library instead of mining copy,114,True,2,0ac3a286abdbe9903a3baecbef4a177a82c778e7cdccc33cf07f60fbd6a8720c
unistring.py,third-party/vendor source; depend on library instead of mining copy,154,True,0,6a5fbfac17a646e1af8a7b2b33a6ad36c1d3989e8351bc36e2ad8ed91bb57017
units.py,third-party/vendor source; depend on library instead of mining copy,196,True,8,ecefa595cf24dc6a5da2d52cdad59c1068285071d7f98ee8d11edffb526f7b79
universaldetector.py,third-party/vendor source; depend on library instead of mining copy,363,True,0,c5806b838c7475df569d3f2a7257c00d50fda2776b50d92a3e6bed7b5a5ae76d
unix.py,third-party/vendor source; depend on library instead of mining copy,273,True,2,5999a4500fbe2f724d4469b3df6b37e587e80f789c6bac4a20f74257f1e12dcb
unpacking.py,third-party/vendor source; depend on library instead of mining copy,363,True,0,e21360e9da873a7fcacc60b3482efa9c2846f7b77f523b45f409cb4a87faef6a
url.py,third-party/vendor source; depend on library instead of mining copy,436,True,0,942004ecce66c80f040dd5b4b09bb2c9985507d2bf8f7f258d684702715a5a81
urls.py,third-party/vendor source; depend on library instead of mining copy,56,True,0,685fde83dba5e5df1b302c5f4924b141c7ecf8ea4975b4ad62a647a32d8ad511
use_rules.py,third-party/vendor source; depend on library instead of mining copy,101,True,2,0e8c25823ca3af6eb78520946f2f73f7b7b807f0ca5b3f2bf5b94a63c0108b4f
user_array.py,third-party/vendor source; depend on library instead of mining copy,2,True,0,ceceaee93017a00c9218065cd6a13a7ca0f800dfadeaead909a89968a9878aca
utd.py,not a useful math/solver mining target,125,False,0,53ad8fa16b4313997881cca5a690bcaf6ac1ab6c9af16224ceb32173b473b454
ute.py,not a useful math/solver mining target,104,False,0,97acf7aba5097e9c9b65ba8df4e4bd682c6fc0dd929d6afb8c4fc78edb862b8c
utf1632prober.py,third-party/vendor source; depend on library instead of mining copy,226,True,0,a70d5ea4674c8f58431a20aed401eaab33847e35fc3157625bb3b50654fcf9e4
utf8prober.py,third-party/vendor source; depend on library instead of mining copy,83,True,0,f26d3c51be78f741f88d0e8b617bc5cac1ad80aa0ab0751ddb31ff8bcfd39d5c
util.py,third-party/vendor source; depend on library instead of mining copy,144,True,0,047ddb656345cbe4ec8f572d87b692a46549d7c617297a836a43e7e96ce4bba5
utils.py,third-party/vendor source; depend on library instead of mining copy,72,True,0,74a09c844c3c78e6e2d25a064f1f75ba70719bfed41a5537bff16314c76ac183
uts46data.py,third-party/vendor source; depend on library instead of mining copy,8842,True,0,1fd277e55903d05f4bf6628eaa378d19dd80f956ba1653e8cfa273e0aee1fa9b
v21_core.py,not a useful math/solver mining target,641,False,54,0ef7c40ee86dfbaba2562014a20a935423d5a6a043fc392497ef0863a79db614
v7c_script.py,not a useful math/solver mining target,44,False,19,4e095823e7ec72b5cc8b00ff1d8c803cd343fdace96fd807cc3478b3f052b4b1
v7e_script.py,not a useful math/solver mining target,562,False,108,46276ab9e74781cc9444e376f91757dc2661579bd52c3f13ee2e362d26fa6be0
v8e_external_audit.py,not a useful math/solver mining target,301,False,15,28fb73cf186066a0f598dbcef376dc7ea66aafd512f90ffe36dc29a6388b1fc1
v8f_external_audit.py,not a useful math/solver mining target,256,False,17,c0bf49a1bbd568a8bac4e2196979383d04f92fb1ad3334a9695eb56a63163b49
v8g_external_audit.py,not a useful math/solver mining target,348,False,17,64c9c27e1a11d453abd8729c73b492a26ad0feade0240be7b231c59ea660c0e1
v8h_external_audit.py,not a useful math/solver mining target,276,False,28,46de70a4886ea53bbd3bf42a42d215418009db42fe06cadf7f8417e7c2d13c3b
v8i_external_audit.py,not a useful math/solver mining target,200,False,14,79fa48c89feeca866da9b3103609c05a7e5c2f23d69b1c014c8c402ed10a45c9
v8j_convention_grid_check.py,not a useful math/solver mining target,15,False,1,0352940ffae416cba6214a269a77de99e8b21fbe790475cbfa5793f90d8577cd
v8j_external_audit.py,not a useful math/solver mining target,325,False,21,fa4f5a9f859a7a26064b21e57751ecf5a9212be237e84cd1a8e0708e28e798c7
v8k_checks.py,not a useful math/solver mining target,77,False,5,97fe62a2035e0c67591d50a3907ebfb0e1894853eeccdd7ce646ecffee71a2e6
v8l_checks.py,not a useful math/solver mining target,454,False,13,6ebdb109c03161b2661f8bb770d2cde2a994cb6b000fbf1e1b35cd3b16fe293a
v8m_checks.py,not a useful math/solver mining target,297,False,8,44c9eebd13ecce466b07e16f4a47624a312d89dae27be43b567f3a0c632fab24
validate_and_render.py,not a useful math/solver mining target,70,False,6,4b956a87c45a9476561533ec2209485b622a3e29cb9f05981c3f21d8d0caca96
validate_assembly_overlap.py,not a useful math/solver mining target,64,False,4,a4356ce2d3521619ee463163bdb7096188618ef5106a2eb8b0b626fa499ea320
validate_notebook.py,not a useful math/solver mining target,22,False,3,ca85c1ad82abbf328cef934c53dd1374acbe14c4b8650b8748bec1938275df6f
validate_observatory.py,not a useful math/solver mining target,7,False,2,0d59837109a1e2bd03ee2b635f9fba04b2fbc739bc5cf7d50a4f4226dabfa653
validate_package.py,not a useful math/solver mining target,42,False,7,98187b8a8fe914fa5ad8920da20ef8383ac762f333fac119279a0b1823e8ce75
validate_publication_companion.py,test/build/verification/plot/control/package utility,70,False,11,59bba98534e9bbc4fc226d22aabfcd750dc809a3a685df6492b9e5f76d0eeb2b
validators.py,third-party/vendor source; depend on library instead of mining copy,1198,True,0,225f6a618563f4fa39d7f20654699e544d925dfefba4571c809a552e480014a9
varStore.py,third-party/vendor source; depend on library instead of mining copy,740,True,0,d9003d48323a8d0c90ff3abcd8e3b06b714191f97e92c692a352869951696bd4
variableScalar.py,third-party/vendor source; depend on library instead of mining copy,266,True,0,0d06435875777439e7191705d70e23ae61c82e808584f5ac3b555902852efbbf
vector.py,third-party/vendor source; depend on library instead of mining copy,148,True,2,ea5a997038c08072454208f30fe50b43f3eb8a000c7de64a68166601f702d228
verification.py,not a useful math/solver mining target,169,False,14,eabbd69e27745c7a91b5aad918d580274b8f750775d0be615ed21027bd141fb4
verifier.py,not a useful math/solver mining target,317,False,54,9278b3f0d03f126a5df1c9dfc1a771ae8178c753832a85a08b616d5257295be6
verify.py,not a useful math/solver mining target,140,False,17,c156aaac772ca21bf3dfe21d1b8513d60ce92ac4f7aee89b2f54558b951583f9
verify_agent_package.py,test/build/verification/plot/control/package utility,62,False,12,2de16f71f961ad8e832f6cd76a1147e2ed710287ab830e144110cfdccf945a6b
verify_audit_package.py,not a useful math/solver mining target,37,False,8,c579beb41f495f25fa6ea3ad02bf8f5562b112755685aada289ca96b80e46a77
verify_evidence.py,not a useful math/solver mining target,89,False,19,82b5269aabb5757ff700152b7564f565523c4dc851d35ab9556d687c25cdbe15
verify_evidence_classes.py,not a useful math/solver mining target,86,False,4,6d9159391fb336000ea8a249076eb4b6a4d1a4877feb4fcbe057b839518bae53
verify_manifest.py,not a useful math/solver mining target,23,False,3,07d0d0c8e7093c6a25d8b34511ef0884c90fdf6a6f2e14a8bca95632393c14bb
verify_package.py,test/build/verification/plot/control/package utility,17,False,4,00dc3d4c15e4c7cc64532232ea84cbc293fe4e0db557d5e1f3f9eaa4e598e121
verify_parallel_convergence_input.py,not a useful math/solver mining target,93,False,8,f63b0611ae6697c36318c3cbbe6b965fd3a292a32dcf602799a68401cc16a695
verify_threshold_core.py,not a useful math/solver mining target,75,False,2,5c6a99c717b6193dd6ca37ed9e3b8ccd991fb45c99278d62f54060de4b6ddd51
verify_transport.py,not a useful math/solver mining target,192,False,5,1f4793a6a1b2ee1a44ba4b23b649d5292284d6b429ed904ec3e18a8f7945daa8
version.py,third-party/vendor source; depend on library instead of mining copy,12,True,1,68d34ef01010ce7209e53c05e9836b06b8ab2bff9358ad17e8ebde7286527766
versioncontrol.py,third-party/vendor source; depend on library instead of mining copy,696,True,11,31afc7319055bde4a4798bf169cbea7ae8e791221a1755e3c53b12dc1c1c27c1
virtualenv.py,third-party/vendor source; depend on library instead of mining copy,106,True,0,997f943f2c3530fc61c14c4a85ba96597ef427a3c75c0263555ad19c6d21f667
visitor.py,third-party/vendor source; depend on library instead of mining copy,159,True,0,cf004055f677313b2b6e13458f4de94928cd4724faa0691aadefa47d690de67b
void_b1.py,not a useful math/solver mining target,377,False,41,5cdcadd7fd70a7f7ea21a4bf05a810da0f721b99485f1ace6aee25de2fae98df
void_cold_scout.py,not a useful math/solver mining target,65,False,0,6e9ed58e6ab3dddfd3c925abe04e91b057dd10b15f5c8555f38e5874b537d62d
void_cycle_scout.py,not a useful math/solver mining target,170,False,0,f1e50c93c1166c64ab152d8fae743e90e96bd9cd3ff36f1bca82c110e9e0511e
void_excitation_scout.py,not a useful math/solver mining target,123,False,0,4bbdbd6b8d04b8f0c89a64ca3b8378d915a884b576b3bfc08653eb68e58d7541
void_frontier_scout.py,not a useful math/solver mining target,302,False,1,fb8ff7992f69299373cc701468fb7708a8d92c4f9b643d840ef061c64deb4dec
void_heat_scout.py,not a useful math/solver mining target,277,False,1,62c65c0ecc64843b0de2cdbdb1b773580ca80fabffaad8d1e9ee837cd595a40a
void_inhibition_scout.py,not a useful math/solver mining target,123,False,0,be45235ac445a2051ac5023972e935843a7469e8d107789773b0352d1ba11783
void_memory_ray_scout.py,not a useful math/solver mining target,260,False,2,6b7510d1a90d29eebf142394ece2ece621b3c3c08bd697dd5e1ba2cba703d931
void_ray_scout.py,not a useful math/solver mining target,247,False,2,934c3515693b81fe2ff1ccdd50ef3d1c7d1c4df72fe73354a07e777b96fb5123
void_sentinel_scout.py,not a useful math/solver mining target,174,False,0,b31101901ba7ca7d268d4c7c286bf05bff6cf508e246b996268570dc0a9c2632
voltToFea.py,third-party/vendor source; depend on library instead of mining copy,912,True,3,676caf9da64b417ccf2d3f3a52d6b4cd1b17218823e8d9ef66d496b79c66c36b
wait.py,third-party/vendor source; depend on library instead of mining copy,153,True,0,7ce5f4fdf6a8cc6d8fee25688d0a04d666f277078dc93726fa15c47c5ad3b4b2
warnings.py,third-party/vendor source; depend on library instead of mining copy,11,True,0,c1058d33b29a975d0e4011c7706f5281dc1a05e15b51eddf0c41777dc1c11c21
warnings_and_errors.py,third-party/vendor source; depend on library instead of mining copy,7,True,1,1132d99034c6a59b29bf08d56006659c0d601f83c9e1b498e4f916cb14e3bac5
weakref_finalize.py,third-party/vendor source; depend on library instead of mining copy,156,True,0,b5109a97938084d491c9bd03847a7edfc02d2250ac44ff01c45dcd5feeaba880
wheel.py,third-party/vendor source; depend on library instead of mining copy,172,True,0,2fdbc4cc9fc4e36b1c17f1e08795f81e4dfd9ea2432b11a0e2eee094361b3567
wheel_builder.py,third-party/vendor source; depend on library instead of mining copy,262,True,0,caf1142d2b59b6dcbd2a9969f3db438acde119dc8a43ed8151b14b989ff98a79
wheel_editable.py,third-party/vendor source; depend on library instead of mining copy,48,True,0,ab791f12572533a16eb556c5c04f3b24e4e9556b798b10dfdff5241c02157f3e
wheel_legacy.py,third-party/vendor source; depend on library instead of mining copy,103,True,0,0bd8faaee920408d67fc97902e8646b8375f530cc25d287221d3d3a7a79d6cc4
widgets.py,third-party/vendor source; depend on library instead of mining copy,4456,True,126,a6e1796cf8941a93a38895af65933d3f5bb71b6b8e10f6b14298d19811e60356
width.py,third-party/vendor source; depend on library instead of mining copy,211,True,1,22a18bd022f2099aa2fe1bec1f2486d3caa96314b791aa96fadb004fe6e31d5e
win.py,third-party/vendor source; depend on library instead of mining copy,371,True,0,c49b335a04b0135c4fc7f1c98f86647a9cae902fe1372d35e9631c5e16d1681f
win32.py,not a useful math/solver mining target,181,False,0,61038ac0c4f0b4605bb18e1d2f91d84efc1378ff70210adae4cbcf35d769c59b
windows.py,third-party/vendor source; depend on library instead of mining copy,279,True,0,5ef09f925194315c496d78ade758e960c37e94d79270f07cdaa4b50807a994bd
winterm.py,not a useful math/solver mining target,196,False,0,5c24050c78cf8ba00760d759c32d2d034d87f89878f09a7e1ef0a378b78ba775
winterm_test.py,not a useful math/solver mining target,132,False,0,aa85853c48f29b9826d91b8cc297f7a4e8acddae6bfcf259142ccadb9e092fc0
woff2.py,third-party/vendor source; depend on library instead of mining copy,1681,True,113,e8b3c849e050d5db9bcca8d6ad47189bfbe01130b8e814cb6385e41b9daabd20
words (another copy).py,not a useful math/solver mining target,36,False,0,d59a86979b3515c06e7260b3c86268b14b4368efb635af59030217f7f940609d
words (copy).py,not a useful math/solver mining target,32,False,0,97ef23870efb5a56b826f8683397b18a355e0ab42711c4f39d45fc9a0cc27ed0
words.py,not a useful math/solver mining target,32,False,0,97ef23870efb5a56b826f8683397b18a355e0ab42711c4f39d45fc9a0cc27ed0
wrapper.py,third-party/vendor source; depend on library instead of mining copy,44,True,0,86c19cee0f101904d3fb87fcb60cf700ce6ac12720e853b405274b491744be95
write_manifest.py,not a useful math/solver mining target,40,False,7,a1c642d73f74cdb776368a61800fe6f56f91a37a17f53a4dee9f64c766e875ca
wxPen.py,third-party/vendor source; depend on library instead of mining copy,30,True,0,5bd4511e50561e9f82542e04c6f937cad06645a078f8b8093cfe41bfba3d040d
x_user_defined.py,third-party/vendor source; depend on library instead of mining copy,326,True,0,c8ea9649d9a9cad19f52087f67a258803361a1cf81007cb279e4f5e45af8dad3
xi_endogenous_floor_burden.py,not a useful math/solver mining target,196,False,9,e559cbb7568b7e1ca4b88ac9cbfe2dd1138f08b63864bc4759a0e29e809281e3
xi_full_engine_kernel.S,not a useful math/solver mining target,132,False,0,097fbd096cee3ae2cc758eb6f805577fe985b77050197e613bf273a27b75a550
xi_full_engine_runner.c,not a useful math/solver mining target,110,False,0,0295ffca17e466de5b1c62834b9908e0957c67b8079d6f004fe208cd922ab739
xi_interval_audit.py,not a useful math/solver mining target,131,False,6,b0fbd9aa7033dbf5365de3d73cb1967b3582b76e32d4d6b771622a0098ebd99e
xi_tinkerer_audit.py,not a useful math/solver mining target,320,False,12,9ecada22d145a2dfa4a11df17ac5ccfcd7a6d1cdb3c677545f8f4d84c59f1897
xmlReader.py,third-party/vendor source; depend on library instead of mining copy,189,True,11,8a0bade3f775dd14f859aae58aa56fbae3f26ced6e49755ea0139e5b88f4fdee
xmlWriter.py,third-party/vendor source; depend on library instead of mining copy,241,True,0,10875c4bfd32f60be973cd90bd90bd55c7ab02a12c3fc79e0b482a3283cae237
xmlrpc.py,third-party/vendor source; depend on library instead of mining copy,62,True,3,ffe467937bce7dff2e17d8401a64fa48b00b7e563580c05c6c6c12d767dbfd8e
