source_path,filename,sha256,bytes,category,reason,internal_hash_group_size,v2_exact_matches
20260619T190328_orthad_lift_measurement.py,20260619T190328_orthad_lift_measurement.py,720b97cac912184379f4afdd9481f503a8f955babc95a695302608db44816109,8958,added_tier_b,"Partition refinement/inherit-extend measurement, exact coefficients, entropy and residual resolution.",1,
20260710T234301_qbl_b_defect_investigation.py,20260710T234301_qbl_b_defect_investigation.py,24235da9fd9fd19ac1639a99b33f030759a5a28fcb26a5987875a945e7360daf,3309,exact_duplicate_v2,Exact SHA-256 duplicate of existing v2 content: math_candidates/20260710T234301_qbl_b_defect_investigation.py,1,math_candidates/20260710T234301_qbl_b_defect_investigation.py
20260711T064604_build_package.py,20260711T064604_build_package.py,0b6f655aaca51654e8f79da635c5fa76e508557d801c39ee37f3837889348c81,15138,not_promoted_after_semantic_review,Byte-distinct but not judged to add a sufficiently distinct/reusable math or solver capability beyond v2 and promoted files.,1,
20260711T064604_derive_j.py,20260711T064604_derive_j.py,26b5789ef4ea6e50d6b8a2f232b64b2cd5f0a69f2d35cd372370f7ad313a37fa,17896,exact_duplicate_v2,Exact SHA-256 duplicate of existing v2 content: math_candidates/20260711T064604_derive_j.py,1,math_candidates/20260711T064604_derive_j.py
20260711T074914_build_package.py,20260711T074914_build_package.py,9f63778b53da276ee4898dd540499a44dc9d03e2f8ef2caafc3a1db86f1c6f62,22498,not_promoted_after_semantic_review,Byte-distinct but not judged to add a sufficiently distinct/reusable math or solver capability beyond v2 and promoted files.,1,
20260711T074914_derive_symbolic_language.py,20260711T074914_derive_symbolic_language.py,65a131ab0526aaec8d8ade78cb6eedbf7a009fb0c54fd4a33572f10ccb7f7e40,33252,exact_duplicate_v2,Exact SHA-256 duplicate of existing v2 content: math_candidates/20260711T074914_derive_symbolic_language.py,1,math_candidates/20260711T074914_derive_symbolic_language.py
20260711T083401_build_package.py,20260711T083401_build_package.py,5d6fbe6158949e5464d577899dd3d30293f7ed48552796560a9d7b99df01f4f4,22901,not_promoted_after_semantic_review,Byte-distinct but not judged to add a sufficiently distinct/reusable math or solver capability beyond v2 and promoted files.,1,
20260711T083401_derive_affine_language.py,20260711T083401_derive_affine_language.py,cddc3d0fdb4a378b3d5f8237b490794c261befb2ac5f788b6e9c620ce40ac782,23018,exact_duplicate_v2,Exact SHA-256 duplicate of existing v2 content: math_candidates/20260711T083401_derive_affine_language.py,1,math_candidates/20260711T083401_derive_affine_language.py
20260711T103100_build_package.py,20260711T103100_build_package.py,edfd4b2661b282442f8808ac7fc385ea4fcf4f7ee9ab2071450ebc6b6c9f3750,24470,not_promoted_after_semantic_review,Byte-distinct but not judged to add a sufficiently distinct/reusable math or solver capability beyond v2 and promoted files.,1,
20260711T103100_derive_affine_language.py,20260711T103100_derive_affine_language.py,5f5faef9c1be6cf9c389718a9cf432102e65ca6b8b41a12f7191c8371d7916d2,28343,exact_duplicate_v2,Exact SHA-256 duplicate of existing v2 content: math_candidates/20260711T103100_derive_affine_language.py,1,math_candidates/20260711T103100_derive_affine_language.py
20260711T110131_build_package.py,20260711T110131_build_package.py,dc439bf8d0a0f20a2cddbef389d30cdc70492293a39e429af894636d0227131e,9042,not_promoted_after_semantic_review,Byte-distinct but not judged to add a sufficiently distinct/reusable math or solver capability beyond v2 and promoted files.,1,
20260711T110131_derive_threshold.py,20260711T110131_derive_threshold.py,7d217510bd48e5f251463d7c03e50e691a37bf68ca7fb652db977ce8115ddec9,1210,exact_duplicate_v2,Exact SHA-256 duplicate of existing v2 content: math_candidates/20260711T110131_derive_threshold.py,1,math_candidates/20260711T110131_derive_threshold.py
20260711T110131_verify_package.py,20260711T110131_verify_package.py,6d13d06fca06d2b4e1670a1f6b254d18013241e17f0a6499d1d23d889c1ba79c,463,test_build_verification_benchmark,Validation/benchmark/test artifact rather than a reusable math/solver implementation.,1,
20260711T113107_build_package.py,20260711T113107_build_package.py,281959a7b383e946deaf4233d5e447c1172e9bff6e337ca3f4db55e4714e424b,25221,not_promoted_after_semantic_review,Byte-distinct but not judged to add a sufficiently distinct/reusable math or solver capability beyond v2 and promoted files.,1,
20260711T113107_derive_threshold.py,20260711T113107_derive_threshold.py,4b280b90eb5431c77588b24a5fd08881497307647080a146e62ccff02357f9fb,7120,exact_duplicate_v2,Exact SHA-256 duplicate of existing v2 content: math_candidates/20260711T113107_derive_threshold.py,1,math_candidates/20260711T113107_derive_threshold.py
20260711T113107_verify_package.py,20260711T113107_verify_package.py,be1a297027cf42ca4f77a9365b639566f1beea47f22f8299631f30b2d91f4312,2040,test_build_verification_benchmark,Validation/benchmark/test artifact rather than a reusable math/solver implementation.,1,
20260711T120831_build_package.py,20260711T120831_build_package.py,2a653720cd99a95a1b56481682c80c7667f321a03d7c7f139a1adbdfd885ee52,2731,not_promoted_after_semantic_review,Byte-distinct but not judged to add a sufficiently distinct/reusable math or solver capability beyond v2 and promoted files.,1,
20260711T120831_derive_factor.py,20260711T120831_derive_factor.py,ba8dd25b3671f9ae062880fa59f950ebb776b30a811f4495c680bd9fc5422878,3779,exact_duplicate_v2,Exact SHA-256 duplicate of existing v2 content: math_candidates/20260711T120831_derive_factor.py,1,math_candidates/20260711T120831_derive_factor.py
20260711T134500_build_package.py,20260711T134500_build_package.py,f1e997044b999d68ed21ea08d9748c63dbece4f8deee58e5779ad7447d05f6ea,4114,not_promoted_after_semantic_review,Byte-distinct but not judged to add a sufficiently distinct/reusable math or solver capability beyond v2 and promoted files.,1,
20260711T134500_derive_factor_scope.py,20260711T134500_derive_factor_scope.py,bc28faf4b93a34a3ee67938d2338d10afed71d6774f62d1b3ac69c4a767e1e88,7664,exact_duplicate_v2,Exact SHA-256 duplicate of existing v2 content: math_candidates/20260711T134500_derive_factor_scope.py,1,math_candidates/20260711T134500_derive_factor_scope.py
20260711T142511_build_package.py,20260711T142511_build_package.py,f1a3956d438916b692bab214ce05b3bb81252a204287e4f2cdbd20e4817a4c0a,4318,not_promoted_after_semantic_review,Byte-distinct but not judged to add a sufficiently distinct/reusable math or solver capability beyond v2 and promoted files.,1,
20260711T142511_derive_primary_pairing.py,20260711T142511_derive_primary_pairing.py,dcb705b5bc190e0f6e3dac2c3a5c43cdef53ba06cf89e8d175bbede6568a3ff1,8619,exact_duplicate_v2,Exact SHA-256 duplicate of existing v2 content: math_candidates/20260711T142511_derive_primary_pairing.py,1,math_candidates/20260711T142511_derive_primary_pairing.py
20260711T142511_verify_archive.py,20260711T142511_verify_archive.py,8cffc20153b3cded0bb2aef245f1e32758216dbddbb2dc36e0a9be28e418d9bf,733,test_build_verification_benchmark,Validation/benchmark/test artifact rather than a reusable math/solver implementation.,1,
20260711T145605_build_package.py,20260711T145605_build_package.py,c78a74df109e0da8cf031005de8b5e288f005497507dc3989da86f000013fd6e,5143,not_promoted_after_semantic_review,Byte-distinct but not judged to add a sufficiently distinct/reusable math or solver capability beyond v2 and promoted files.,1,
20260711T145605_derive_type_boundary.py,20260711T145605_derive_type_boundary.py,fa51b9d6fa579fc1dffa0d4550b88b26586198abd82208cb6f0b47f40131a3a8,12806,exact_duplicate_v2,Exact SHA-256 duplicate of existing v2 content: math_candidates/20260711T145605_derive_type_boundary.py,1,math_candidates/20260711T145605_derive_type_boundary.py
20260711T145605_verify_archive.py,20260711T145605_verify_archive.py,3134032613f6e30cfdecbdf0a7a346c164ddbe4b46a582ca88b4d33f3169aedf,853,test_build_verification_benchmark,Validation/benchmark/test artifact rather than a reusable math/solver implementation.,1,
20260711T162253_build_package.py,20260711T162253_build_package.py,0b2dea25ea4647a50e3e308432aa0bae1d5776cedff9cc465dcb82537314de7e,21373,not_promoted_after_semantic_review,Byte-distinct but not judged to add a sufficiently distinct/reusable math or solver capability beyond v2 and promoted files.,1,
20260711T162253_derive_domain_invariant.py,20260711T162253_derive_domain_invariant.py,f2be12f7543dd77333db6025449a33c2e29e9ed9347ffd3b957971fa572b4c64,10552,exact_duplicate_v2,Exact SHA-256 duplicate of existing v2 content: math_candidates/20260711T162253_derive_domain_invariant.py,1,math_candidates/20260711T162253_derive_domain_invariant.py
20260711T162253_verify_package.py,20260711T162253_verify_package.py,b264169761efb4155d077e101d9d332fbbaead8e703af4641dd71a5f2bc43a53,1168,test_build_verification_benchmark,Validation/benchmark/test artifact rather than a reusable math/solver implementation.,1,
20260711T162758_generate.py,20260711T162758_generate.py,3ca4fdcc6ca19703272716f393377332de5de9b29981f6e55400e7a36c147ad8,2163,not_promoted_after_semantic_review,Byte-distinct but not judged to add a sufficiently distinct/reusable math or solver capability beyond v2 and promoted files.,1,
20260711T162758_make_manifest.py,20260711T162758_make_manifest.py,7c64313a09ca9d9575f88b3210e1f5eeb1e54136c83460640bcf085e61a2e891,467,runtime_persistence_orchestration,Build/CLI/persistence/runtime orchestration rather than a distinct math tool.,1,
20260711T162758_make_notebook.py,20260711T162758_make_notebook.py,6ab8c6e10e1b38cfa1e9505f6faf350bd6b695f009178c9ee46b1d7f3dacfa51,257,not_promoted_after_semantic_review,Byte-distinct but not judged to add a sufficiently distinct/reusable math or solver capability beyond v2 and promoted files.,1,
20260711T162758_model.py,20260711T162758_model.py,a23a6a695d64e34e38500afa212744c43f336b6eae1a2d34a590dea3399bf7b2,11892,exact_duplicate_v2,Exact SHA-256 duplicate of existing v2 content: math_candidates/20260711T162758_model.py,1,math_candidates/20260711T162758_model.py
20260711T162758_rebuild.py,20260711T162758_rebuild.py,5d8056706c97a7a102ca14b7aa845b63d6d786c35deba1bb37a179b698c03fee,582,not_promoted_after_semantic_review,Byte-distinct but not judged to add a sufficiently distinct/reusable math or solver capability beyond v2 and promoted files.,1,
20260711T162758_run_controls.py,20260711T162758_run_controls.py,4b30d3f3f2af1403639658e10cc7461980b1b483972c0841c12cd3444fbac13b,4704,not_promoted_after_semantic_review,Byte-distinct but not judged to add a sufficiently distinct/reusable math or solver capability beyond v2 and promoted files.,1,
20260711T162758_v7n_finite_orthad_qgt_jm_split.py,20260711T162758_v7n_finite_orthad_qgt_jm_split.py,3504ef8c8b295d8aacaf9dd2a229b9526ef50c00ee468a2e578347c2dca4f7a4,28838,exact_duplicate_v2,Exact SHA-256 duplicate of existing v2 content: math_candidates/phase5_v7n_finite_orthad_qgt_jm_split.py,1,math_candidates/phase5_v7n_finite_orthad_qgt_jm_split.py
20260711T162758_verify.py,20260711T162758_verify.py,0f0c7597a1d09c760bd051f3494493fd53a87ed1d1885173dfca8c7838f2e563,7278,test_build_verification_benchmark,Validation/benchmark/test artifact rather than a reusable math/solver implementation.,1,
20260711T174605_build_package.py,20260711T174605_build_package.py,c47265d5aecf5dbf340e30fdf605e72f25032e2c0b81a5c647e41460ef4f79b5,16814,not_promoted_after_semantic_review,Byte-distinct but not judged to add a sufficiently distinct/reusable math or solver capability beyond v2 and promoted files.,1,
20260711T174605_derive_articulation_boundary.py,20260711T174605_derive_articulation_boundary.py,1925e90cdebcce671e6cffec2ebf1eb56c0c46de256bcccf1b78064bb7218ef3,20392,exact_duplicate_v2,Exact SHA-256 duplicate of existing v2 content: math_candidates/20260711T174605_derive_articulation_boundary.py,1,math_candidates/20260711T174605_derive_articulation_boundary.py
20260711T174605_verify_package.py,20260711T174605_verify_package.py,a4d76b1adac5168124cb2fd500aa84c7d08f614032fd7982a16d07fe5a90976d,1972,test_build_verification_benchmark,Validation/benchmark/test artifact rather than a reusable math/solver implementation.,1,
20260711T194326_build_package.py,20260711T194326_build_package.py,019653e9d3cb6fdb08b7c5abe85be0a6348efbc9cc49f5151bc2204045760e1d,4815,not_promoted_after_semantic_review,Byte-distinct but not judged to add a sufficiently distinct/reusable math or solver capability beyond v2 and promoted files.,1,
20260711T194326_derive_bql_action_boundary.py,20260711T194326_derive_bql_action_boundary.py,23d1d99376eff0b567f6db0e86ae516de712482a1f655ffaa48058fbf9dfa2c5,8204,exact_duplicate_v2,Exact SHA-256 duplicate of existing v2 content: math_candidates/20260711T194326_derive_bql_action_boundary.py,1,math_candidates/20260711T194326_derive_bql_action_boundary.py
20260711T194326_verify_archive.py,20260711T194326_verify_archive.py,114665c1fdb08074b0a6f352a9f177c1e27f41eb37d29caef485af52fb08a069,1172,test_build_verification_benchmark,Validation/benchmark/test artifact rather than a reusable math/solver implementation.,1,
20260711T214822_build_package.py,20260711T214822_build_package.py,1023000ffea5e203f25992bf848d266cbfb3885e72992f9929c38cbc703d0918,3651,not_promoted_after_semantic_review,Byte-distinct but not judged to add a sufficiently distinct/reusable math or solver capability beyond v2 and promoted files.,1,
20260711T214822_derive_state_forced_action.py,20260711T214822_derive_state_forced_action.py,01f39249438f2e1751e84a3ac234b9e896363dfdbff467c92626688d96b8c508,8033,exact_duplicate_v2,Exact SHA-256 duplicate of existing v2 content: math_candidates/20260711T214822_derive_state_forced_action.py,1,math_candidates/20260711T214822_derive_state_forced_action.py
20260711T214822_verify_package.py,20260711T214822_verify_package.py,220d7eaf3addb39b1cc206796c9b016147d01eeaec533c468e97342ed26b7622,1212,test_build_verification_benchmark,Validation/benchmark/test artifact rather than a reusable math/solver implementation.,1,
20260711T224358_build_package.py,20260711T224358_build_package.py,c1ee7b1d2a4cd730b3d99d61729eb8fbe4f7db3e6bbe5021f2f0ec3594df3d37,3301,not_promoted_after_semantic_review,Byte-distinct but not judged to add a sufficiently distinct/reusable math or solver capability beyond v2 and promoted files.,1,
20260711T224358_derive_ppgrl.py,20260711T224358_derive_ppgrl.py,3e98eb0770d49a0fe8c8642b6b7ed211da132fa1b86d554dcfb63e67f914ca8f,6929,exact_duplicate_v2,Exact SHA-256 duplicate of existing v2 content: math_candidates/20260711T224358_derive_ppgrl.py,1,math_candidates/20260711T224358_derive_ppgrl.py
20260711T224358_verify_package.py,20260711T224358_verify_package.py,3ddf84bbc5f8bc207ff46d2a788f4d1859c5f4f9228e91c73a53b481e764ee5c,1327,test_build_verification_benchmark,Validation/benchmark/test artifact rather than a reusable math/solver implementation.,1,
20260712T231004_build_package.py,20260712T231004_build_package.py,e51ce972d211a0c8b39542fc7cea8fac6966d90926596e1753ec7e4a323f8541,2977,not_promoted_after_semantic_review,Byte-distinct but not judged to add a sufficiently distinct/reusable math or solver capability beyond v2 and promoted files.,1,
20260712T231004_derive_first_b_tick.py,20260712T231004_derive_first_b_tick.py,4ba538ccd80adfc4b24f6c0f7f93477e53779d7160f733846e24a0d680cfa323,698,not_promoted_after_semantic_review,Byte-distinct but not judged to add a sufficiently distinct/reusable math or solver capability beyond v2 and promoted files.,3,
20260712T231004_search_archives.py,20260712T231004_search_archives.py,b33c93fbf9d26db238739bdf45177cee4fd876f57a856a90b4bcda166d9513b1,792,not_promoted_after_semantic_review,Byte-distinct but not judged to add a sufficiently distinct/reusable math or solver capability beyond v2 and promoted files.,3,
20260712T231004_verify_package.py,20260712T231004_verify_package.py,9ce7d197a8fa4f5f51360963caac44e697944f2e339fe3f60c16ba5a0b43589c,550,test_build_verification_benchmark,Validation/benchmark/test artifact rather than a reusable math/solver implementation.,1,
20260713T000347_build_package.py,20260713T000347_build_package.py,8417f7a0bac1804352808087374eb283fcd5f6816bb3fdf954f71397540c0dca,3089,not_promoted_after_semantic_review,Byte-distinct but not judged to add a sufficiently distinct/reusable math or solver capability beyond v2 and promoted files.,1,
20260713T000347_derive_first_b_tick.py,20260713T000347_derive_first_b_tick.py,4ba538ccd80adfc4b24f6c0f7f93477e53779d7160f733846e24a0d680cfa323,698,internal_duplicate,Exact duplicate inside third_sweep of 20260712T231004_derive_first_b_tick.py,3,
20260713T000347_search_archives.py,20260713T000347_search_archives.py,b33c93fbf9d26db238739bdf45177cee4fd876f57a856a90b4bcda166d9513b1,792,internal_duplicate,Exact duplicate inside third_sweep of 20260712T231004_search_archives.py,3,
20260713T000347_verify_evidence_classes.py,20260713T000347_verify_evidence_classes.py,cd7ce21998c71200bfd2cad873b1a45f338481b3717ba7a7fc18545a8a87acaf,2791,test_build_verification_benchmark,Validation/benchmark/test artifact rather than a reusable math/solver implementation.,1,
20260713T000347_verify_package.py,20260713T000347_verify_package.py,43745789340fb9b48cf9c43dc8aa7f9957b597e8674c1b185f188fbcfb75f4dd,861,test_build_verification_benchmark,Validation/benchmark/test artifact rather than a reusable math/solver implementation.,2,
20260713T001921_build_package.py,20260713T001921_build_package.py,47ecc997ca270dd77a74ecc232a901dc05b22a11d31f37d1633c9a438aaad26b,3279,not_promoted_after_semantic_review,Byte-distinct but not judged to add a sufficiently distinct/reusable math or solver capability beyond v2 and promoted files.,1,
20260713T001921_derive_first_b_tick.py,20260713T001921_derive_first_b_tick.py,4ba538ccd80adfc4b24f6c0f7f93477e53779d7160f733846e24a0d680cfa323,698,internal_duplicate,Exact duplicate inside third_sweep of 20260712T231004_derive_first_b_tick.py,3,
20260713T001921_search_archives.py,20260713T001921_search_archives.py,b33c93fbf9d26db238739bdf45177cee4fd876f57a856a90b4bcda166d9513b1,792,internal_duplicate,Exact duplicate inside third_sweep of 20260712T231004_search_archives.py,3,
20260713T001921_verify_evidence_classes.py,20260713T001921_verify_evidence_classes.py,7b7b2bb24a297150a8a38986c3dc25b4841a6b1ed895fc63738a8ad9e06d84f8,8520,test_build_verification_benchmark,Validation/benchmark/test artifact rather than a reusable math/solver implementation.,1,
20260713T001921_verify_package.py,20260713T001921_verify_package.py,43745789340fb9b48cf9c43dc8aa7f9957b597e8674c1b185f188fbcfb75f4dd,861,internal_duplicate,Exact duplicate inside third_sweep of 20260713T000347_verify_package.py,2,
20260713T020859_build_package.py,20260713T020859_build_package.py,91f103092d1926a11cc5d9c94bf3ab0d3bdad5f962efccb5b5495a2231d25d7b,1617,not_promoted_after_semantic_review,Byte-distinct but not judged to add a sufficiently distinct/reusable math or solver capability beyond v2 and promoted files.,1,
20260713T020859_derive_initialization_first_b.py,20260713T020859_derive_initialization_first_b.py,5d59a4a5108812df90728ed4006d413fe2135ea048eb6e2d0208ade7b5b3b576,1163,not_promoted_after_semantic_review,Byte-distinct but not judged to add a sufficiently distinct/reusable math or solver capability beyond v2 and promoted files.,1,
20260713T020859_search_archive_corpus.py,20260713T020859_search_archive_corpus.py,8f1c66d7bae928eb110d7593b6b0bed03b70f0e2aa89fe6c9ff1ff51f77784ae,4393,not_promoted_after_semantic_review,Byte-distinct but not judged to add a sufficiently distinct/reusable math or solver capability beyond v2 and promoted files.,2,
20260713T020859_verify_evidence_classes.py,20260713T020859_verify_evidence_classes.py,5d553f61a23a650d67fcf334f40d525cebb76f633102315d4b4608b29968395a,1991,test_build_verification_benchmark,Validation/benchmark/test artifact rather than a reusable math/solver implementation.,1,
20260713T020859_verify_package.py,20260713T020859_verify_package.py,6016154aae70ea1a440a3f1aeb2a6178b9fd6aa70bec8b1cf76b48aee2e7607a,2691,test_build_verification_benchmark,Validation/benchmark/test artifact rather than a reusable math/solver implementation.,1,
20260713T020859_verify_recovered_candidates.py,20260713T020859_verify_recovered_candidates.py,b9be0d39193f39045e83a9c843241a3af298569e1a81a8a5e6c2921144c594c4,2223,test_build_verification_benchmark,Validation/benchmark/test artifact rather than a reusable math/solver implementation.,1,
20260713T032500_build_package.py,20260713T032500_build_package.py,eb95209259782756a329cc1ac34dccfc59e9e56eda74b14ab3d2a5a202fdb671,1617,not_promoted_after_semantic_review,Byte-distinct but not judged to add a sufficiently distinct/reusable math or solver capability beyond v2 and promoted files.,1,
20260713T032500_derive_initialization_first_b.py,20260713T032500_derive_initialization_first_b.py,da11d4b3a62886257ee92bbd0bc3939d5b3bf441c32a1f4da8b30c32b71651d9,3194,not_promoted_after_semantic_review,Byte-distinct but not judged to add a sufficiently distinct/reusable math or solver capability beyond v2 and promoted files.,1,
20260713T032500_search_archive_corpus.py,20260713T032500_search_archive_corpus.py,8f1c66d7bae928eb110d7593b6b0bed03b70f0e2aa89fe6c9ff1ff51f77784ae,4393,internal_duplicate,Exact duplicate inside third_sweep of 20260713T020859_search_archive_corpus.py,2,
20260713T032500_verify_evidence_classes.py,20260713T032500_verify_evidence_classes.py,da4aa8a95c6fc9d89ad072ef3dcdfb2073214702e9cd736d1f3959e9521f8bfd,4935,test_build_verification_benchmark,Validation/benchmark/test artifact rather than a reusable math/solver implementation.,1,
20260713T032500_verify_package.py,20260713T032500_verify_package.py,09292ee5e71422a926514a30f685010e1857a1037dc5cf08279b43c112346cc5,2982,test_build_verification_benchmark,Validation/benchmark/test artifact rather than a reusable math/solver implementation.,1,
20260713T032500_verify_recovered_candidates.py,20260713T032500_verify_recovered_candidates.py,af1d50e362e1b0fdac7399139e692dbba4dd69b34d1716c497bde62ec9b0d496,2223,test_build_verification_benchmark,Validation/benchmark/test artifact rather than a reusable math/solver implementation.,1,
20260713T034945_audit_search_coverage.py,20260713T034945_audit_search_coverage.py,b96417192609cb92d710077f5d07e4ec5ca61c39ce42f33ce76c3367f8d544bf,2995,test_build_verification_benchmark,Validation/benchmark/test artifact rather than a reusable math/solver implementation.,2,
20260713T034945_build_package.py,20260713T034945_build_package.py,ceae93f9d5fab060d794758b46fc8d1e9b259dfe3ef0b543e6a46ca596750381,1729,not_promoted_after_semantic_review,Byte-distinct but not judged to add a sufficiently distinct/reusable math or solver capability beyond v2 and promoted files.,1,
20260713T034945_replay_direct_kernel.py,20260713T034945_replay_direct_kernel.py,8f8a3cd68665113172441fdbe1fce1db5043b366743496a888896dc7af63fb35,7448,runtime_persistence_orchestration,Build/CLI/persistence/runtime orchestration rather than a distinct math tool.,1,
20260713T034945_verify_audit_package.py,20260713T034945_verify_audit_package.py,1715bc63ecf77395cb874d3dbcc59c8bee0f4fb34389eee216488721bf877d2a,3472,test_build_verification_benchmark,Validation/benchmark/test artifact rather than a reusable math/solver implementation.,1,
20260713T034945_verify_incoming.py,20260713T034945_verify_incoming.py,41229c84b5b91fe8602519dcfbbacf9cfa2831914fa765a63b57588d8cbcd4ee,3988,test_build_verification_benchmark,Validation/benchmark/test artifact rather than a reusable math/solver implementation.,2,
20260713T040902_audit_search_coverage.py,20260713T040902_audit_search_coverage.py,b96417192609cb92d710077f5d07e4ec5ca61c39ce42f33ce76c3367f8d544bf,2995,internal_duplicate,Exact duplicate inside third_sweep of 20260713T034945_audit_search_coverage.py,2,
20260713T040902_build_package.py,20260713T040902_build_package.py,426f233c1181313f1ee6ce404872b9de99605715b7ae2c55954452fb27bf707a,1727,not_promoted_after_semantic_review,Byte-distinct but not judged to add a sufficiently distinct/reusable math or solver capability beyond v2 and promoted files.,1,
20260713T040902_replay_direct_kernel.py,20260713T040902_replay_direct_kernel.py,8a5848228f2516d713564bae6ea5d69eb1136e41b5f878be2b365572fb667232,9191,runtime_persistence_orchestration,Build/CLI/persistence/runtime orchestration rather than a distinct math tool.,1,
20260713T040902_verify_audit_package.py,20260713T040902_verify_audit_package.py,708d2f507319249f9a13f12d87b56253d9587bb33439177b60f8df545b85c728,4100,test_build_verification_benchmark,Validation/benchmark/test artifact rather than a reusable math/solver implementation.,1,
20260713T040902_verify_incoming.py,20260713T040902_verify_incoming.py,41229c84b5b91fe8602519dcfbbacf9cfa2831914fa765a63b57588d8cbcd4ee,3988,internal_duplicate,Exact duplicate inside third_sweep of 20260713T034945_verify_incoming.py,2,
20260713T075724_build_notebook.py,20260713T075724_build_notebook.py,702f442c13d39e42ac6861fc234cfcb72521ec2a8ff317dac06558add28620e7,9269,not_promoted_after_semantic_review,Byte-distinct but not judged to add a sufficiently distinct/reusable math or solver capability beyond v2 and promoted files.,1,
20260713T075724_build_package.py,20260713T075724_build_package.py,17c730b461a8b99d8960878ef34e3a197ef3ca3d6eac92b16db47c40470c4590,1658,not_promoted_after_semantic_review,Byte-distinct but not judged to add a sufficiently distinct/reusable math or solver capability beyond v2 and promoted files.,1,
20260713T075724_replay_recovered_kernel.py,20260713T075724_replay_recovered_kernel.py,6cd823e707a238dcddef32822e4e973326d3b0ee6cfb58bc3ec8240291a0d8d0,15859,runtime_persistence_orchestration,Build/CLI/persistence/runtime orchestration rather than a distinct math tool.,1,
20260713T075724_verify_evidence_classes.py,20260713T075724_verify_evidence_classes.py,2b734a4eddcf2d2717acf15ac318fd7d0c43e622f33dcb0628f0cfc1cce6557c,3249,test_build_verification_benchmark,Validation/benchmark/test artifact rather than a reusable math/solver implementation.,1,
20260713T075724_verify_package.py,20260713T075724_verify_package.py,c244c2f5bb85b8120721a55a1cde13d7bf2649457304eb147ec0d6486cd858c0,3161,test_build_verification_benchmark,Validation/benchmark/test artifact rather than a reusable math/solver implementation.,1,
20260713T082611_build_notebook.py,20260713T082611_build_notebook.py,8c2dc4309d11fe5e2b2f6465644aba0944d98de6c2e6a3aa772a8dddd0ca62e3,9321,not_promoted_after_semantic_review,Byte-distinct but not judged to add a sufficiently distinct/reusable math or solver capability beyond v2 and promoted files.,1,
20260713T082611_build_package.py,20260713T082611_build_package.py,2c98fe549e318c42f7bd807cbe8a607c611c3b71b864bec0d92f6d141095941e,1658,not_promoted_after_semantic_review,Byte-distinct but not judged to add a sufficiently distinct/reusable math or solver capability beyond v2 and promoted files.,1,
20260713T082611_replay_recovered_kernel.py,20260713T082611_replay_recovered_kernel.py,d85aacbd675c7f6f864200f656d969ceae5f0f88e8ea4573e261d78f4414b49c,16175,runtime_persistence_orchestration,Build/CLI/persistence/runtime orchestration rather than a distinct math tool.,1,
20260713T082611_verify_evidence_classes.py,20260713T082611_verify_evidence_classes.py,b26e108a5af104cebad53c0db20096f4a1aa365d1a8410d5cabfc11651796516,8551,test_build_verification_benchmark,Validation/benchmark/test artifact rather than a reusable math/solver implementation.,1,
20260713T082611_verify_package.py,20260713T082611_verify_package.py,0ba4aba5dc5eb4f40f27269ff78beb915a241b307b1795f578f953e4a1e5dc51,3161,test_build_verification_benchmark,Validation/benchmark/test artifact rather than a reusable math/solver implementation.,1,
20260713T104035_build_notebook.py,20260713T104035_build_notebook.py,99c17548dd6e31446e21e9a46511a09ad30680cf1302b0805158d84e13a7dccb,12123,not_promoted_after_semantic_review,Byte-distinct but not judged to add a sufficiently distinct/reusable math or solver capability beyond v2 and promoted files.,1,
20260713T104035_build_package.py,20260713T104035_build_package.py,6664d4354d4d4d931a8cb29bcc497a514f7de7f3a2eb290b2eed4ffe430d7037,1759,not_promoted_after_semantic_review,Byte-distinct but not judged to add a sufficiently distinct/reusable math or solver capability beyond v2 and promoted files.,1,
20260713T104035_orthogonal_counter_chart_test.py,20260713T104035_orthogonal_counter_chart_test.py,8bd3c90fcff2a64a4c2a80f02c885b63f5653e6085c4d54038e56cfd14e1c2fc,16808,test_build_verification_benchmark,Validation/benchmark/test artifact rather than a reusable math/solver implementation.,1,
20260713T104035_prepare_package_verification.py,20260713T104035_prepare_package_verification.py,83fd88b6e393108b42894f334f9464546d8a4b52169de5830f7b2bbf06145ee8,2010,test_build_verification_benchmark,Validation/benchmark/test artifact rather than a reusable math/solver implementation.,1,
20260713T104035_run_all.py,20260713T104035_run_all.py,d5455efb43fcb3d5e160ad699e7a8242b4461b7d21e394d21ceb318a4b9a1d01,1116,not_promoted_after_semantic_review,Byte-distinct but not judged to add a sufficiently distinct/reusable math or solver capability beyond v2 and promoted files.,1,
20260713T104035_verify_evidence_classes.py,20260713T104035_verify_evidence_classes.py,64347b91e3133855628d063ab34371b9addd0ceeca54cfdf5e206ebf6d7c3ceb,8327,test_build_verification_benchmark,Validation/benchmark/test artifact rather than a reusable math/solver implementation.,1,
20260713T104035_verify_package.py,20260713T104035_verify_package.py,f3a8e55db8ab193086e5e90fd88cc0526abd884bfa503db076f2b22869f4952b,1272,test_build_verification_benchmark,Validation/benchmark/test artifact rather than a reusable math/solver implementation.,1,
20260713T134420_build_package.py,20260713T134420_build_package.py,cc9474dbaa8dbdcff85d8105756cf3a766e544a932beb17d8a63ab8f8151a348,1604,not_promoted_after_semantic_review,Byte-distinct but not judged to add a sufficiently distinct/reusable math or solver capability beyond v2 and promoted files.,4,
20260713T134420_run_all.py,20260713T134420_run_all.py,3de739fbefd398273a81f8e7e1967f9a6a5b2207fd93f68fcaf46760925b12a6,275,not_promoted_after_semantic_review,Byte-distinct but not judged to add a sufficiently distinct/reusable math or solver capability beyond v2 and promoted files.,1,
20260713T134420_run_intertwiner_test.py,20260713T134420_run_intertwiner_test.py,647c44a2bfdcd9555297fccea31a43a7f15e2d2539507ae0e0ad6d10979e64b8,692,test_build_verification_benchmark,Validation/benchmark/test artifact rather than a reusable math/solver implementation.,1,
20260713T134420_verify_evidence_classes.py,20260713T134420_verify_evidence_classes.py,8c178d568058215099fc2d23ce4196f156e99bf7b53947cff3ca3ee80c449e3e,2028,test_build_verification_benchmark,Validation/benchmark/test artifact rather than a reusable math/solver implementation.,1,
20260713T134420_verify_package.py,20260713T134420_verify_package.py,d121eed979ed66328a9e5cffb2a446cd452637449a54004d2ae1f77fde8025c1,583,test_build_verification_benchmark,Validation/benchmark/test artifact rather than a reusable math/solver implementation.,1,
20260713T141417_build_package.py,20260713T141417_build_package.py,cc9474dbaa8dbdcff85d8105756cf3a766e544a932beb17d8a63ab8f8151a348,1604,internal_duplicate,Exact duplicate inside third_sweep of 20260713T134420_build_package.py,4,
20260713T141417_run_all.py,20260713T141417_run_all.py,a5163844d35864df965a4ec7755d3bf8a3254c4bf1dda2dc5b9b1ad7783d5e8f,293,not_promoted_after_semantic_review,Byte-distinct but not judged to add a sufficiently distinct/reusable math or solver capability beyond v2 and promoted files.,1,
20260713T141417_run_intertwiner_test.py,20260713T141417_run_intertwiner_test.py,7e601a1319d49e1e04f066804bd06cd1ef5669733fc883dea6a4cececf62d57d,882,test_build_verification_benchmark,Validation/benchmark/test artifact rather than a reusable math/solver implementation.,1,
20260713T141417_verify_evidence_classes.py,20260713T141417_verify_evidence_classes.py,1d4d7785af508c75a27b33ec200a3bc695e8221c760c659d85832a346099b4b7,5856,test_build_verification_benchmark,Validation/benchmark/test artifact rather than a reusable math/solver implementation.,1,
20260713T141417_verify_package.py,20260713T141417_verify_package.py,4c2d3f300508a72b37a4441ee15ca2d49e860d5b1422a18d035075ababa5a305,702,test_build_verification_benchmark,Validation/benchmark/test artifact rather than a reusable math/solver implementation.,3,
20260713T145100_build_package.py,20260713T145100_build_package.py,cc9474dbaa8dbdcff85d8105756cf3a766e544a932beb17d8a63ab8f8151a348,1604,internal_duplicate,Exact duplicate inside third_sweep of 20260713T134420_build_package.py,4,
20260713T145100_run_all.py,20260713T145100_run_all.py,156a3277a36eaafbc3cd954aab5af2ad5c99b89a48a84158afd849c7fca8c5cf,293,not_promoted_after_semantic_review,Byte-distinct but not judged to add a sufficiently distinct/reusable math or solver capability beyond v2 and promoted files.,1,
20260713T145100_run_intertwiner_test.py,20260713T145100_run_intertwiner_test.py,7a2232d74241d940b0de3ef8db167e20826ccae1c0727ca62e3541e4c202167c,882,test_build_verification_benchmark,Validation/benchmark/test artifact rather than a reusable math/solver implementation.,1,
20260713T145100_verify_evidence_classes.py,20260713T145100_verify_evidence_classes.py,b4119364d3c36d4819c4d6522671ed0dc65eae733d5453d92fe9dd63dd15c607,10541,test_build_verification_benchmark,Validation/benchmark/test artifact rather than a reusable math/solver implementation.,1,
20260713T145100_verify_package.py,20260713T145100_verify_package.py,4c2d3f300508a72b37a4441ee15ca2d49e860d5b1422a18d035075ababa5a305,702,internal_duplicate,Exact duplicate inside third_sweep of 20260713T141417_verify_package.py,3,
20260714T062136_build_package.py,20260714T062136_build_package.py,cc9474dbaa8dbdcff85d8105756cf3a766e544a932beb17d8a63ab8f8151a348,1604,internal_duplicate,Exact duplicate inside third_sweep of 20260713T134420_build_package.py,4,
20260714T062136_run_all.py,20260714T062136_run_all.py,e6826ac7786aa0b7372a7bb0e2834b1ec9911a216b4b3321e9e79fbd85431d5a,293,not_promoted_after_semantic_review,Byte-distinct but not judged to add a sufficiently distinct/reusable math or solver capability beyond v2 and promoted files.,1,
20260714T062136_run_intertwiner_test.py,20260714T062136_run_intertwiner_test.py,aba7fcecf3d3cf187d2a43a205da1b49ef8d5226731fefdb9749d10ca570d939,882,test_build_verification_benchmark,Validation/benchmark/test artifact rather than a reusable math/solver implementation.,1,
20260714T062136_verify_evidence_classes.py,20260714T062136_verify_evidence_classes.py,6c86c52ab3411f8fb37a451546ff9866ef3ec20151d0019ccafa6a7f40c52397,17939,test_build_verification_benchmark,Validation/benchmark/test artifact rather than a reusable math/solver implementation.,1,
20260714T062136_verify_package.py,20260714T062136_verify_package.py,4c2d3f300508a72b37a4441ee15ca2d49e860d5b1422a18d035075ababa5a305,702,internal_duplicate,Exact duplicate inside third_sweep of 20260713T141417_verify_package.py,3,
20260714T071415_artifact_self_audit.py,20260714T071415_artifact_self_audit.py,ae5d7f4080bd5ba8d5868817d1da0c7f5238f51644ae11debb0da5c37195a4e6,2752,test_build_verification_benchmark,Validation/benchmark/test artifact rather than a reusable math/solver implementation.,1,
20260714T071415_build_notebook.py,20260714T071415_build_notebook.py,5bfa0737320f9f91785e0e325dc8d4823d52d8d055177343b521c708ca7b4793,3950,not_promoted_after_semantic_review,Byte-distinct but not judged to add a sufficiently distinct/reusable math or solver capability beyond v2 and promoted files.,1,
20260714T071415_execute_notebook.py,20260714T071415_execute_notebook.py,992b9319356680e0b7161d55439c9454a86f5e7b1077f7b1f3324fc891f6f974,1938,not_promoted_after_semantic_review,Byte-distinct but not judged to add a sufficiently distinct/reusable math or solver capability beyond v2 and promoted files.,1,
20260714T071415_run_all.py,20260714T071415_run_all.py,83872f9cd3148829821b5e0311bb05db87310e5a34021cb51b05c2a7202f6ac5,447,not_promoted_after_semantic_review,Byte-distinct but not judged to add a sufficiently distinct/reusable math or solver capability beyond v2 and promoted files.,1,
20260714T071415_run_phi_analysis.py,20260714T071415_run_phi_analysis.py,0399594ab9e2f10cfc17d9548313c70b0feb9effb29dd863bfc2ee05c793e329,2885,not_promoted_after_semantic_review,Byte-distinct but not judged to add a sufficiently distinct/reusable math or solver capability beyond v2 and promoted files.,1,
20260714T071415_verify_evidence_classes.py,20260714T071415_verify_evidence_classes.py,b95d9d685ba46b6b98acae5b9856a3d51446b82dbaa039c8b3c57ac98e9bca07,8875,test_build_verification_benchmark,Validation/benchmark/test artifact rather than a reusable math/solver implementation.,1,
BUILD_PACKAGE.py,BUILD_PACKAGE.py,e8b6f3dc7330f3e2ebb5a059d2ef8794e9e4c06c37e59d0d2426bd853d81d6e1,1260,not_promoted_after_semantic_review,Byte-distinct but not judged to add a sufficiently distinct/reusable math or solver capability beyond v2 and promoted files.,1,
CF00_residual_checks.py,CF00_residual_checks.py,7b743b2b5084919723bb6c93960cda279b9c4d3a519088f3871357be2c743a1e,9508,exact_duplicate_v2,Exact SHA-256 duplicate of existing v2 content: math_candidates/CF00_residual_checks.py,1,math_candidates/CF00_residual_checks.py
CF10_xi_proof_check.py,CF10_xi_proof_check.py,786c2966f39285e515e95e3d0d5b7c348be45ea17fd1390ad77a0ee3528df2bf,11532,exact_duplicate_v2,Exact SHA-256 duplicate of existing v2 content: math_candidates/CF10_xi_proof_check.py,1,math_candidates/CF10_xi_proof_check.py
DIRECT_SUM_ORTHOGONALITY_PROBE.py,DIRECT_SUM_ORTHOGONALITY_PROBE.py,e534c96a4d5255d32afb5d489364bcd5473d4186213366936367a5064369b2f1,4020,not_promoted_after_semantic_review,Byte-distinct but not judged to add a sufficiently distinct/reusable math or solver capability beyond v2 and promoted files.,1,
VERIFY_PACKAGE.py,VERIFY_PACKAGE.py,a1616a967f2c78f41ce3afd3168871c46fb64260a992bfb19efd0d5353c9d793,2907,test_build_verification_benchmark,Validation/benchmark/test artifact rather than a reusable math/solver implementation.,1,
__init__.py,__init__.py,b754ac25dab89160855e06d87bc82ba4688eeaa2790b3d054078118443fde7a1,107,not_promoted_after_semantic_review,Byte-distinct but not judged to add a sufficiently distinct/reusable math or solver capability beyond v2 and promoted files.,1,
__main__.py,__main__.py,e1b704da4a3c4903f41e4f570329196a0faf71713044e2759f2d16e770446d31,117,not_promoted_after_semantic_review,Byte-distinct but not judged to add a sufficiently distinct/reusable math or solver capability beyond v2 and promoted files.,1,
accepted_native_color_flux_recurrence.py,accepted_native_color_flux_recurrence.py,ba07c4f2504c28896e3a63ddde74a999684643a6de214cc3edf2df2f14b475ee,32563,exact_duplicate_v2,Exact SHA-256 duplicate of existing v2 content: math_candidates/native_color_flux.py,2,math_candidates/native_color_flux.py
actions.py,actions.py,b49f437913a29a5befb177c2430f2ff196a31aa1a87c6cb57640559ea0255a15,4077,not_promoted_after_semantic_review,Byte-distinct but not judged to add a sufficiently distinct/reusable math or solver capability beyond v2 and promoted files.,1,
affine_binary_locality_probe.py,affine_binary_locality_probe.py,e53b2ab21060e5f3049f525ba2f85c32051912c12537d13095c39eed4e7b89ec,17482,added_tier_b,"Affine cut/binary-carry symbolic dynamics, refinement boundaries and locality/operator checks.",1,
analyze_phase_engine_runs.py,analyze_phase_engine_runs.py,32ca1704abb4e595c279ee29180b36d20a4a5ad17bfbbaa4d87ef90c4f16c85d,7067,not_promoted_after_semantic_review,Byte-distinct but not judged to add a sufficiently distinct/reusable math or solver capability beyond v2 and promoted files.,1,
analyze_search_exports.py,analyze_search_exports.py,412e44451f02081c3ebd286352f2fbee301a1f4e80498d412d8b0d51b8c274f8,4766,not_promoted_after_semantic_review,Byte-distinct but not judged to add a sufficiently distinct/reusable math or solver capability beyond v2 and promoted files.,1,
arena_support.c,arena_support.c,cd4fa3f376240c77684b7d29ff24a150ca0d82451e349e0587fd6c7a0f3e4150,926,not_promoted_after_semantic_review,Byte-distinct but not judged to add a sufficiently distinct/reusable math or solver capability beyond v2 and promoted files.,1,
artifact_self_audit.py,artifact_self_audit.py,f9a14c55ee1d2728a2fc963c028df04fe1c1c016fa00b3447137e261fa8ba18e,1414,test_build_verification_benchmark,Validation/benchmark/test artifact rather than a reusable math/solver implementation.,1,
audit_cp21_local_coordinate.py,audit_cp21_local_coordinate.py,be31c0f05993479d66135e9177f991a28d889d646163d7f30d3835a8769b1f4e,6984,test_build_verification_benchmark,Validation/benchmark/test artifact rather than a reusable math/solver implementation.,1,
audit_exact_math.py,audit_exact_math.py,c41f85e02e24990e4a6ca76726567d64be917517d1f43e1552c41c0d6c9a7f49,7011,test_build_verification_benchmark,Validation/benchmark/test artifact rather than a reusable math/solver implementation.,1,
audit_incoming_artifacts.py,audit_incoming_artifacts.py,87655a4966ceec540436e12330659d391f311e8bab4e2a594e84e011d361b383,4054,test_build_verification_benchmark,Validation/benchmark/test artifact rather than a reusable math/solver implementation.,1,
audit_j_derivation.py,audit_j_derivation.py,56831c894f75c1d8026fc31eedd57f6f177234f63cd7a4b03c0300d7c71a3d28,7780,test_build_verification_benchmark,Validation/benchmark/test artifact rather than a reusable math/solver implementation.,1,
audit_no_fixed_capacities.py,audit_no_fixed_capacities.py,bdd16adc82bd4fcd70ed3baa0fc543b27ab3ffea6596978ef3819cc18dec2250,8351,test_build_verification_benchmark,Validation/benchmark/test artifact rather than a reusable math/solver implementation.,1,
audit_notebook.py,audit_notebook.py,dcb5aff2a45d7309081b6e6b4bced58d2e5764f5a8106690516e61502689da84,1787,test_build_verification_benchmark,Validation/benchmark/test artifact rather than a reusable math/solver implementation.,1,
audit_package_integrity.py,audit_package_integrity.py,1857f4e486d7c99f1ada2e172c8d34d924806f56754fef8b690a5e7c8239fc93,7656,test_build_verification_benchmark,Validation/benchmark/test artifact rather than a reusable math/solver implementation.,1,
audit_state_forced_evidence.py,audit_state_forced_evidence.py,2e80df8ffc431ef475c04cb08669c7b81348c798238832085876d2e2b79d9d29,1932,test_build_verification_benchmark,Validation/benchmark/test artifact rather than a reusable math/solver implementation.,1,
autonomous_engine_observer.c,autonomous_engine_observer.c,8366906049a276fc6e93dd82c4132c5d1f4e85a999970aef2ec0e0820ee3e22a,5039,not_promoted_after_semantic_review,Byte-distinct but not judged to add a sufficiently distinct/reusable math or solver capability beyond v2 and promoted files.,1,
base_adapter.py,base_adapter.py,7e22490ecf85798016409a4444a3fd59294780a57fbbdd95ab50901a24f87516,7663,exact_duplicate_v2,Exact SHA-256 duplicate of existing v2 content: math_candidates/base_adapter.py,1,math_candidates/base_adapter.py
baseline_extractors.py,baseline_extractors.py,2120d074adb680bad52ac2d984a7feabe1834e1b9aa01ca498c855d4d66b9c8a,3129,exact_duplicate_v2,Exact SHA-256 duplicate of existing v2 content: support_dependencies/baseline_extractors.py,1,support_dependencies/baseline_extractors.py
basis.py,basis.py,98379a8aa8a0b24d7dff29fd401cb4433ed8b202bb905428d93fe7e46786fcda,2250,exact_duplicate_v2,Exact SHA-256 duplicate of existing v2 content: math_candidates/basis.py,1,math_candidates/basis.py
bring_quintic_root_certificate.py,bring_quintic_root_certificate.py,294862efb5810f0198747ca98ac84f5921827e2e4886ee11b90addca12583ebd,1826,exact_duplicate_v2,Exact SHA-256 duplicate of existing v2 content: math_candidates/bring_quintic_root_certificate.py,1,math_candidates/bring_quintic_root_certificate.py
build (3rd copy).rs,build (3rd copy).rs,d59049ed16c7d24db7946238bc8ec19291aad050db4c9152dcdf146cc0ca7bea,2969,not_promoted_after_semantic_review,Byte-distinct but not judged to add a sufficiently distinct/reusable math or solver capability beyond v2 and promoted files.,2,
build (4th copy).rs,build (4th copy).rs,d59049ed16c7d24db7946238bc8ec19291aad050db4c9152dcdf146cc0ca7bea,2969,internal_duplicate,Exact duplicate inside third_sweep of build (3rd copy).rs,2,
build (5th copy).rs,build (5th copy).rs,4f34ecf909df8d6c995c4c67a31bd3183d8eb11ede86e1c2a09ed04045b51a03,1607,internal_duplicate,Exact duplicate inside third_sweep of build.rs,6,
build (6th copy).rs,build (6th copy).rs,4f34ecf909df8d6c995c4c67a31bd3183d8eb11ede86e1c2a09ed04045b51a03,1607,internal_duplicate,Exact duplicate inside third_sweep of build.rs,6,
build (7th copy).rs,build (7th copy).rs,4f34ecf909df8d6c995c4c67a31bd3183d8eb11ede86e1c2a09ed04045b51a03,1607,internal_duplicate,Exact duplicate inside third_sweep of build.rs,6,
build (another copy).rs,build (another copy).rs,4f34ecf909df8d6c995c4c67a31bd3183d8eb11ede86e1c2a09ed04045b51a03,1607,internal_duplicate,Exact duplicate inside third_sweep of build.rs,6,
build (copy).rs,build (copy).rs,4f34ecf909df8d6c995c4c67a31bd3183d8eb11ede86e1c2a09ed04045b51a03,1607,internal_duplicate,Exact duplicate inside third_sweep of build.rs,6,
build.rs,build.rs,4f34ecf909df8d6c995c4c67a31bd3183d8eb11ede86e1c2a09ed04045b51a03,1607,runtime_persistence_orchestration,Build/CLI/persistence/runtime orchestration rather than a distinct math tool.,6,
build_audit_package.py,build_audit_package.py,7caf52f2f17350bc2b817960079a2d880d7f716c0fb6fdd4faec82c664b239ba,1155,test_build_verification_benchmark,Validation/benchmark/test artifact rather than a reusable math/solver implementation.,1,
build_claim_register.py,build_claim_register.py,32e9ade29e5f7dca3cf32cf0e36f439160e37aac1270b6a7c35ddf4bbcc895c5,5236,not_promoted_after_semantic_review,Byte-distinct but not judged to add a sufficiently distinct/reusable math or solver capability beyond v2 and promoted files.,1,
build_deterministic_zip.py,build_deterministic_zip.py,a63a427ea57b5226ce964901d905363b0be0b1239696cad3e25de768453fce79,510,not_promoted_after_semantic_review,Byte-distinct but not judged to add a sufficiently distinct/reusable math or solver capability beyond v2 and promoted files.,1,
build_manifest.py,build_manifest.py,dc5f6e3050fe5588d9568a1b346266db86a0b5726b3fdaf1015332d30b1e1893,1819,runtime_persistence_orchestration,Build/CLI/persistence/runtime orchestration rather than a distinct math tool.,1,
build_notebook.py,build_notebook.py,940c22157e5afed8af2b956382bc1730e62dbe46c25f27813bf460cf2069bb0c,10556,not_promoted_after_semantic_review,Byte-distinct but not judged to add a sufficiently distinct/reusable math or solver capability beyond v2 and promoted files.,1,
build_package.py,build_package.py,c2a1d22cd7039d6d33ac1500a5a6d24a07d765641c2592a0d77eae90bf76afc4,611,not_promoted_after_semantic_review,Byte-distinct but not judged to add a sufficiently distinct/reusable math or solver capability beyond v2 and promoted files.,1,
build_release.py,build_release.py,3658f4eff7e42b87ddee0d46f5653a9270c79fa94b1e7e37abd3a6fe62d1b099,50956,not_promoted_after_semantic_review,Byte-distinct but not judged to add a sufficiently distinct/reusable math or solver capability beyond v2 and promoted files.,1,
build_source_map.py,build_source_map.py,48bac585cf010423ef8ea0c11886f73f6c034b87343c48f0040a3518d1d62367,2455,not_promoted_after_semantic_review,Byte-distinct but not judged to add a sufficiently distinct/reusable math or solver capability beyond v2 and promoted files.,1,
build_trace.py,build_trace.py,050939cb7cd6e77358b956522f5eb14d79fd14db346cd5bfec7d0d12b132763c,2761,not_promoted_after_semantic_review,Byte-distinct but not judged to add a sufficiently distinct/reusable math or solver capability beyond v2 and promoted files.,1,
candidate_global_proof.py,candidate_global_proof.py,f906c48663067030b84ccb6e780c9b324bff9bb1e9f2e37e4a77d61d135cb39a,17458,superseded_semantic_duplicate,Substantially overlaps candidate_local_coordinate.py + orthad_closed_form.py; not a distinct mining primitive.,1,
candidate_local_coordinate.py,candidate_local_coordinate.py,620584cf9db9981c69adcb777b300aed046776f7b241bb5569e300407e003319,23415,added_tier_a,"Exact local-coordinate encoding/decoding, threshold oracle, capacity/reachability.",1,
canonical.rs,canonical.rs,6c82018c9261d11fc750ec15e7ae2ebee0b2e1960b4a19e8c55ba7abae44dede,4077,not_promoted_after_semantic_review,Byte-distinct but not judged to add a sufficiently distinct/reusable math or solver capability beyond v2 and promoted files.,1,
carry_oracle.py,carry_oracle.py,591288541f4eb43412128d1e626b89e0e63175ef745747542a12228ae8306003,3535,superseded_semantic_duplicate,"Superseded by orthad_closed_form.py, whose own module contract says it replaces separate carry/interface/read-port modules.",1,
certifier.py,certifier.py,8c99d609f7f712661d3f21a961562756eb85d5631542af9699ca72e2f522dac4,5896,added_tier_b,Inverse/root certification service using deterministic interval bisection and high precision.,1,
certify_schedule_margin.py,certify_schedule_margin.py,e7a36aaf2c1e4c9af3b2b9bc29a2d8317c312b7336d4664368d76acfcf7e54e5,2230,not_promoted_after_semantic_review,Byte-distinct but not judged to add a sufficiently distinct/reusable math or solver capability beyond v2 and promoted files.,1,
cf000_origin_arena_sympy.py,cf000_origin_arena_sympy.py,55569fa9bd55a076befb53b2f381db128be994587ad2d50b7dc543eb70cd791a,1138,exact_duplicate_v2,Exact SHA-256 duplicate of existing v2 content: math_candidates/cf000_origin_arena_sympy.py,1,math_candidates/cf000_origin_arena_sympy.py
cf000_structural_witness_sympy.py,cf000_structural_witness_sympy.py,ac991df37cbf2fee3b8f77e4ff1e98e677c762111a63e646f49ea1366b258cff,3025,exact_duplicate_v2,Exact SHA-256 duplicate of existing v2 content: math_candidates/cf000_structural_witness_sympy.py,1,math_candidates/cf000_structural_witness_sympy.py
cf13_sympy_audit.py,cf13_sympy_audit.py,f9918cac58eeaf7234040e4f0e12d16eb4b690a0a7fda8cf13154d71bc8c8741,5890,exact_duplicate_v2,Exact SHA-256 duplicate of existing v2 content: math_candidates/cf13_sympy_audit.py,1,math_candidates/cf13_sympy_audit.py
cf19_extension_sympy.py,cf19_extension_sympy.py,ba816614e329d455eb41bbba7bb4d8aeaa4c48da0002746a946cdc0637c90dcc,4482,exact_duplicate_v2,Exact SHA-256 duplicate of existing v2 content: math_candidates/cf19_extension_sympy.py,1,math_candidates/cf19_extension_sympy.py
cf_involution_algebra_check.py,cf_involution_algebra_check.py,beaaaef7fe851cab83c4adeecdf06a76b20419cc0e3bbb28ec4632b58e942b44,1652,exact_duplicate_v2,Exact SHA-256 duplicate of existing v2 content: math_candidates/cf_involution_algebra_check.py,1,math_candidates/cf_involution_algebra_check.py
check_executed_notebook.py,check_executed_notebook.py,4e19349f106a0eae4d10df59c19750e0d0b6b1c0a752169c784ef4be6abfb51a,1127,not_promoted_after_semantic_review,Byte-distinct but not judged to add a sufficiently distinct/reusable math or solver capability beyond v2 and promoted files.,1,
check_precarrier_lattice.py,check_precarrier_lattice.py,e07e40e069886176e64b1f744a04caa423791aeeb382539f9c87fcf7eeb1006b,4862,not_promoted_after_semantic_review,Byte-distinct but not judged to add a sufficiently distinct/reusable math or solver capability beyond v2 and promoted files.,1,
check_summary.py,check_summary.py,84c16545d816997d30a992799dda1e805d89303b87245fd115b5a6bd16832b2a,926,not_promoted_after_semantic_review,Byte-distinct but not judged to add a sufficiently distinct/reusable math or solver capability beyond v2 and promoted files.,1,
claim_check.py,claim_check.py,932557f921d7127451b4ba704822b9031602766a6409ec5a385ab2a54d2e84a6,219,not_promoted_after_semantic_review,Byte-distinct but not judged to add a sufficiently distinct/reusable math or solver capability beyond v2 and promoted files.,1,
cli.py,cli.py,33c1b2d7887eae9679faea825e28364229e2f32a4b366984db01214f13177d4e,821,runtime_persistence_orchestration,Build/CLI/persistence/runtime orchestration rather than a distinct math tool.,1,
commutator_service.py,commutator_service.py,ffca144b874ff891d7e29908a9f3768c77a1b9f63c4484ba0b5ffc61dbd8e942,1621,superseded_semantic_duplicate,Application wrapper around algebra already represented more directly; not a new primitive.,1,
compiler.py,compiler.py,968118994829a34a316c1dcd822844bc0c7aebe830ca9011ae7112da1c04c464,8081,not_promoted_after_semantic_review,Byte-distinct but not judged to add a sufficiently distinct/reusable math or solver capability beyond v2 and promoted files.,1,
composite_metrology_saturation_sweep.py,composite_metrology_saturation_sweep.py,baa8a6d2aa1ef96170002f60890b27cda9481c5ce9692a79180f5b1f18eecb55,18550,exact_duplicate_v2,Exact SHA-256 duplicate of existing v2 content: math_candidates/composite_metrology_saturation_sweep.py,1,math_candidates/composite_metrology_saturation_sweep.py
conftest.py,conftest.py,e3b0c44298fc1c149afbf4c8996fb92427ae41e4649b934ca495991b7852b855,0,test_build_verification_benchmark,Validation/benchmark/test artifact rather than a reusable math/solver implementation.,1,
connectome.py,connectome.py,20850865087a0c322bed08db974e6f06f29a484531029482307363a784a6ce27,21718,exact_duplicate_v2,Exact SHA-256 duplicate of existing v2 content: math_candidates/connectome.py,1,math_candidates/connectome.py
cortex_port_binds_to_closed_form.rs,cortex_port_binds_to_closed_form.rs,9d642f8f46a0a0da3ffe0e036cb2eee5e010e9327944d426376293c82f8851c4,2727,not_promoted_after_semantic_review,Byte-distinct but not judged to add a sufficiently distinct/reusable math or solver capability beyond v2 and promoted files.,1,
cortex_port_tests.rs,cortex_port_tests.rs,81c55d9c7d4fd5f34af294030aba3e7f23447ecb7ab9e6744fe65584b4cc91e9,5313,test_build_verification_benchmark,Validation/benchmark/test artifact rather than a reusable math/solver implementation.,1,
cortex_read.rs,cortex_read.rs,3ec0452716e69b40a162e4d34bfeddaf9ab9439b53df91e686c279b7a965c513,10592,not_promoted_after_semantic_review,Byte-distinct but not judged to add a sufficiently distinct/reusable math or solver capability beyond v2 and promoted files.,1,
create_inverse_word_notebook.py,create_inverse_word_notebook.py,4e7f892403997e1581b4ddef9997c95e67c5f55009aba2cf91c8b36aae36f1af,4756,not_promoted_after_semantic_review,Byte-distinct but not judged to add a sufficiently distinct/reusable math or solver capability beyond v2 and promoted files.,1,
create_notebook.py,create_notebook.py,25e74d83f11afb68d0abf65cb7f262aecd3340a2e9ba93f10dea1171ac603c36,5654,not_promoted_after_semantic_review,Byte-distinct but not judged to add a sufficiently distinct/reusable math or solver capability beyond v2 and promoted files.,1,
csv_repository.py,csv_repository.py,de1655fed29619def75124d50cc79c0aedb9d456d9fdeeeb44db2448ae02dd8d,1921,not_promoted_after_semantic_review,Byte-distinct but not judged to add a sufficiently distinct/reusable math or solver capability beyond v2 and promoted files.,1,
dataset.py,dataset.py,22d9f94a3a7f3dd524e56c184d7c2314937c1bf8a87259adf4870616168468f0,1322,not_promoted_after_semantic_review,Byte-distinct but not judged to add a sufficiently distinct/reusable math or solver capability beyond v2 and promoted files.,1,
deep_wide_sweep.py,deep_wide_sweep.py,784cbcded781c4aa0093b0ef5a6e76423f101369808921679e05684a6e125017,30554,added_tier_a,"Exact layered-state math, phase moments, cross energy, chiral radius and tridiagonal relation-gap solver.",1,
echo_gates.py,echo_gates.py,0d51828b27727f00bbc13b83eb456e90f11042c921a7c8ce0be3c07a76920abf,6799,exact_duplicate_v2,Exact SHA-256 duplicate of existing v2 content: math_candidates/echo_gates.py,1,math_candidates/echo_gates.py
echo_metrics.py,echo_metrics.py,cfa2e7e2ce458246f163b278483dd7357a21d9e40071eecf35400f172429142a,12201,exact_duplicate_v2,Exact SHA-256 duplicate of existing v2 content: math_candidates/echo_metrics.py,1,math_candidates/echo_metrics.py
exact_second_pass.py,exact_second_pass.py,485ff3e29db88dc48f426b7835cdd5860fa4cf601b606f541f8e1a1a73fdd2b8,4463,exact_duplicate_v2,Exact SHA-256 duplicate of existing v2 content: math_candidates/exact_second_pass.py,1,math_candidates/exact_second_pass.py
execute_notebook.py,execute_notebook.py,fd4d8a4c75ca94e9a9b785ea7ee85861dfd29e9ec3d499060c85daa58cdc4990,783,not_promoted_after_semantic_review,Byte-distinct but not judged to add a sufficiently distinct/reusable math or solver capability beyond v2 and promoted files.,1,
experiment.py,experiment.py,cd287c1afd09e89932a64156c8d3e406373aebd76c90e0ae268b69ca4085a6cb,820,not_promoted_after_semantic_review,Byte-distinct but not judged to add a sufficiently distinct/reusable math or solver capability beyond v2 and promoted files.,1,
experimental_consequences_sympy.py,experimental_consequences_sympy.py,03d73f07fd43ec068e90059deeaac6301df9c58ce09dfebc51b4175efe249c0b,3054,exact_duplicate_v2,Exact SHA-256 duplicate of existing v2 content: math_candidates/experimental_consequences_sympy.py,1,math_candidates/experimental_consequences_sympy.py
extension_closure_sympy.py,extension_closure_sympy.py,55d46f90505e439d5cc7aa80d0f30f8f05fb3178461edf2d207a9d670d842b7e,6363,exact_duplicate_v2,Exact SHA-256 duplicate of existing v2 content: math_candidates/extension_closure_sympy.py,1,math_candidates/extension_closure_sympy.py
farey_balanced_anchor_kernel.S,farey_balanced_anchor_kernel.S,0520a10a12a9be89756b7408bdf883036774a2832f43cde455b621ef3ef948c9,1398,added_tier_a,Low-level balanced Farey/Fibonacci trace kernel to an endogenous product floor.,1,
farey_balanced_anchor_runner.c,farey_balanced_anchor_runner.c,b13492986251679b50faaf42ed4964f62d2729a4c4c62b9625405e6c6027eee6,2523,not_promoted_after_semantic_review,Byte-distinct but not judged to add a sufficiently distinct/reusable math or solver capability beyond v2 and promoted files.,1,
fibonacci.py,fibonacci.py,31d098d75a1c170493f3921678945f31f6dadb7d697592b031062dd333102081,1079,support_dependency,Support for certifier.py.,1,
finalize_package.py,finalize_package.py,97fff957f59651a864151766bcd48f5e23d46b2ec0993e831302ccdc683746ad,1881,not_promoted_after_semantic_review,Byte-distinct but not judged to add a sufficiently distinct/reusable math or solver capability beyond v2 and promoted files.,1,
finalize_prediction_evaluation.py,finalize_prediction_evaluation.py,915550602cae0c0f7333ffe3e5191742e3d16d4c374ff037777f8f19e703edfa,2799,not_promoted_after_semantic_review,Byte-distinct but not judged to add a sufficiently distinct/reusable math or solver capability beyond v2 and promoted files.,1,
first_b_germ_sector.py,first_b_germ_sector.py,563260d1a7c9e99f1a480a66e330872d758a8b49651951793bc26558c96a2b0d,8103,added_tier_b,"Exact SymPy germ intervals, B update, reflection/commutation and recovered matrix controls.",1,
first_b_r_construction.py,first_b_r_construction.py,e0c62aaa62daddc4dd9e7bf0d23062fededc2542767c13be21bf9f89de83f1af,2781,not_promoted_after_semantic_review,Byte-distinct but not judged to add a sufficiently distinct/reusable math or solver capability beyond v2 and promoted files.,1,
first_b_relational_orthad.py,first_b_relational_orthad.py,323862f6e18c7f1b99093157578776ec81b609a18b158085089bcd2deb279981,4906,exact_duplicate_v2,Exact SHA-256 duplicate of existing v2 content: math_candidates/first_b_relational_orthad.py,1,math_candidates/first_b_relational_orthad.py
first_b_unimodular_orthad.py,first_b_unimodular_orthad.py,0067cc7bda0021f013279091760cb2bf70260244d8d39df5a7b4f7b1575c9da2,5208,added_tier_b,Concise exact 2x2 unimodular/symplectic shear and alternating-form transport machinery.,1,
first_l_emergence_cascade.py,first_l_emergence_cascade.py,4070a94256fa7fe19d5bc2266fcb39b1e169a659faf6cc3db3f6dd1d963e4a03,25185,exact_duplicate_v2,Exact SHA-256 duplicate of existing v2 content: math_candidates/first_l_emergence_cascade.py,1,math_candidates/first_l_emergence_cascade.py
first_l_hierarchical_relation_grid.py,first_l_hierarchical_relation_grid.py,0ef7c40ee86dfbaba2562014a20a935423d5a6a043fc392497ef0863a79db614,23609,exact_duplicate_v2,Exact SHA-256 duplicate of existing v2 content: math_candidates/first_l_hierarchical_relation_grid.py,2,math_candidates/first_l_hierarchical_relation_grid.py
first_q_relational_orthad.py,first_q_relational_orthad.py,8c0021e98ae104752185b063f6e5acf342caeacd1253a1d2807ec91a9122d2ca,10076,exact_duplicate_v2,Exact SHA-256 duplicate of existing v2 content: math_candidates/first_q_relational_orthad.py,1,math_candidates/first_q_relational_orthad.py
fix_commutator_residual_figure.py,fix_commutator_residual_figure.py,caf02f7f336717ecc015b261200999349822c71e801df059b6e3ca1543f9586d,3331,not_promoted_after_semantic_review,Byte-distinct but not judged to add a sufficiently distinct/reusable math or solver capability beyond v2 and promoted files.,1,
four_predeep_closure.py,four_predeep_closure.py,35f2833cc4b4c3964f931f2b09843fe07f13e4a2ae7a8ee2c606164b73dd11b6,38975,exact_duplicate_v2,Exact SHA-256 duplicate of existing v2 content: math_candidates/four_predeep_closure.py,1,math_candidates/four_predeep_closure.py
gauge.py,gauge.py,0738a7195776f9aaa1433c638e504e27e59f3b42ef2d022e485f6bb45847c16c,12460,exact_duplicate_v2,Exact SHA-256 duplicate of existing v2 content: math_candidates/gauge.py,1,math_candidates/gauge.py
generate_example_csvs.py,generate_example_csvs.py,fb70d61749b6cc89f7e0ba2da8c1a2e177202cf37344f80e6abdd7f118020404,519,not_promoted_after_semantic_review,Byte-distinct but not judged to add a sufficiently distinct/reusable math or solver capability beyond v2 and promoted files.,1,
generate_figures.py,generate_figures.py,032aa67ef34fbc56579306d26f4903d59c279d74366160eaa92b32257f6c12b1,2418,not_promoted_after_semantic_review,Byte-distinct but not judged to add a sufficiently distinct/reusable math or solver capability beyond v2 and promoted files.,1,
generate_local_cargo_lock.py,generate_local_cargo_lock.py,6d8c0958c1c8b83bf3ab6f879094b2dd51cf936e3423fc7a9e4ca7b124c9b4c4,1229,not_promoted_after_semantic_review,Byte-distinct but not judged to add a sufficiently distinct/reusable math or solver capability beyond v2 and promoted files.,1,
generate_phase_calculus_tdahe_figures.py,generate_phase_calculus_tdahe_figures.py,25cbfbefc5fbe16896817d856725d5605ce2bc0bc6a988a5610b6c789065dca6,23510,not_promoted_after_semantic_review,Byte-distinct but not judged to add a sufficiently distinct/reusable math or solver capability beyond v2 and promoted files.,1,
generative_lattice.c,generative_lattice.c,f3d64a9d0edb179e650df36c7082dcc1f1593df638f17595b3899409bdc8acc5,25888,not_promoted_after_semantic_review,Byte-distinct but not judged to add a sufficiently distinct/reusable math or solver capability beyond v2 and promoted files.,1,
generator_v0_reference.py,generator_v0_reference.py,0e5dd79107dcd3bf2b50b4f94d139ae00f2fbc9b3938fcadddc4933a04c311ed,7182,not_promoted_after_semantic_review,Byte-distinct but not judged to add a sufficiently distinct/reusable math or solver capability beyond v2 and promoted files.,1,
gridcheck.py,gridcheck.py,74695558165859af7abe78242b4dc4f01f10b501c2a031b316feebf66e8b3beb,1196,not_promoted_after_semantic_review,Byte-distinct but not judged to add a sufficiently distinct/reusable math or solver capability beyond v2 and promoted files.,1,
harness_Tdelta_balanced.c,harness_Tdelta_balanced.c,8a213f37a2930f883aa88122591e75da04633713141cb64f66732335b39c02ef,1297,not_promoted_after_semantic_review,Byte-distinct but not judged to add a sufficiently distinct/reusable math or solver capability beyond v2 and promoted files.,1,
head_to_head_eml_sympy_audit.py,head_to_head_eml_sympy_audit.py,80aae3d9d49945d3c968a52c65df42f89ae0d7ac3c0b650737e59f7432b8a8b8,2474,test_build_verification_benchmark,Validation/benchmark/test artifact rather than a reusable math/solver implementation.,1,
heisenberg.py,heisenberg.py,fdc68df28d9348153b107c477440f105fdaa9adc84c17c79535606b50276c645,1124,exact_duplicate_v2,Exact SHA-256 duplicate of existing v2 content: math_candidates/heisenberg.py,1,math_candidates/heisenberg.py
independent_audit.py,independent_audit.py,a21ebfea2544f9f97cfa9eda4928fa6675bcb7550a138ae13784a68e73292cd6,11595,test_build_verification_benchmark,Validation/benchmark/test artifact rather than a reusable math/solver implementation.,1,
init_package.py,init_package.py,a0e48a0d729046c84108b801a99bc2f380800765431bbd784f72205c83591850,3487,not_promoted_after_semantic_review,Byte-distinct but not judged to add a sufficiently distinct/reusable math or solver capability beyond v2 and promoted files.,1,
interface_oracle.py,interface_oracle.py,fca12efea9deeefd8f597297f197db80c27652e051d3f22d38fa74a4b5e958b6,14237,superseded_semantic_duplicate,Superseded by orthad_closed_form.py.,1,
intervals.py,intervals.py,c161c02975e9e157cc1b11dd7f4fd3bb57d6c100d490f34e6d6c02809fd43224,1968,added_tier_a,Deterministic real interval root solver and real Lambert-W / x+sin bracketing.,1,
invariants.py,invariants.py,c0a71a15f55ecb4ddc1048f529797375fcea0a797bd45803c06379f21fc6e5f2,15969,added_tier_b,"Trace morphology math: components, polar/radial profiles, harmonic spectra, shell/ring/IoU invariants.",1,
jacobian_sheet_custody.py,jacobian_sheet_custody.py,63b4bb70d04abbb7cc56a96e68ebb8bf7c078ffeff0da74d404d2fb0a431ab25,7951,added_tier_a,"Exact symbolic Jacobian/sheet custody, weighted-fiber identity and covariance checks.",1,
json_io.py,json_io.py,29d3f70c1f99a4fea5f99be15e5713a09bff16136f8d9e6c1918400d8db80eb0,474,not_promoted_after_semantic_review,Byte-distinct but not judged to add a sufficiently distinct/reusable math or solver capability beyond v2 and promoted files.,1,
json_repository.py,json_repository.py,253a42be0cb63844d4b208d3a9342c17aebc2b968b1cd010cf1da21e9d44281e,424,not_promoted_after_semantic_review,Byte-distinct but not judged to add a sufficiently distinct/reusable math or solver capability beyond v2 and promoted files.,1,
kg_reference_adapter.py,kg_reference_adapter.py,0815aaa530949da59a97c64fcdb6ce2f4649059ec3ff0027e9cc28966ee0ae0a,8658,exact_duplicate_v2,Exact SHA-256 duplicate of existing v2 content: math_candidates/kg_reference_adapter.py,1,math_candidates/kg_reference_adapter.py
lib (100th copy).rs,lib (100th copy).rs,ada37eb6feed061ef69e934d6511b1fed5cd40d7d5a280c2bcfcf3a8983c9c88,33449,internal_duplicate,Exact duplicate inside third_sweep of lib (7th copy).rs,4,
lib (101st copy).rs,lib (101st copy).rs,8e1f46f47b8301a00bfbf3662ea9a3c0ae57ad2f7b92131e38938b24c820296c,18348,internal_duplicate,Exact duplicate inside third_sweep of lib (8th copy).rs,4,
lib (102nd copy).rs,lib (102nd copy).rs,81ec6434fc21ba9ba96f39743d88be4353b7dfb64ef325c6b32f74dcde18425a,19020,internal_duplicate,Exact duplicate inside third_sweep of lib (9th copy).rs,2,
lib (103rd copy).rs,lib (103rd copy).rs,23880dddf1dec1f7d066327fa9337875b381ed6052616d7c83201e0d1da13357,22154,internal_duplicate,Exact duplicate inside third_sweep of lib (10th copy).rs,4,
lib (104th copy).rs,lib (104th copy).rs,eee33b0bcc3818cd62892b37d25ed00e14b816b3fdc8fd2e986df0743327d72c,16634,internal_duplicate,Exact duplicate inside third_sweep of lib (11th copy).rs,4,
lib (105th copy).rs,lib (105th copy).rs,3eb3f620dba9dc404e7b54fef0bbb79d1a8ce1c93657384ca0977a27875d1f0d,23197,internal_duplicate,Exact duplicate inside third_sweep of lib (12th copy).rs,4,
lib (106th copy).rs,lib (106th copy).rs,adb3bf8f62e0c2be6ff9a1819f0d2ddc3f8c1fc6fc4216e191534c004055d2ed,20411,internal_duplicate,Exact duplicate inside third_sweep of lib (13th copy).rs,4,
lib (107th copy).rs,lib (107th copy).rs,d04c19be67a1d530e93039262d466294734b501139173841d9df648778abc38f,3570,internal_duplicate,Exact duplicate inside third_sweep of lib (14th copy).rs,6,
lib (108th copy).rs,lib (108th copy).rs,68f8f4ad905a5c9a262d9642c6fd3d93bd063dbd25b8f145105cfa5ba8d178d9,4333,internal_duplicate,Exact duplicate inside third_sweep of lib (15th copy).rs,4,
lib (109th copy).rs,lib (109th copy).rs,8cb4caf908c287e75a45ac78d81fee012dcd2b304e22f1d810d9408a14a4b012,9336,internal_duplicate,Exact duplicate inside third_sweep of lib (16th copy).rs,4,
lib (10th copy).rs,lib (10th copy).rs,23880dddf1dec1f7d066327fa9337875b381ed6052616d7c83201e0d1da13357,22154,not_promoted_after_semantic_review,Byte-distinct but not judged to add a sufficiently distinct/reusable math or solver capability beyond v2 and promoted files.,4,
lib (110th copy).rs,lib (110th copy).rs,d068a9bbabb8e6d1f96b184cec73fadeab8465323dad0d261ad7af255f6e8259,52066,internal_duplicate,Exact duplicate inside third_sweep of lib (17th copy).rs,4,
lib (111th copy).rs,lib (111th copy).rs,5d059f3a9fbd7400f2246b599eec86e25a06d2c839831372a11183d32383fb33,10157,internal_duplicate,Exact duplicate inside third_sweep of lib (18th copy).rs,6,
lib (112th copy).rs,lib (112th copy).rs,0796729cc20b7da9285713926d1313edfccb67ac23bf855c99e8ff3d4595bcf9,15911,internal_duplicate,Exact duplicate inside third_sweep of lib (19th copy).rs,2,
lib (113th copy).rs,lib (113th copy).rs,5e3a1b4a8229df84f951135f5ed7bac59131f5edba9a39d2bc37cba2ab334467,15235,internal_duplicate,Exact duplicate inside third_sweep of lib (20th copy).rs,2,
lib (114th copy).rs,lib (114th copy).rs,a4919858fbd8e034e55300d9750ff0d04e50ec08601520d4c3f60b8554fe8531,14301,internal_duplicate,Exact duplicate inside third_sweep of lib (21st copy).rs,2,
lib (115th copy).rs,lib (115th copy).rs,cf019ca32b27ff3a98df29c21b0d255efc35a762a93fe90eb44edda198c45b51,10596,internal_duplicate,Exact duplicate inside third_sweep of lib (22nd copy).rs,2,
lib (116th copy).rs,lib (116th copy).rs,4d03a9b7fa599bc79ca3ca9ebf79ba5e1c666898f5cfec1242fe7848c2914419,24264,internal_duplicate,Exact duplicate inside third_sweep of lib (23rd copy).rs,2,
lib (117th copy).rs,lib (117th copy).rs,6ef24f24e8be91bbfb033040be4064ec662890ea78abe2054d5b67cc29110514,32811,internal_duplicate,Exact duplicate inside third_sweep of lib (24th copy).rs,2,
lib (118th copy).rs,lib (118th copy).rs,abc444459d9b312ebb1335c90b1a82c97dacddfb214fb5fb8ab7e57de5be95e9,17231,internal_duplicate,Exact duplicate inside third_sweep of lib (25th copy).rs,2,
lib (119th copy).rs,lib (119th copy).rs,057ada8242a33aef66c309eb39fc8fe906b0667e79f59902ea6913261ccaaea9,18381,internal_duplicate,Exact duplicate inside third_sweep of lib (26th copy).rs,2,
lib (11th copy).rs,lib (11th copy).rs,eee33b0bcc3818cd62892b37d25ed00e14b816b3fdc8fd2e986df0743327d72c,16634,not_promoted_after_semantic_review,Byte-distinct but not judged to add a sufficiently distinct/reusable math or solver capability beyond v2 and promoted files.,4,
lib (120th copy).rs,lib (120th copy).rs,9f84a8223a6e80571692c0a7cc03032084078dbd99b0c673d43ccad5a23031a0,21569,internal_duplicate,Exact duplicate inside third_sweep of lib (27th copy).rs,2,
lib (121st copy).rs,lib (121st copy).rs,6b4beaf06e97a55e60e7ef3b36669ce7437a810c5df04ac7170df5bb0d3085b8,15753,internal_duplicate,Exact duplicate inside third_sweep of lib (28th copy).rs,2,
lib (122nd copy).rs,lib (122nd copy).rs,8d41c30e7cae5adb38bdeded5a8378a31606afc5faed16b8cf28db57cfa9a805,21601,internal_duplicate,Exact duplicate inside third_sweep of lib (29th copy).rs,2,
lib (123rd copy).rs,lib (123rd copy).rs,14e39f009cde88fb8e625de9cdba979e5650e79b9eff37bd7713fa0280002540,18285,internal_duplicate,Exact duplicate inside third_sweep of lib (30th copy).rs,2,
lib (124th copy).rs,lib (124th copy).rs,d04c19be67a1d530e93039262d466294734b501139173841d9df648778abc38f,3570,internal_duplicate,Exact duplicate inside third_sweep of lib (14th copy).rs,6,
lib (125th copy).rs,lib (125th copy).rs,53e12c723584a1f60c25b1bb5872312ee5ad72a24215f93e01d5dffd003db09b,4333,internal_duplicate,Exact duplicate inside third_sweep of lib (32nd copy).rs,2,
lib (126th copy).rs,lib (126th copy).rs,8e372e2ff6c0ec8eb3163b43478ed703cfc67412d045479e8451091e5d705b78,9333,internal_duplicate,Exact duplicate inside third_sweep of lib (33rd copy).rs,2,
lib (127th copy).rs,lib (127th copy).rs,f3ad73c0d16c0402e8824413a441757eea67759828f2b1739e4933ad4578b286,49552,internal_duplicate,Exact duplicate inside third_sweep of lib (34th copy).rs,2,
lib (128th copy).rs,lib (128th copy).rs,5d059f3a9fbd7400f2246b599eec86e25a06d2c839831372a11183d32383fb33,10157,internal_duplicate,Exact duplicate inside third_sweep of lib (18th copy).rs,6,
lib (129th copy).rs,lib (129th copy).rs,a39e4df1958674b4d70faeb712f39220db97b122ccf9a2c68f4662be140981e3,16592,internal_duplicate,Exact duplicate inside third_sweep of lib (36th copy).rs,4,
lib (12th copy).rs,lib (12th copy).rs,3eb3f620dba9dc404e7b54fef0bbb79d1a8ce1c93657384ca0977a27875d1f0d,23197,not_promoted_after_semantic_review,Byte-distinct but not judged to add a sufficiently distinct/reusable math or solver capability beyond v2 and promoted files.,4,
lib (130th copy).rs,lib (130th copy).rs,4c46c226a0c5cf8ae2453e8983f078a4f31cc2e61d2bd5db6bbcb59fa9a31e5e,13899,internal_duplicate,Exact duplicate inside third_sweep of lib (3rd copy).rs,4,
lib (131st copy).rs,lib (131st copy).rs,edb816bc31f107a791a3963c576491d13d447bb479df06d49516d8d94cdeef8e,16586,exact_duplicate_v2,Exact SHA-256 duplicate of existing v2 content: new_candidates/rust/lib (another copy).rs,6,new_candidates/rust/lib (another copy).rs
lib (132nd copy).rs,lib (132nd copy).rs,700d5f1579b91717b7d64a3951b5dcd16dd456b0b20673a980d06d119e4e65f0,12069,exact_duplicate_v2,Exact SHA-256 duplicate of existing v2 content: new_candidates/rust/lib (3rd copy).rs,6,new_candidates/rust/lib (3rd copy).rs
lib (133rd copy).rs,lib (133rd copy).rs,d67e0e4b6a532b3f51ced41230c4a8d592a893474cf2a53e946a7f0e584c2dbe,24960,internal_duplicate,Exact duplicate inside third_sweep of lib (6th copy).rs,4,
lib (134th copy).rs,lib (134th copy).rs,ada37eb6feed061ef69e934d6511b1fed5cd40d7d5a280c2bcfcf3a8983c9c88,33449,internal_duplicate,Exact duplicate inside third_sweep of lib (7th copy).rs,4,
lib (135th copy).rs,lib (135th copy).rs,8e1f46f47b8301a00bfbf3662ea9a3c0ae57ad2f7b92131e38938b24c820296c,18348,internal_duplicate,Exact duplicate inside third_sweep of lib (8th copy).rs,4,
lib (136th copy).rs,lib (136th copy).rs,bf984a5a6fec257a62a22ce62e083c687d5e830d516a0d66e950159f5d504a3d,18782,internal_duplicate,Exact duplicate inside third_sweep of lib (43rd copy).rs,2,
lib (137th copy).rs,lib (137th copy).rs,23880dddf1dec1f7d066327fa9337875b381ed6052616d7c83201e0d1da13357,22154,internal_duplicate,Exact duplicate inside third_sweep of lib (10th copy).rs,4,
lib (138th copy).rs,lib (138th copy).rs,eee33b0bcc3818cd62892b37d25ed00e14b816b3fdc8fd2e986df0743327d72c,16634,internal_duplicate,Exact duplicate inside third_sweep of lib (11th copy).rs,4,
lib (139th copy).rs,lib (139th copy).rs,3eb3f620dba9dc404e7b54fef0bbb79d1a8ce1c93657384ca0977a27875d1f0d,23197,internal_duplicate,Exact duplicate inside third_sweep of lib (12th copy).rs,4,
lib (13th copy).rs,lib (13th copy).rs,adb3bf8f62e0c2be6ff9a1819f0d2ddc3f8c1fc6fc4216e191534c004055d2ed,20411,not_promoted_after_semantic_review,Byte-distinct but not judged to add a sufficiently distinct/reusable math or solver capability beyond v2 and promoted files.,4,
lib (140th copy).rs,lib (140th copy).rs,adb3bf8f62e0c2be6ff9a1819f0d2ddc3f8c1fc6fc4216e191534c004055d2ed,20411,internal_duplicate,Exact duplicate inside third_sweep of lib (13th copy).rs,4,
lib (141st copy).rs,lib (141st copy).rs,d04c19be67a1d530e93039262d466294734b501139173841d9df648778abc38f,3570,internal_duplicate,Exact duplicate inside third_sweep of lib (14th copy).rs,6,
lib (142nd copy).rs,lib (142nd copy).rs,68f8f4ad905a5c9a262d9642c6fd3d93bd063dbd25b8f145105cfa5ba8d178d9,4333,internal_duplicate,Exact duplicate inside third_sweep of lib (15th copy).rs,4,
lib (143rd copy).rs,lib (143rd copy).rs,8cb4caf908c287e75a45ac78d81fee012dcd2b304e22f1d810d9408a14a4b012,9336,internal_duplicate,Exact duplicate inside third_sweep of lib (16th copy).rs,4,
lib (144th copy).rs,lib (144th copy).rs,d068a9bbabb8e6d1f96b184cec73fadeab8465323dad0d261ad7af255f6e8259,52066,internal_duplicate,Exact duplicate inside third_sweep of lib (17th copy).rs,4,
lib (145th copy).rs,lib (145th copy).rs,5d059f3a9fbd7400f2246b599eec86e25a06d2c839831372a11183d32383fb33,10157,internal_duplicate,Exact duplicate inside third_sweep of lib (18th copy).rs,6,
lib (146th copy).rs,lib (146th copy).rs,7a472856682c8d3a44c42f1d7e2b5fda53dc4c6d6dc04ce6f0e58f0054fd22ab,25551,internal_duplicate,Exact duplicate inside third_sweep of lib (94th copy).rs,2,
lib (14th copy).rs,lib (14th copy).rs,d04c19be67a1d530e93039262d466294734b501139173841d9df648778abc38f,3570,not_promoted_after_semantic_review,Byte-distinct but not judged to add a sufficiently distinct/reusable math or solver capability beyond v2 and promoted files.,6,
lib (15th copy).rs,lib (15th copy).rs,68f8f4ad905a5c9a262d9642c6fd3d93bd063dbd25b8f145105cfa5ba8d178d9,4333,not_promoted_after_semantic_review,Byte-distinct but not judged to add a sufficiently distinct/reusable math or solver capability beyond v2 and promoted files.,4,
lib (16th copy).rs,lib (16th copy).rs,8cb4caf908c287e75a45ac78d81fee012dcd2b304e22f1d810d9408a14a4b012,9336,not_promoted_after_semantic_review,Byte-distinct but not judged to add a sufficiently distinct/reusable math or solver capability beyond v2 and promoted files.,4,
lib (17th copy).rs,lib (17th copy).rs,d068a9bbabb8e6d1f96b184cec73fadeab8465323dad0d261ad7af255f6e8259,52066,not_promoted_after_semantic_review,Byte-distinct but not judged to add a sufficiently distinct/reusable math or solver capability beyond v2 and promoted files.,4,
lib (18th copy).rs,lib (18th copy).rs,5d059f3a9fbd7400f2246b599eec86e25a06d2c839831372a11183d32383fb33,10157,not_promoted_after_semantic_review,Byte-distinct but not judged to add a sufficiently distinct/reusable math or solver capability beyond v2 and promoted files.,6,
lib (19th copy).rs,lib (19th copy).rs,0796729cc20b7da9285713926d1313edfccb67ac23bf855c99e8ff3d4595bcf9,15911,not_promoted_after_semantic_review,Byte-distinct but not judged to add a sufficiently distinct/reusable math or solver capability beyond v2 and promoted files.,2,
lib (20th copy).rs,lib (20th copy).rs,5e3a1b4a8229df84f951135f5ed7bac59131f5edba9a39d2bc37cba2ab334467,15235,not_promoted_after_semantic_review,Byte-distinct but not judged to add a sufficiently distinct/reusable math or solver capability beyond v2 and promoted files.,2,
lib (21st copy).rs,lib (21st copy).rs,a4919858fbd8e034e55300d9750ff0d04e50ec08601520d4c3f60b8554fe8531,14301,not_promoted_after_semantic_review,Byte-distinct but not judged to add a sufficiently distinct/reusable math or solver capability beyond v2 and promoted files.,2,
lib (22nd copy).rs,lib (22nd copy).rs,cf019ca32b27ff3a98df29c21b0d255efc35a762a93fe90eb44edda198c45b51,10596,not_promoted_after_semantic_review,Byte-distinct but not judged to add a sufficiently distinct/reusable math or solver capability beyond v2 and promoted files.,2,
lib (23rd copy).rs,lib (23rd copy).rs,4d03a9b7fa599bc79ca3ca9ebf79ba5e1c666898f5cfec1242fe7848c2914419,24264,not_promoted_after_semantic_review,Byte-distinct but not judged to add a sufficiently distinct/reusable math or solver capability beyond v2 and promoted files.,2,
lib (24th copy).rs,lib (24th copy).rs,6ef24f24e8be91bbfb033040be4064ec662890ea78abe2054d5b67cc29110514,32811,not_promoted_after_semantic_review,Byte-distinct but not judged to add a sufficiently distinct/reusable math or solver capability beyond v2 and promoted files.,2,
lib (25th copy).rs,lib (25th copy).rs,abc444459d9b312ebb1335c90b1a82c97dacddfb214fb5fb8ab7e57de5be95e9,17231,not_promoted_after_semantic_review,Byte-distinct but not judged to add a sufficiently distinct/reusable math or solver capability beyond v2 and promoted files.,2,
lib (26th copy).rs,lib (26th copy).rs,057ada8242a33aef66c309eb39fc8fe906b0667e79f59902ea6913261ccaaea9,18381,not_promoted_after_semantic_review,Byte-distinct but not judged to add a sufficiently distinct/reusable math or solver capability beyond v2 and promoted files.,2,
lib (27th copy).rs,lib (27th copy).rs,9f84a8223a6e80571692c0a7cc03032084078dbd99b0c673d43ccad5a23031a0,21569,not_promoted_after_semantic_review,Byte-distinct but not judged to add a sufficiently distinct/reusable math or solver capability beyond v2 and promoted files.,2,
lib (28th copy).rs,lib (28th copy).rs,6b4beaf06e97a55e60e7ef3b36669ce7437a810c5df04ac7170df5bb0d3085b8,15753,not_promoted_after_semantic_review,Byte-distinct but not judged to add a sufficiently distinct/reusable math or solver capability beyond v2 and promoted files.,2,
lib (29th copy).rs,lib (29th copy).rs,8d41c30e7cae5adb38bdeded5a8378a31606afc5faed16b8cf28db57cfa9a805,21601,not_promoted_after_semantic_review,Byte-distinct but not judged to add a sufficiently distinct/reusable math or solver capability beyond v2 and promoted files.,2,
lib (30th copy).rs,lib (30th copy).rs,14e39f009cde88fb8e625de9cdba979e5650e79b9eff37bd7713fa0280002540,18285,not_promoted_after_semantic_review,Byte-distinct but not judged to add a sufficiently distinct/reusable math or solver capability beyond v2 and promoted files.,2,
lib (31st copy).rs,lib (31st copy).rs,d04c19be67a1d530e93039262d466294734b501139173841d9df648778abc38f,3570,internal_duplicate,Exact duplicate inside third_sweep of lib (14th copy).rs,6,
lib (32nd copy).rs,lib (32nd copy).rs,53e12c723584a1f60c25b1bb5872312ee5ad72a24215f93e01d5dffd003db09b,4333,not_promoted_after_semantic_review,Byte-distinct but not judged to add a sufficiently distinct/reusable math or solver capability beyond v2 and promoted files.,2,
lib (33rd copy).rs,lib (33rd copy).rs,8e372e2ff6c0ec8eb3163b43478ed703cfc67412d045479e8451091e5d705b78,9333,not_promoted_after_semantic_review,Byte-distinct but not judged to add a sufficiently distinct/reusable math or solver capability beyond v2 and promoted files.,2,
lib (34th copy).rs,lib (34th copy).rs,f3ad73c0d16c0402e8824413a441757eea67759828f2b1739e4933ad4578b286,49552,not_promoted_after_semantic_review,Byte-distinct but not judged to add a sufficiently distinct/reusable math or solver capability beyond v2 and promoted files.,2,
lib (35th copy).rs,lib (35th copy).rs,5d059f3a9fbd7400f2246b599eec86e25a06d2c839831372a11183d32383fb33,10157,internal_duplicate,Exact duplicate inside third_sweep of lib (18th copy).rs,6,
lib (36th copy).rs,lib (36th copy).rs,a39e4df1958674b4d70faeb712f39220db97b122ccf9a2c68f4662be140981e3,16592,not_promoted_after_semantic_review,Byte-distinct but not judged to add a sufficiently distinct/reusable math or solver capability beyond v2 and promoted files.,4,
lib (37th copy).rs,lib (37th copy).rs,4c46c226a0c5cf8ae2453e8983f078a4f31cc2e61d2bd5db6bbcb59fa9a31e5e,13899,internal_duplicate,Exact duplicate inside third_sweep of lib (3rd copy).rs,4,
lib (38th copy).rs,lib (38th copy).rs,edb816bc31f107a791a3963c576491d13d447bb479df06d49516d8d94cdeef8e,16586,exact_duplicate_v2,Exact SHA-256 duplicate of existing v2 content: new_candidates/rust/lib (another copy).rs,6,new_candidates/rust/lib (another copy).rs
lib (39th copy).rs,lib (39th copy).rs,700d5f1579b91717b7d64a3951b5dcd16dd456b0b20673a980d06d119e4e65f0,12069,exact_duplicate_v2,Exact SHA-256 duplicate of existing v2 content: new_candidates/rust/lib (3rd copy).rs,6,new_candidates/rust/lib (3rd copy).rs
lib (3rd copy).rs,lib (3rd copy).rs,4c46c226a0c5cf8ae2453e8983f078a4f31cc2e61d2bd5db6bbcb59fa9a31e5e,13899,not_promoted_after_semantic_review,Byte-distinct but not judged to add a sufficiently distinct/reusable math or solver capability beyond v2 and promoted files.,4,
lib (40th copy).rs,lib (40th copy).rs,d67e0e4b6a532b3f51ced41230c4a8d592a893474cf2a53e946a7f0e584c2dbe,24960,internal_duplicate,Exact duplicate inside third_sweep of lib (6th copy).rs,4,
lib (41st copy).rs,lib (41st copy).rs,ada37eb6feed061ef69e934d6511b1fed5cd40d7d5a280c2bcfcf3a8983c9c88,33449,internal_duplicate,Exact duplicate inside third_sweep of lib (7th copy).rs,4,
lib (42nd copy).rs,lib (42nd copy).rs,8e1f46f47b8301a00bfbf3662ea9a3c0ae57ad2f7b92131e38938b24c820296c,18348,internal_duplicate,Exact duplicate inside third_sweep of lib (8th copy).rs,4,
lib (43rd copy).rs,lib (43rd copy).rs,bf984a5a6fec257a62a22ce62e083c687d5e830d516a0d66e950159f5d504a3d,18782,not_promoted_after_semantic_review,Byte-distinct but not judged to add a sufficiently distinct/reusable math or solver capability beyond v2 and promoted files.,2,
lib (44th copy).rs,lib (44th copy).rs,23880dddf1dec1f7d066327fa9337875b381ed6052616d7c83201e0d1da13357,22154,internal_duplicate,Exact duplicate inside third_sweep of lib (10th copy).rs,4,
lib (45th copy).rs,lib (45th copy).rs,eee33b0bcc3818cd62892b37d25ed00e14b816b3fdc8fd2e986df0743327d72c,16634,internal_duplicate,Exact duplicate inside third_sweep of lib (11th copy).rs,4,
lib (46th copy).rs,lib (46th copy).rs,3eb3f620dba9dc404e7b54fef0bbb79d1a8ce1c93657384ca0977a27875d1f0d,23197,internal_duplicate,Exact duplicate inside third_sweep of lib (12th copy).rs,4,
lib (47th copy).rs,lib (47th copy).rs,adb3bf8f62e0c2be6ff9a1819f0d2ddc3f8c1fc6fc4216e191534c004055d2ed,20411,internal_duplicate,Exact duplicate inside third_sweep of lib (13th copy).rs,4,
lib (48th copy).rs,lib (48th copy).rs,d04c19be67a1d530e93039262d466294734b501139173841d9df648778abc38f,3570,internal_duplicate,Exact duplicate inside third_sweep of lib (14th copy).rs,6,
lib (49th copy).rs,lib (49th copy).rs,68f8f4ad905a5c9a262d9642c6fd3d93bd063dbd25b8f145105cfa5ba8d178d9,4333,internal_duplicate,Exact duplicate inside third_sweep of lib (15th copy).rs,4,
lib (4th copy).rs,lib (4th copy).rs,edb816bc31f107a791a3963c576491d13d447bb479df06d49516d8d94cdeef8e,16586,exact_duplicate_v2,Exact SHA-256 duplicate of existing v2 content: new_candidates/rust/lib (another copy).rs,6,new_candidates/rust/lib (another copy).rs
lib (50th copy).rs,lib (50th copy).rs,8cb4caf908c287e75a45ac78d81fee012dcd2b304e22f1d810d9408a14a4b012,9336,internal_duplicate,Exact duplicate inside third_sweep of lib (16th copy).rs,4,
lib (51st copy).rs,lib (51st copy).rs,d068a9bbabb8e6d1f96b184cec73fadeab8465323dad0d261ad7af255f6e8259,52066,internal_duplicate,Exact duplicate inside third_sweep of lib (17th copy).rs,4,
lib (52nd copy).rs,lib (52nd copy).rs,5d059f3a9fbd7400f2246b599eec86e25a06d2c839831372a11183d32383fb33,10157,internal_duplicate,Exact duplicate inside third_sweep of lib (18th copy).rs,6,
lib (53rd copy).rs,lib (53rd copy).rs,8bb40e3dbc75b867c08faffe243e0ffed4bd8917416608d3e23c1fd1a54a2215,6558,not_promoted_after_semantic_review,Byte-distinct but not judged to add a sufficiently distinct/reusable math or solver capability beyond v2 and promoted files.,1,
lib (54th copy).rs,lib (54th copy).rs,92f733ae01d99641419122a61afb62d80b5c6388d5af66d832c109640324d6f2,37163,not_promoted_after_semantic_review,Byte-distinct but not judged to add a sufficiently distinct/reusable math or solver capability beyond v2 and promoted files.,1,
lib (55th copy).rs,lib (55th copy).rs,e0ba9c4a6378211727cb4c481c89ea19d6436ed1a6537da85320542e77c448ae,23990,added_tier_a,"no_std arbitrary-width exact arithmetic: BigNat, BigInt, GaussianRational, gcd/division/encoding.",1,
lib (56th copy).rs,lib (56th copy).rs,d7be93281509b446c414beda0f56f5f19da4cb722c2440f3366487396e9e8c63,7081,not_promoted_after_semantic_review,Byte-distinct but not judged to add a sufficiently distinct/reusable math or solver capability beyond v2 and promoted files.,1,
lib (57th copy).rs,lib (57th copy).rs,194af6b2f34c83b1bb2dfe16fef1a90646487b72f2b92abf4b09555ead2380af,10997,not_promoted_after_semantic_review,Byte-distinct but not judged to add a sufficiently distinct/reusable math or solver capability beyond v2 and promoted files.,1,
lib (58th copy).rs,lib (58th copy).rs,f755fe26fcf52ed08eb37f1b1cc2d8518a663c60418521fbacc529b672f827e0,16520,exact_duplicate_v2,Exact SHA-256 duplicate of existing v2 content: new_candidates/rust/lib.rs,2,new_candidates/rust/lib.rs
lib (59th copy).rs,lib (59th copy).rs,d9befe097b0d025b188cfc977ff5a60b43b410b6d55d4c8cb51201e2cca85013,20421,not_promoted_after_semantic_review,Byte-distinct but not judged to add a sufficiently distinct/reusable math or solver capability beyond v2 and promoted files.,2,
lib (5th copy).rs,lib (5th copy).rs,700d5f1579b91717b7d64a3951b5dcd16dd456b0b20673a980d06d119e4e65f0,12069,exact_duplicate_v2,Exact SHA-256 duplicate of existing v2 content: new_candidates/rust/lib (3rd copy).rs,6,new_candidates/rust/lib (3rd copy).rs
lib (60th copy).rs,lib (60th copy).rs,edb816bc31f107a791a3963c576491d13d447bb479df06d49516d8d94cdeef8e,16586,exact_duplicate_v2,Exact SHA-256 duplicate of existing v2 content: new_candidates/rust/lib (another copy).rs,6,new_candidates/rust/lib (another copy).rs
lib (61st copy).rs,lib (61st copy).rs,700d5f1579b91717b7d64a3951b5dcd16dd456b0b20673a980d06d119e4e65f0,12069,exact_duplicate_v2,Exact SHA-256 duplicate of existing v2 content: new_candidates/rust/lib (3rd copy).rs,6,new_candidates/rust/lib (3rd copy).rs
lib (62nd copy).rs,lib (62nd copy).rs,17ac1e71ec0c7d2306d20c92c6d23eb7bed26bf54d04ab00de94067f7e6b5555,26308,exact_duplicate_v2,Exact SHA-256 duplicate of existing v2 content: new_candidates/rust/lib (4th copy).rs,2,new_candidates/rust/lib (4th copy).rs
lib (63rd copy).rs,lib (63rd copy).rs,fc25be2f03415c9fcb41421931df7730b9f00dc2cc65c8a77dbcc2dced27657d,34778,exact_duplicate_v2,Exact SHA-256 duplicate of existing v2 content: new_candidates/rust/lib (5th copy).rs,2,new_candidates/rust/lib (5th copy).rs
lib (64th copy).rs,lib (64th copy).rs,402f24b06597cfaedff902fb2905895872f04b0bec75b69132fb2e9f06b862e6,18414,exact_duplicate_v2,Exact SHA-256 duplicate of existing v2 content: new_candidates/rust/lib (6th copy).rs,2,new_candidates/rust/lib (6th copy).rs
lib (65th copy).rs,lib (65th copy).rs,230d6bfdd17e300e3804c6e73125afa4ddb63b7a4e5ab77734ec4196765628d0,20800,exact_duplicate_v2,Exact SHA-256 duplicate of existing v2 content: new_candidates/rust/lib (7th copy).rs,2,new_candidates/rust/lib (7th copy).rs
lib (66th copy).rs,lib (66th copy).rs,4c961f2414161c29a43b4a52e14dade38e065fc62560e7ca8fe3c7313254bb1e,23815,exact_duplicate_v2,Exact SHA-256 duplicate of existing v2 content: new_candidates/rust/lib (8th copy).rs,2,new_candidates/rust/lib (8th copy).rs
lib (67th copy).rs,lib (67th copy).rs,6e0d888ba05d2ed22eda3f090488d2fce1a639e650b20d9fd9a173302d02819b,16496,exact_duplicate_v2,Exact SHA-256 duplicate of existing v2 content: new_candidates/rust/lib (9th copy).rs,2,new_candidates/rust/lib (9th copy).rs
lib (68th copy).rs,lib (68th copy).rs,d418f726c062641f24da4654ecd8210525af64b32f83f2c66131e7d5f6ef4ff3,24905,exact_duplicate_v2,Exact SHA-256 duplicate of existing v2 content: new_candidates/rust/lib (10th copy).rs,2,new_candidates/rust/lib (10th copy).rs
lib (69th copy).rs,lib (69th copy).rs,f551184bb3f1d56335b6cd24a63b45ba733dae78f219938f332a7afb1722f738,18775,exact_duplicate_v2,Exact SHA-256 duplicate of existing v2 content: new_candidates/rust/lib (11th copy).rs,2,new_candidates/rust/lib (11th copy).rs
lib (6th copy).rs,lib (6th copy).rs,d67e0e4b6a532b3f51ced41230c4a8d592a893474cf2a53e946a7f0e584c2dbe,24960,not_promoted_after_semantic_review,Byte-distinct but not judged to add a sufficiently distinct/reusable math or solver capability beyond v2 and promoted files.,4,
lib (70th copy).rs,lib (70th copy).rs,602d81f0126b0238fd27a2067fd665cd1a546b2fe80bb6ebc234c8299e5dd724,12938,exact_duplicate_v2,Exact SHA-256 duplicate of existing v2 content: new_candidates/rust/lib (12th copy).rs,2,new_candidates/rust/lib (12th copy).rs
lib (71st copy).rs,lib (71st copy).rs,0adf700f2e37a38d31574f71a377c5d8ba4fe0d6f932316432502a9a35f1f384,17415,not_promoted_after_semantic_review,Byte-distinct but not judged to add a sufficiently distinct/reusable math or solver capability beyond v2 and promoted files.,2,
lib (72nd copy).rs,lib (72nd copy).rs,b60ea39b79b79e4fda07884983ca1bc699c2a69cde0e90440fa834ce5320f093,12800,not_promoted_after_semantic_review,Byte-distinct but not judged to add a sufficiently distinct/reusable math or solver capability beyond v2 and promoted files.,2,
lib (73rd copy).rs,lib (73rd copy).rs,971a1cb9f55346659f96dd6678a1df97542c2df04b939b00ffc0743c575117dc,19125,not_promoted_after_semantic_review,Byte-distinct but not judged to add a sufficiently distinct/reusable math or solver capability beyond v2 and promoted files.,2,
lib (74th copy).rs,lib (74th copy).rs,b4f3324508593f2d2a09d2f360271ed3a858a940dee7b152a5f56c5445c0fb92,13173,exact_duplicate_v2,Exact SHA-256 duplicate of existing v2 content: new_candidates/rust/lib (16th copy).rs,2,new_candidates/rust/lib (16th copy).rs
lib (75th copy).rs,lib (75th copy).rs,bfcb8bb9c55e57ff9ab35b07fb8651c16f5788218beb43a89489a5dc5255b57d,52074,exact_duplicate_v2,Exact SHA-256 duplicate of existing v2 content: new_candidates/rust/lib (17th copy).rs,2,new_candidates/rust/lib (17th copy).rs
lib (76th copy).rs,lib (76th copy).rs,f755fe26fcf52ed08eb37f1b1cc2d8518a663c60418521fbacc529b672f827e0,16520,exact_duplicate_v2,Exact SHA-256 duplicate of existing v2 content: new_candidates/rust/lib.rs,2,new_candidates/rust/lib.rs
lib (77th copy).rs,lib (77th copy).rs,d9befe097b0d025b188cfc977ff5a60b43b410b6d55d4c8cb51201e2cca85013,20421,internal_duplicate,Exact duplicate inside third_sweep of lib (59th copy).rs,2,
lib (78th copy).rs,lib (78th copy).rs,edb816bc31f107a791a3963c576491d13d447bb479df06d49516d8d94cdeef8e,16586,exact_duplicate_v2,Exact SHA-256 duplicate of existing v2 content: new_candidates/rust/lib (another copy).rs,6,new_candidates/rust/lib (another copy).rs
lib (79th copy).rs,lib (79th copy).rs,700d5f1579b91717b7d64a3951b5dcd16dd456b0b20673a980d06d119e4e65f0,12069,exact_duplicate_v2,Exact SHA-256 duplicate of existing v2 content: new_candidates/rust/lib (3rd copy).rs,6,new_candidates/rust/lib (3rd copy).rs
lib (7th copy).rs,lib (7th copy).rs,ada37eb6feed061ef69e934d6511b1fed5cd40d7d5a280c2bcfcf3a8983c9c88,33449,not_promoted_after_semantic_review,Byte-distinct but not judged to add a sufficiently distinct/reusable math or solver capability beyond v2 and promoted files.,4,
lib (80th copy).rs,lib (80th copy).rs,17ac1e71ec0c7d2306d20c92c6d23eb7bed26bf54d04ab00de94067f7e6b5555,26308,exact_duplicate_v2,Exact SHA-256 duplicate of existing v2 content: new_candidates/rust/lib (4th copy).rs,2,new_candidates/rust/lib (4th copy).rs
lib (81st copy).rs,lib (81st copy).rs,fc25be2f03415c9fcb41421931df7730b9f00dc2cc65c8a77dbcc2dced27657d,34778,exact_duplicate_v2,Exact SHA-256 duplicate of existing v2 content: new_candidates/rust/lib (5th copy).rs,2,new_candidates/rust/lib (5th copy).rs
lib (82nd copy).rs,lib (82nd copy).rs,402f24b06597cfaedff902fb2905895872f04b0bec75b69132fb2e9f06b862e6,18414,exact_duplicate_v2,Exact SHA-256 duplicate of existing v2 content: new_candidates/rust/lib (6th copy).rs,2,new_candidates/rust/lib (6th copy).rs
lib (83rd copy).rs,lib (83rd copy).rs,230d6bfdd17e300e3804c6e73125afa4ddb63b7a4e5ab77734ec4196765628d0,20800,exact_duplicate_v2,Exact SHA-256 duplicate of existing v2 content: new_candidates/rust/lib (7th copy).rs,2,new_candidates/rust/lib (7th copy).rs
lib (84th copy).rs,lib (84th copy).rs,4c961f2414161c29a43b4a52e14dade38e065fc62560e7ca8fe3c7313254bb1e,23815,exact_duplicate_v2,Exact SHA-256 duplicate of existing v2 content: new_candidates/rust/lib (8th copy).rs,2,new_candidates/rust/lib (8th copy).rs
lib (85th copy).rs,lib (85th copy).rs,6e0d888ba05d2ed22eda3f090488d2fce1a639e650b20d9fd9a173302d02819b,16496,exact_duplicate_v2,Exact SHA-256 duplicate of existing v2 content: new_candidates/rust/lib (9th copy).rs,2,new_candidates/rust/lib (9th copy).rs
lib (86th copy).rs,lib (86th copy).rs,d418f726c062641f24da4654ecd8210525af64b32f83f2c66131e7d5f6ef4ff3,24905,exact_duplicate_v2,Exact SHA-256 duplicate of existing v2 content: new_candidates/rust/lib (10th copy).rs,2,new_candidates/rust/lib (10th copy).rs
lib (87th copy).rs,lib (87th copy).rs,f551184bb3f1d56335b6cd24a63b45ba733dae78f219938f332a7afb1722f738,18775,exact_duplicate_v2,Exact SHA-256 duplicate of existing v2 content: new_candidates/rust/lib (11th copy).rs,2,new_candidates/rust/lib (11th copy).rs
lib (88th copy).rs,lib (88th copy).rs,602d81f0126b0238fd27a2067fd665cd1a546b2fe80bb6ebc234c8299e5dd724,12938,exact_duplicate_v2,Exact SHA-256 duplicate of existing v2 content: new_candidates/rust/lib (12th copy).rs,2,new_candidates/rust/lib (12th copy).rs
lib (89th copy).rs,lib (89th copy).rs,0adf700f2e37a38d31574f71a377c5d8ba4fe0d6f932316432502a9a35f1f384,17415,internal_duplicate,Exact duplicate inside third_sweep of lib (71st copy).rs,2,
lib (8th copy).rs,lib (8th copy).rs,8e1f46f47b8301a00bfbf3662ea9a3c0ae57ad2f7b92131e38938b24c820296c,18348,not_promoted_after_semantic_review,Byte-distinct but not judged to add a sufficiently distinct/reusable math or solver capability beyond v2 and promoted files.,4,
lib (90th copy).rs,lib (90th copy).rs,b60ea39b79b79e4fda07884983ca1bc699c2a69cde0e90440fa834ce5320f093,12800,internal_duplicate,Exact duplicate inside third_sweep of lib (72nd copy).rs,2,
lib (91st copy).rs,lib (91st copy).rs,971a1cb9f55346659f96dd6678a1df97542c2df04b939b00ffc0743c575117dc,19125,internal_duplicate,Exact duplicate inside third_sweep of lib (73rd copy).rs,2,
lib (92nd copy).rs,lib (92nd copy).rs,b4f3324508593f2d2a09d2f360271ed3a858a940dee7b152a5f56c5445c0fb92,13173,exact_duplicate_v2,Exact SHA-256 duplicate of existing v2 content: new_candidates/rust/lib (16th copy).rs,2,new_candidates/rust/lib (16th copy).rs
lib (93rd copy).rs,lib (93rd copy).rs,bfcb8bb9c55e57ff9ab35b07fb8651c16f5788218beb43a89489a5dc5255b57d,52074,exact_duplicate_v2,Exact SHA-256 duplicate of existing v2 content: new_candidates/rust/lib (17th copy).rs,2,new_candidates/rust/lib (17th copy).rs
lib (94th copy).rs,lib (94th copy).rs,7a472856682c8d3a44c42f1d7e2b5fda53dc4c6d6dc04ce6f0e58f0054fd22ab,25551,not_promoted_after_semantic_review,Byte-distinct but not judged to add a sufficiently distinct/reusable math or solver capability beyond v2 and promoted files.,2,
lib (95th copy).rs,lib (95th copy).rs,a39e4df1958674b4d70faeb712f39220db97b122ccf9a2c68f4662be140981e3,16592,internal_duplicate,Exact duplicate inside third_sweep of lib (36th copy).rs,4,
lib (96th copy).rs,lib (96th copy).rs,4c46c226a0c5cf8ae2453e8983f078a4f31cc2e61d2bd5db6bbcb59fa9a31e5e,13899,internal_duplicate,Exact duplicate inside third_sweep of lib (3rd copy).rs,4,
lib (97th copy).rs,lib (97th copy).rs,edb816bc31f107a791a3963c576491d13d447bb479df06d49516d8d94cdeef8e,16586,exact_duplicate_v2,Exact SHA-256 duplicate of existing v2 content: new_candidates/rust/lib (another copy).rs,6,new_candidates/rust/lib (another copy).rs
lib (98th copy).rs,lib (98th copy).rs,700d5f1579b91717b7d64a3951b5dcd16dd456b0b20673a980d06d119e4e65f0,12069,exact_duplicate_v2,Exact SHA-256 duplicate of existing v2 content: new_candidates/rust/lib (3rd copy).rs,6,new_candidates/rust/lib (3rd copy).rs
lib (99th copy).rs,lib (99th copy).rs,d67e0e4b6a532b3f51ced41230c4a8d592a893474cf2a53e946a7f0e584c2dbe,24960,internal_duplicate,Exact duplicate inside third_sweep of lib (6th copy).rs,4,
lib (9th copy).rs,lib (9th copy).rs,81ec6434fc21ba9ba96f39743d88be4353b7dfb64ef325c6b32f74dcde18425a,19020,not_promoted_after_semantic_review,Byte-distinct but not judged to add a sufficiently distinct/reusable math or solver capability beyond v2 and promoted files.,2,
lib (another copy).rs,lib (another copy).rs,a39e4df1958674b4d70faeb712f39220db97b122ccf9a2c68f4662be140981e3,16592,internal_duplicate,Exact duplicate inside third_sweep of lib (36th copy).rs,4,
lib (copy).rs,lib (copy).rs,fca9b93d8d0e74e8f07b51b895695f258561d6ab35de10a752b41086ffacaaf2,24530,not_promoted_after_semantic_review,Byte-distinct but not judged to add a sufficiently distinct/reusable math or solver capability beyond v2 and promoted files.,1,
lib.rs,lib.rs,844448f92308845caea2543f840838fe923261464552659093ae6031d17ec8cf,18851,not_promoted_after_semantic_review,Byte-distinct but not judged to add a sufficiently distinct/reusable math or solver capability beyond v2 and promoted files.,1,
lifted_quintic_certifier.py,lifted_quintic_certifier.py,123ca733d35e1f17e8166742e33962df687a2e6e3b69a769f09142bd4c547605,10066,exact_duplicate_v2,Exact SHA-256 duplicate of existing v2 content: math_candidates/lifted_quintic_certifier.py,1,math_candidates/lifted_quintic_certifier.py
light_identification_exact.py,light_identification_exact.py,ad3674d340f4c51898a361e8a0d0aecee3bb9688039c262ca333ab75d6ac8f73,21675,exact_duplicate_v2,Exact SHA-256 duplicate of existing v2 content: math_candidates/light_identification_exact.py,1,math_candidates/light_identification_exact.py
liquid_ai_stub.py,liquid_ai_stub.py,d55ea8baa9cae9f81b3497d975b44a9959a03fce237988428eb58ba565e6c874,3924,not_promoted_after_semantic_review,Byte-distinct but not judged to add a sufficiently distinct/reusable math or solver capability beyond v2 and promoted files.,1,
main (100th copy).rs,main (100th copy).rs,a7543e6636e6e492b86cf0d9dbb27d4712f59dfd54f84432f46f9db57be0b5bb,5527,internal_duplicate,Exact duplicate inside third_sweep of main.rs,6,
main (101st copy).rs,main (101st copy).rs,a1b8fd2228bb828e4a9666b2148dd79335195dad368288993f477d53e73a40d3,4393,internal_duplicate,Exact duplicate inside third_sweep of main (copy).rs,4,
main (102nd copy).rs,main (102nd copy).rs,8b4b685371542e16afec3b5e487aebe018606560632c84c9d6800c39989677b7,4016,internal_duplicate,Exact duplicate inside third_sweep of main (30th copy).rs,6,
main (103rd copy).rs,main (103rd copy).rs,bf2a445f16b430df2d4cdc83d39ad7aa4635157e39c6c4bcb6f26bb26662c1a6,2579,internal_duplicate,Exact duplicate inside third_sweep of main (3rd copy).rs,6,
main (104th copy).rs,main (104th copy).rs,69d21f771bc3834a0d713733761daa7de723356b9b1a18f85e2a8ca7ab06bd1e,4554,internal_duplicate,Exact duplicate inside third_sweep of main (4th copy).rs,4,
main (105th copy).rs,main (105th copy).rs,5c17331a7a2233d79deff3e4eceaa9c9899a303e8b7bed3858945223f5c17c52,4557,internal_duplicate,Exact duplicate inside third_sweep of main (5th copy).rs,4,
main (106th copy).rs,main (106th copy).rs,269b8efa4445f000523fee442c18860376f122a2f1b148ea855c2ba6c02835a4,5441,internal_duplicate,Exact duplicate inside third_sweep of main (6th copy).rs,6,
main (107th copy).rs,main (107th copy).rs,be402188712a84aaa1e1a57753cde38205ce913a5d6bebcb38a6c90cfd00acd3,4842,internal_duplicate,Exact duplicate inside third_sweep of main (7th copy).rs,4,
main (108th copy).rs,main (108th copy).rs,225e7cc82dff8a933604e289a6fa3bd7bb819c5c5e96be0f1abf4c8185ce4c01,3554,internal_duplicate,Exact duplicate inside third_sweep of main (8th copy).rs,4,
main (109th copy).rs,main (109th copy).rs,f366efb6daeb9bf743ca950316d88784af810ca05cb79b029a22a6eded6bf060,3482,internal_duplicate,Exact duplicate inside third_sweep of main (9th copy).rs,6,
main (10th copy).rs,main (10th copy).rs,08edc2b23585434ad8c472630dfa707fe92d9a27e17e9b148b70041a3041868c,4666,not_promoted_after_semantic_review,Byte-distinct but not judged to add a sufficiently distinct/reusable math or solver capability beyond v2 and promoted files.,4,
main (110th copy).rs,main (110th copy).rs,08edc2b23585434ad8c472630dfa707fe92d9a27e17e9b148b70041a3041868c,4666,internal_duplicate,Exact duplicate inside third_sweep of main (10th copy).rs,4,
main (111th copy).rs,main (111th copy).rs,497ef1b86d143cb780be3ac48add71f21d11733d97fdd780c944d1fe775cbb82,4504,internal_duplicate,Exact duplicate inside third_sweep of main (39th copy).rs,2,
main (112th copy).rs,main (112th copy).rs,7e1bf8c10066c1d50b1553a40531c902d5bfdfa1f894229ef3c76033b9888676,6010,internal_duplicate,Exact duplicate inside third_sweep of main (12th copy).rs,6,
main (113th copy).rs,main (113th copy).rs,e13da38acdd0b4e2766e11a0a30f7b7ce1e6f87c435f980a4a163d07c926588c,4093,internal_duplicate,Exact duplicate inside third_sweep of main (13th copy).rs,6,
main (11th copy).rs,main (11th copy).rs,69bb0faea935e097034cd98e2e160da0a6ff789e34bd2adff6e5c4ed24feb24b,4487,not_promoted_after_semantic_review,Byte-distinct but not judged to add a sufficiently distinct/reusable math or solver capability beyond v2 and promoted files.,2,
main (12th copy).rs,main (12th copy).rs,7e1bf8c10066c1d50b1553a40531c902d5bfdfa1f894229ef3c76033b9888676,6010,not_promoted_after_semantic_review,Byte-distinct but not judged to add a sufficiently distinct/reusable math or solver capability beyond v2 and promoted files.,6,
main (13th copy).rs,main (13th copy).rs,e13da38acdd0b4e2766e11a0a30f7b7ce1e6f87c435f980a4a163d07c926588c,4093,not_promoted_after_semantic_review,Byte-distinct but not judged to add a sufficiently distinct/reusable math or solver capability beyond v2 and promoted files.,6,
main (14th copy).rs,main (14th copy).rs,956efa43333cdb3569b35f269456b25711404d58ca989951b2ff3981440af8da,5507,not_promoted_after_semantic_review,Byte-distinct but not judged to add a sufficiently distinct/reusable math or solver capability beyond v2 and promoted files.,2,
main (15th copy).rs,main (15th copy).rs,89d64607e895df7b7abfa48bd0a8c265846a9f4e034ff2bea2e6bfce179a56b5,4326,not_promoted_after_semantic_review,Byte-distinct but not judged to add a sufficiently distinct/reusable math or solver capability beyond v2 and promoted files.,2,
main (16th copy).rs,main (16th copy).rs,0578f9879f9d0c972a6f799e210e84c78559733d84052f7eb29899a730db2868,3979,not_promoted_after_semantic_review,Byte-distinct but not judged to add a sufficiently distinct/reusable math or solver capability beyond v2 and promoted files.,2,
main (17th copy).rs,main (17th copy).rs,58aa87dba36754ef46077007562c075ca39190830d0cf22cfef84500ffb376c4,2564,not_promoted_after_semantic_review,Byte-distinct but not judged to add a sufficiently distinct/reusable math or solver capability beyond v2 and promoted files.,2,
main (18th copy).rs,main (18th copy).rs,44d6f88d76eb2c929e7f6db32df9c78a7693938089f9bc4ab4bc329b5e071af3,4510,not_promoted_after_semantic_review,Byte-distinct but not judged to add a sufficiently distinct/reusable math or solver capability beyond v2 and promoted files.,2,
main (19th copy).rs,main (19th copy).rs,b047d4a0aa938228d9c8aeda0f8a8216415d92d87f53056936b071a0d7bb26a3,4509,not_promoted_after_semantic_review,Byte-distinct but not judged to add a sufficiently distinct/reusable math or solver capability beyond v2 and promoted files.,2,
main (20th copy).rs,main (20th copy).rs,e8d32fce58092e41fb3bec00b998ad7c6aa2b3cf9ccdfe1ea9e2145868e086d6,5375,not_promoted_after_semantic_review,Byte-distinct but not judged to add a sufficiently distinct/reusable math or solver capability beyond v2 and promoted files.,2,
main (21st copy).rs,main (21st copy).rs,b739bf8627389350b305134efdd284c4f09ba5b91eaadcb4a576232a11a483fd,4761,not_promoted_after_semantic_review,Byte-distinct but not judged to add a sufficiently distinct/reusable math or solver capability beyond v2 and promoted files.,2,
main (22nd copy).rs,main (22nd copy).rs,f7c2c4bb9770a683cb2d241cf1aa774479008a12c4a4ea7c2085d017a87fb506,3516,not_promoted_after_semantic_review,Byte-distinct but not judged to add a sufficiently distinct/reusable math or solver capability beyond v2 and promoted files.,2,
main (23rd copy).rs,main (23rd copy).rs,5377bdadb9007aea4e826bef771450f2c4e3ae1af02c5002f817aaae31346c54,3449,not_promoted_after_semantic_review,Byte-distinct but not judged to add a sufficiently distinct/reusable math or solver capability beyond v2 and promoted files.,2,
main (24th copy).rs,main (24th copy).rs,3b66a4ecd6caecf34faef39e66b3a45b0041cf8bd93e1b5dfe34fccd349f6a9c,4534,not_promoted_after_semantic_review,Byte-distinct but not judged to add a sufficiently distinct/reusable math or solver capability beyond v2 and promoted files.,2,
main (25th copy).rs,main (25th copy).rs,d7093aaa530aa51c65db2c217a9f157807115871b5ea5458c29cd50dc8ad5a6d,4457,not_promoted_after_semantic_review,Byte-distinct but not judged to add a sufficiently distinct/reusable math or solver capability beyond v2 and promoted files.,2,
main (26th copy).rs,main (26th copy).rs,7e1bf8c10066c1d50b1553a40531c902d5bfdfa1f894229ef3c76033b9888676,6010,internal_duplicate,Exact duplicate inside third_sweep of main (12th copy).rs,6,
main (27th copy).rs,main (27th copy).rs,c3ba04f0f0fafb9a5e35d5efc964112d7bd0b82ae554d9a3182df83cf1d41e77,4076,not_promoted_after_semantic_review,Byte-distinct but not judged to add a sufficiently distinct/reusable math or solver capability beyond v2 and promoted files.,2,
main (28th copy).rs,main (28th copy).rs,a7543e6636e6e492b86cf0d9dbb27d4712f59dfd54f84432f46f9db57be0b5bb,5527,internal_duplicate,Exact duplicate inside third_sweep of main.rs,6,
main (29th copy).rs,main (29th copy).rs,a1b8fd2228bb828e4a9666b2148dd79335195dad368288993f477d53e73a40d3,4393,internal_duplicate,Exact duplicate inside third_sweep of main (copy).rs,4,
main (30th copy).rs,main (30th copy).rs,8b4b685371542e16afec3b5e487aebe018606560632c84c9d6800c39989677b7,4016,not_promoted_after_semantic_review,Byte-distinct but not judged to add a sufficiently distinct/reusable math or solver capability beyond v2 and promoted files.,6,
main (31st copy).rs,main (31st copy).rs,bf2a445f16b430df2d4cdc83d39ad7aa4635157e39c6c4bcb6f26bb26662c1a6,2579,internal_duplicate,Exact duplicate inside third_sweep of main (3rd copy).rs,6,
main (32nd copy).rs,main (32nd copy).rs,69d21f771bc3834a0d713733761daa7de723356b9b1a18f85e2a8ca7ab06bd1e,4554,internal_duplicate,Exact duplicate inside third_sweep of main (4th copy).rs,4,
main (33rd copy).rs,main (33rd copy).rs,5c17331a7a2233d79deff3e4eceaa9c9899a303e8b7bed3858945223f5c17c52,4557,internal_duplicate,Exact duplicate inside third_sweep of main (5th copy).rs,4,
main (34th copy).rs,main (34th copy).rs,269b8efa4445f000523fee442c18860376f122a2f1b148ea855c2ba6c02835a4,5441,internal_duplicate,Exact duplicate inside third_sweep of main (6th copy).rs,6,
main (35th copy).rs,main (35th copy).rs,be402188712a84aaa1e1a57753cde38205ce913a5d6bebcb38a6c90cfd00acd3,4842,internal_duplicate,Exact duplicate inside third_sweep of main (7th copy).rs,4,
main (36th copy).rs,main (36th copy).rs,225e7cc82dff8a933604e289a6fa3bd7bb819c5c5e96be0f1abf4c8185ce4c01,3554,internal_duplicate,Exact duplicate inside third_sweep of main (8th copy).rs,4,
main (37th copy).rs,main (37th copy).rs,f366efb6daeb9bf743ca950316d88784af810ca05cb79b029a22a6eded6bf060,3482,internal_duplicate,Exact duplicate inside third_sweep of main (9th copy).rs,6,
main (38th copy).rs,main (38th copy).rs,08edc2b23585434ad8c472630dfa707fe92d9a27e17e9b148b70041a3041868c,4666,internal_duplicate,Exact duplicate inside third_sweep of main (10th copy).rs,4,
main (39th copy).rs,main (39th copy).rs,497ef1b86d143cb780be3ac48add71f21d11733d97fdd780c944d1fe775cbb82,4504,not_promoted_after_semantic_review,Byte-distinct but not judged to add a sufficiently distinct/reusable math or solver capability beyond v2 and promoted files.,2,
main (3rd copy).rs,main (3rd copy).rs,bf2a445f16b430df2d4cdc83d39ad7aa4635157e39c6c4bcb6f26bb26662c1a6,2579,not_promoted_after_semantic_review,Byte-distinct but not judged to add a sufficiently distinct/reusable math or solver capability beyond v2 and promoted files.,6,
main (40th copy).rs,main (40th copy).rs,7e1bf8c10066c1d50b1553a40531c902d5bfdfa1f894229ef3c76033b9888676,6010,internal_duplicate,Exact duplicate inside third_sweep of main (12th copy).rs,6,
main (41st copy).rs,main (41st copy).rs,e13da38acdd0b4e2766e11a0a30f7b7ce1e6f87c435f980a4a163d07c926588c,4093,internal_duplicate,Exact duplicate inside third_sweep of main (13th copy).rs,6,
main (42nd copy).rs,main (42nd copy).rs,a7543e6636e6e492b86cf0d9dbb27d4712f59dfd54f84432f46f9db57be0b5bb,5527,internal_duplicate,Exact duplicate inside third_sweep of main.rs,6,
main (43rd copy).rs,main (43rd copy).rs,74c1da920f970681952251b6b84069af4892e9a7333e14c3a31c069efbd933a7,4334,not_promoted_after_semantic_review,Byte-distinct but not judged to add a sufficiently distinct/reusable math or solver capability beyond v2 and promoted files.,2,
main (44th copy).rs,main (44th copy).rs,8b4b685371542e16afec3b5e487aebe018606560632c84c9d6800c39989677b7,4016,internal_duplicate,Exact duplicate inside third_sweep of main (30th copy).rs,6,
main (45th copy).rs,main (45th copy).rs,bf2a445f16b430df2d4cdc83d39ad7aa4635157e39c6c4bcb6f26bb26662c1a6,2579,internal_duplicate,Exact duplicate inside third_sweep of main (3rd copy).rs,6,
main (46th copy).rs,main (46th copy).rs,a9518f43b06af20ef40a4936614676547bd0f452c1f21c2dbd2188ef302103e5,5191,not_promoted_after_semantic_review,Byte-distinct but not judged to add a sufficiently distinct/reusable math or solver capability beyond v2 and promoted files.,2,
main (47th copy).rs,main (47th copy).rs,5263423427f982945785eaeaf3255a5011c15fa1f91d520758b15e42a3ebce5a,4968,not_promoted_after_semantic_review,Byte-distinct but not judged to add a sufficiently distinct/reusable math or solver capability beyond v2 and promoted files.,2,
main (48th copy).rs,main (48th copy).rs,269b8efa4445f000523fee442c18860376f122a2f1b148ea855c2ba6c02835a4,5441,internal_duplicate,Exact duplicate inside third_sweep of main (6th copy).rs,6,
main (49th copy).rs,main (49th copy).rs,932f366701b5901e7cd64d5d46128a7af73c939ac688e18bf1878401ef0a3f59,5329,not_promoted_after_semantic_review,Byte-distinct but not judged to add a sufficiently distinct/reusable math or solver capability beyond v2 and promoted files.,2,
main (4th copy).rs,main (4th copy).rs,69d21f771bc3834a0d713733761daa7de723356b9b1a18f85e2a8ca7ab06bd1e,4554,not_promoted_after_semantic_review,Byte-distinct but not judged to add a sufficiently distinct/reusable math or solver capability beyond v2 and promoted files.,4,
main (50th copy).rs,main (50th copy).rs,8a4ec3a8d1e652b204ca580c6cc9d8e9f6447ab1b25f8af99de2b99b65b93cba,4199,not_promoted_after_semantic_review,Byte-distinct but not judged to add a sufficiently distinct/reusable math or solver capability beyond v2 and promoted files.,2,
main (51st copy).rs,main (51st copy).rs,f366efb6daeb9bf743ca950316d88784af810ca05cb79b029a22a6eded6bf060,3482,internal_duplicate,Exact duplicate inside third_sweep of main (9th copy).rs,6,
main (52nd copy).rs,main (52nd copy).rs,d17b53f9530638eedf304f8a84421683b834ed0cd31b37211c097a0e5453b7be,5126,not_promoted_after_semantic_review,Byte-distinct but not judged to add a sufficiently distinct/reusable math or solver capability beyond v2 and promoted files.,2,
main (53rd copy).rs,main (53rd copy).rs,1e0c73386155412eb0f2448c9bbb68e41593b27da183815a803933f19a323974,1504,not_promoted_after_semantic_review,Byte-distinct but not judged to add a sufficiently distinct/reusable math or solver capability beyond v2 and promoted files.,2,
main (54th copy).rs,main (54th copy).rs,142c79f939d6b9009268f81fd3f867b22a991cc3abcd57e12f21f07635ec1e25,4877,not_promoted_after_semantic_review,Byte-distinct but not judged to add a sufficiently distinct/reusable math or solver capability beyond v2 and promoted files.,2,
main (55th copy).rs,main (55th copy).rs,85fbafc5dc4f43f9642f0227232a384f8bdf6617509e5af302ed789a54d437b4,20543,not_promoted_after_semantic_review,Byte-distinct but not judged to add a sufficiently distinct/reusable math or solver capability beyond v2 and promoted files.,2,
main (56th copy).rs,main (56th copy).rs,e13da38acdd0b4e2766e11a0a30f7b7ce1e6f87c435f980a4a163d07c926588c,4093,internal_duplicate,Exact duplicate inside third_sweep of main (13th copy).rs,6,
main (57th copy).rs,main (57th copy).rs,a7543e6636e6e492b86cf0d9dbb27d4712f59dfd54f84432f46f9db57be0b5bb,5527,internal_duplicate,Exact duplicate inside third_sweep of main.rs,6,
main (58th copy).rs,main (58th copy).rs,74c1da920f970681952251b6b84069af4892e9a7333e14c3a31c069efbd933a7,4334,internal_duplicate,Exact duplicate inside third_sweep of main (43rd copy).rs,2,
main (59th copy).rs,main (59th copy).rs,8b4b685371542e16afec3b5e487aebe018606560632c84c9d6800c39989677b7,4016,internal_duplicate,Exact duplicate inside third_sweep of main (30th copy).rs,6,
main (5th copy).rs,main (5th copy).rs,5c17331a7a2233d79deff3e4eceaa9c9899a303e8b7bed3858945223f5c17c52,4557,not_promoted_after_semantic_review,Byte-distinct but not judged to add a sufficiently distinct/reusable math or solver capability beyond v2 and promoted files.,4,
main (60th copy).rs,main (60th copy).rs,bf2a445f16b430df2d4cdc83d39ad7aa4635157e39c6c4bcb6f26bb26662c1a6,2579,internal_duplicate,Exact duplicate inside third_sweep of main (3rd copy).rs,6,
main (61st copy).rs,main (61st copy).rs,a9518f43b06af20ef40a4936614676547bd0f452c1f21c2dbd2188ef302103e5,5191,internal_duplicate,Exact duplicate inside third_sweep of main (46th copy).rs,2,
main (62nd copy).rs,main (62nd copy).rs,5263423427f982945785eaeaf3255a5011c15fa1f91d520758b15e42a3ebce5a,4968,internal_duplicate,Exact duplicate inside third_sweep of main (47th copy).rs,2,
main (63rd copy).rs,main (63rd copy).rs,269b8efa4445f000523fee442c18860376f122a2f1b148ea855c2ba6c02835a4,5441,internal_duplicate,Exact duplicate inside third_sweep of main (6th copy).rs,6,
main (64th copy).rs,main (64th copy).rs,932f366701b5901e7cd64d5d46128a7af73c939ac688e18bf1878401ef0a3f59,5329,internal_duplicate,Exact duplicate inside third_sweep of main (49th copy).rs,2,
main (65th copy).rs,main (65th copy).rs,8a4ec3a8d1e652b204ca580c6cc9d8e9f6447ab1b25f8af99de2b99b65b93cba,4199,internal_duplicate,Exact duplicate inside third_sweep of main (50th copy).rs,2,
main (66th copy).rs,main (66th copy).rs,f366efb6daeb9bf743ca950316d88784af810ca05cb79b029a22a6eded6bf060,3482,internal_duplicate,Exact duplicate inside third_sweep of main (9th copy).rs,6,
main (67th copy).rs,main (67th copy).rs,d17b53f9530638eedf304f8a84421683b834ed0cd31b37211c097a0e5453b7be,5126,internal_duplicate,Exact duplicate inside third_sweep of main (52nd copy).rs,2,
main (68th copy).rs,main (68th copy).rs,1e0c73386155412eb0f2448c9bbb68e41593b27da183815a803933f19a323974,1504,internal_duplicate,Exact duplicate inside third_sweep of main (53rd copy).rs,2,
main (69th copy).rs,main (69th copy).rs,142c79f939d6b9009268f81fd3f867b22a991cc3abcd57e12f21f07635ec1e25,4877,internal_duplicate,Exact duplicate inside third_sweep of main (54th copy).rs,2,
main (6th copy).rs,main (6th copy).rs,269b8efa4445f000523fee442c18860376f122a2f1b148ea855c2ba6c02835a4,5441,not_promoted_after_semantic_review,Byte-distinct but not judged to add a sufficiently distinct/reusable math or solver capability beyond v2 and promoted files.,6,
main (70th copy).rs,main (70th copy).rs,85fbafc5dc4f43f9642f0227232a384f8bdf6617509e5af302ed789a54d437b4,20543,internal_duplicate,Exact duplicate inside third_sweep of main (55th copy).rs,2,
main (71st copy).rs,main (71st copy).rs,e13da38acdd0b4e2766e11a0a30f7b7ce1e6f87c435f980a4a163d07c926588c,4093,internal_duplicate,Exact duplicate inside third_sweep of main (13th copy).rs,6,
main (72nd copy).rs,main (72nd copy).rs,a7543e6636e6e492b86cf0d9dbb27d4712f59dfd54f84432f46f9db57be0b5bb,5527,internal_duplicate,Exact duplicate inside third_sweep of main.rs,6,
main (73rd copy).rs,main (73rd copy).rs,a1b8fd2228bb828e4a9666b2148dd79335195dad368288993f477d53e73a40d3,4393,internal_duplicate,Exact duplicate inside third_sweep of main (copy).rs,4,
main (74th copy).rs,main (74th copy).rs,8b4b685371542e16afec3b5e487aebe018606560632c84c9d6800c39989677b7,4016,internal_duplicate,Exact duplicate inside third_sweep of main (30th copy).rs,6,
main (75th copy).rs,main (75th copy).rs,bf2a445f16b430df2d4cdc83d39ad7aa4635157e39c6c4bcb6f26bb26662c1a6,2579,internal_duplicate,Exact duplicate inside third_sweep of main (3rd copy).rs,6,
main (76th copy).rs,main (76th copy).rs,69d21f771bc3834a0d713733761daa7de723356b9b1a18f85e2a8ca7ab06bd1e,4554,internal_duplicate,Exact duplicate inside third_sweep of main (4th copy).rs,4,
main (77th copy).rs,main (77th copy).rs,5c17331a7a2233d79deff3e4eceaa9c9899a303e8b7bed3858945223f5c17c52,4557,internal_duplicate,Exact duplicate inside third_sweep of main (5th copy).rs,4,
main (78th copy).rs,main (78th copy).rs,269b8efa4445f000523fee442c18860376f122a2f1b148ea855c2ba6c02835a4,5441,internal_duplicate,Exact duplicate inside third_sweep of main (6th copy).rs,6,
main (79th copy).rs,main (79th copy).rs,be402188712a84aaa1e1a57753cde38205ce913a5d6bebcb38a6c90cfd00acd3,4842,internal_duplicate,Exact duplicate inside third_sweep of main (7th copy).rs,4,
main (7th copy).rs,main (7th copy).rs,be402188712a84aaa1e1a57753cde38205ce913a5d6bebcb38a6c90cfd00acd3,4842,not_promoted_after_semantic_review,Byte-distinct but not judged to add a sufficiently distinct/reusable math or solver capability beyond v2 and promoted files.,4,
main (80th copy).rs,main (80th copy).rs,225e7cc82dff8a933604e289a6fa3bd7bb819c5c5e96be0f1abf4c8185ce4c01,3554,internal_duplicate,Exact duplicate inside third_sweep of main (8th copy).rs,4,
main (81st copy).rs,main (81st copy).rs,f366efb6daeb9bf743ca950316d88784af810ca05cb79b029a22a6eded6bf060,3482,internal_duplicate,Exact duplicate inside third_sweep of main (9th copy).rs,6,
main (82nd copy).rs,main (82nd copy).rs,08edc2b23585434ad8c472630dfa707fe92d9a27e17e9b148b70041a3041868c,4666,internal_duplicate,Exact duplicate inside third_sweep of main (10th copy).rs,4,
main (83rd copy).rs,main (83rd copy).rs,69bb0faea935e097034cd98e2e160da0a6ff789e34bd2adff6e5c4ed24feb24b,4487,internal_duplicate,Exact duplicate inside third_sweep of main (11th copy).rs,2,
main (84th copy).rs,main (84th copy).rs,7e1bf8c10066c1d50b1553a40531c902d5bfdfa1f894229ef3c76033b9888676,6010,internal_duplicate,Exact duplicate inside third_sweep of main (12th copy).rs,6,
main (85th copy).rs,main (85th copy).rs,e13da38acdd0b4e2766e11a0a30f7b7ce1e6f87c435f980a4a163d07c926588c,4093,internal_duplicate,Exact duplicate inside third_sweep of main (13th copy).rs,6,
main (86th copy).rs,main (86th copy).rs,956efa43333cdb3569b35f269456b25711404d58ca989951b2ff3981440af8da,5507,internal_duplicate,Exact duplicate inside third_sweep of main (14th copy).rs,2,
main (87th copy).rs,main (87th copy).rs,89d64607e895df7b7abfa48bd0a8c265846a9f4e034ff2bea2e6bfce179a56b5,4326,internal_duplicate,Exact duplicate inside third_sweep of main (15th copy).rs,2,
main (88th copy).rs,main (88th copy).rs,0578f9879f9d0c972a6f799e210e84c78559733d84052f7eb29899a730db2868,3979,internal_duplicate,Exact duplicate inside third_sweep of main (16th copy).rs,2,
main (89th copy).rs,main (89th copy).rs,58aa87dba36754ef46077007562c075ca39190830d0cf22cfef84500ffb376c4,2564,internal_duplicate,Exact duplicate inside third_sweep of main (17th copy).rs,2,
main (8th copy).rs,main (8th copy).rs,225e7cc82dff8a933604e289a6fa3bd7bb819c5c5e96be0f1abf4c8185ce4c01,3554,not_promoted_after_semantic_review,Byte-distinct but not judged to add a sufficiently distinct/reusable math or solver capability beyond v2 and promoted files.,4,
main (90th copy).rs,main (90th copy).rs,44d6f88d76eb2c929e7f6db32df9c78a7693938089f9bc4ab4bc329b5e071af3,4510,internal_duplicate,Exact duplicate inside third_sweep of main (18th copy).rs,2,
main (91st copy).rs,main (91st copy).rs,b047d4a0aa938228d9c8aeda0f8a8216415d92d87f53056936b071a0d7bb26a3,4509,internal_duplicate,Exact duplicate inside third_sweep of main (19th copy).rs,2,
main (92nd copy).rs,main (92nd copy).rs,e8d32fce58092e41fb3bec00b998ad7c6aa2b3cf9ccdfe1ea9e2145868e086d6,5375,internal_duplicate,Exact duplicate inside third_sweep of main (20th copy).rs,2,
main (93rd copy).rs,main (93rd copy).rs,b739bf8627389350b305134efdd284c4f09ba5b91eaadcb4a576232a11a483fd,4761,internal_duplicate,Exact duplicate inside third_sweep of main (21st copy).rs,2,
main (94th copy).rs,main (94th copy).rs,f7c2c4bb9770a683cb2d241cf1aa774479008a12c4a4ea7c2085d017a87fb506,3516,internal_duplicate,Exact duplicate inside third_sweep of main (22nd copy).rs,2,
main (95th copy).rs,main (95th copy).rs,5377bdadb9007aea4e826bef771450f2c4e3ae1af02c5002f817aaae31346c54,3449,internal_duplicate,Exact duplicate inside third_sweep of main (23rd copy).rs,2,
main (96th copy).rs,main (96th copy).rs,3b66a4ecd6caecf34faef39e66b3a45b0041cf8bd93e1b5dfe34fccd349f6a9c,4534,internal_duplicate,Exact duplicate inside third_sweep of main (24th copy).rs,2,
main (97th copy).rs,main (97th copy).rs,d7093aaa530aa51c65db2c217a9f157807115871b5ea5458c29cd50dc8ad5a6d,4457,internal_duplicate,Exact duplicate inside third_sweep of main (25th copy).rs,2,
main (98th copy).rs,main (98th copy).rs,7e1bf8c10066c1d50b1553a40531c902d5bfdfa1f894229ef3c76033b9888676,6010,internal_duplicate,Exact duplicate inside third_sweep of main (12th copy).rs,6,
main (99th copy).rs,main (99th copy).rs,c3ba04f0f0fafb9a5e35d5efc964112d7bd0b82ae554d9a3182df83cf1d41e77,4076,internal_duplicate,Exact duplicate inside third_sweep of main (27th copy).rs,2,
main (9th copy).rs,main (9th copy).rs,f366efb6daeb9bf743ca950316d88784af810ca05cb79b029a22a6eded6bf060,3482,not_promoted_after_semantic_review,Byte-distinct but not judged to add a sufficiently distinct/reusable math or solver capability beyond v2 and promoted files.,6,
main (another copy).rs,main (another copy).rs,8b4b685371542e16afec3b5e487aebe018606560632c84c9d6800c39989677b7,4016,internal_duplicate,Exact duplicate inside third_sweep of main (30th copy).rs,6,
main (copy).rs,main (copy).rs,a1b8fd2228bb828e4a9666b2148dd79335195dad368288993f477d53e73a40d3,4393,not_promoted_after_semantic_review,Byte-distinct but not judged to add a sufficiently distinct/reusable math or solver capability beyond v2 and promoted files.,4,
main.c,main.c,f32c7dcf22ff193042a8a0c71288839ddc59caa0eabf7150a9ef0ff0714ca3af,3442,not_promoted_after_semantic_review,Byte-distinct but not judged to add a sufficiently distinct/reusable math or solver capability beyond v2 and promoted files.,1,
main.rs,main.rs,a7543e6636e6e492b86cf0d9dbb27d4712f59dfd54f84432f46f9db57be0b5bb,5527,runtime_persistence_orchestration,Build/CLI/persistence/runtime orchestration rather than a distinct math tool.,6,
make_manifest.py,make_manifest.py,8b8ba44e124a94dcb99a8d066867689a8a88be3848b4240d561c526a2acc943f,783,runtime_persistence_orchestration,Build/CLI/persistence/runtime orchestration rather than a distinct math tool.,1,
make_publication_figures.py,make_publication_figures.py,412d25c56d130c45b5f05a45b841c625f57ac0e96051afd465fff3ad05a61ea2,22491,not_promoted_after_semantic_review,Byte-distinct but not judged to add a sufficiently distinct/reusable math or solver capability beyond v2 and promoted files.,1,
mechanical_verification.py,mechanical_verification.py,f8c243f4d49137722adb698dfb3477b5c9f8c18fba4e6467ebe5a68739b485b4,2107,test_build_verification_benchmark,Validation/benchmark/test artifact rather than a reusable math/solver implementation.,1,
modal_f1a_scaling_hammer.py,modal_f1a_scaling_hammer.py,7bef051725658248942f493edcb182bd335fcb5e55b0e07f67f4c9fa3894e640,4729,exact_duplicate_v2,Exact SHA-256 duplicate of existing v2 content: math_candidates/modal_f1a_scaling_hammer.py,1,math_candidates/modal_f1a_scaling_hammer.py
models.py,models.py,7dfd036b60563a6516bf00329919d419f6d217a25d83fa1fc5f37265684abfb3,834,support_dependency,Support data models for certifier.py.,1,
native.py,native.py,d5fd35bb784cad062787328b5a0e3f58be1e3ebf79fffe23e15b3d7a7c5cdc22,1663,not_promoted_after_semantic_review,Byte-distinct but not judged to add a sufficiently distinct/reusable math or solver capability beyond v2 and promoted files.,1,
native_area_biform_probe.py,native_area_biform_probe.py,2656e795c55d5fa8bc1d4660b56f3ed6b21dac8db312370273cbaead5903bf59,20141,exact_duplicate_v2,Exact SHA-256 duplicate of existing v2 content: math_candidates/native_area_biform_probe.py,1,math_candidates/native_area_biform_probe.py
native_baryon_hydrogen.py,native_baryon_hydrogen.py,b07e1a9e3ea9bed7753ebf63f1a0ac37210381137f62662340d7053d8d9ea6dc,44347,exact_duplicate_v2,Exact SHA-256 duplicate of existing v2 content: math_candidates/native_baryon_hydrogen.py,1,math_candidates/native_baryon_hydrogen.py
native_baryon_relation_dynamics.py,native_baryon_relation_dynamics.py,05e979647b327390374f44aa1f50bb21e8e9f5fd384a6a80fb40dc37fa0e51c2,25641,exact_duplicate_v2,Exact SHA-256 duplicate of existing v2 content: math_candidates/native_baryon_relation_dynamics.py,1,math_candidates/native_baryon_relation_dynamics.py
native_baryon_transport_hydrogen.py,native_baryon_transport_hydrogen.py,d011ea217b1afcf099bab8fd4ef8a55b86795efcf2471b9e5709d3c3ba7163dd,34910,exact_duplicate_v2,Exact SHA-256 duplicate of existing v2 content: math_candidates/native_baryon_transport_hydrogen.py,1,math_candidates/native_baryon_transport_hydrogen.py
native_biology_derivation.py,native_biology_derivation.py,2ada095cb7292c069bb463464dbfdd5bd5b55eecf08ef8c65b61f03d91191bd3,3518,exact_duplicate_v2,Exact SHA-256 duplicate of existing v2 content: math_candidates/native_biology_derivation.py,1,math_candidates/native_biology_derivation.py
native_biology_sympy.py,native_biology_sympy.py,eb31f36cf1a7107e63c2945127d827f58fe05a069d75b17351f9b7e3bc8dbf39,1448,exact_duplicate_v2,Exact SHA-256 duplicate of existing v2 content: math_candidates/native_biology_sympy.py,1,math_candidates/native_biology_sympy.py
native_color_flux.py,native_color_flux.py,ba07c4f2504c28896e3a63ddde74a999684643a6de214cc3edf2df2f14b475ee,32563,exact_duplicate_v2,Exact SHA-256 duplicate of existing v2 content: math_candidates/native_color_flux.py,2,math_candidates/native_color_flux.py
native_color_singlet_composites.py,native_color_singlet_composites.py,f0b0fc200fd5aab0038020ac4aa6aca1b9dbfdba38a46335e331db7a86270e31,32545,exact_duplicate_v2,Exact SHA-256 duplicate of existing v2 content: math_candidates/native_color_singlet_composites.py,1,math_candidates/native_color_singlet_composites.py
native_emergence_search.py,native_emergence_search.py,b7dce2d55f3a10b5f54f5f056e3b629c7f52352f0ac459003d7a62523da7f1d1,25591,exact_duplicate_v2,Exact SHA-256 duplicate of existing v2 content: math_candidates/native_emergence_search.py,1,math_candidates/native_emergence_search.py
native_first_generation_closure.py,native_first_generation_closure.py,8a27342239560552b4c03c57ab3e0f16052879ea35087945a42cac49a9adaee4,20791,exact_duplicate_v2,Exact SHA-256 duplicate of existing v2 content: math_candidates/native_first_generation_closure.py,1,math_candidates/native_first_generation_closure.py
native_lepton_hypercharge_yukawa.py,native_lepton_hypercharge_yukawa.py,c3b72f7571bc93fc1ef93ab02104d0d3d146cf76927d35aa4dd36ba5490054c3,21012,exact_duplicate_v2,Exact SHA-256 duplicate of existing v2 content: math_candidates/native_lepton_hypercharge_yukawa.py,1,math_candidates/native_lepton_hypercharge_yukawa.py
native_multimode_atomic_emission.py,native_multimode_atomic_emission.py,d15e46f3b79a5d0fe693838bb6aeea35cad2a70d2e615d1cdac5b8084e52c49a,26863,exact_duplicate_v2,Exact SHA-256 duplicate of existing v2 content: math_candidates/native_multimode_atomic_emission.py,1,math_candidates/native_multimode_atomic_emission.py
native_operator_closure.py,native_operator_closure.py,aa5a65ebc2361e8244d8a3d6931444dcd80e882de6cc136fd298bee7e6cff6f6,37486,exact_duplicate_v2,Exact SHA-256 duplicate of existing v2 content: math_candidates/native_operator_closure.py,1,math_candidates/native_operator_closure.py
native_phase_live_decoder_v10.c,native_phase_live_decoder_v10.c,7432f79fe93f885ff46bdaa10522c602f38d7eaf9beec44cda72c2dfd6d0e23e,13323,exact_duplicate_v2,Exact SHA-256 duplicate of existing v2 content: math_candidates/native_phase_live_decoder_v10.c,1,math_candidates/native_phase_live_decoder_v10.c
native_phase_local_decoder_v9.c,native_phase_local_decoder_v9.c,700c0034354ef4bc06128770e8fe91074b8a96ce720ddf3859b5c1dfe96ed923,13317,exact_duplicate_v2,Exact SHA-256 duplicate of existing v2 content: math_candidates/native_phase_local_decoder_v9.c,1,math_candidates/native_phase_local_decoder_v9.c
native_phase_packet_v5.c,native_phase_packet_v5.c,be85276242243278f56b1c0de425eee55b844116c5beaf0faca4e4d9c02e0439,18227,exact_duplicate_v2,Exact SHA-256 duplicate of existing v2 content: math_candidates/native_phase_packet_v5.c,1,math_candidates/native_phase_packet_v5.c
native_phase_packet_v6.c,native_phase_packet_v6.c,28b5235977981d86ee1ed85d86b4b637fed087f2260a3e7269b7b76179cd8306,15951,exact_duplicate_v2,Exact SHA-256 duplicate of existing v2 content: math_candidates/native_phase_packet_v6.c,1,math_candidates/native_phase_packet_v6.c
native_phase_packet_v7.c,native_phase_packet_v7.c,265581e93304d99ff93e1fb81470ad2d1a67ef5f16531d94097b32929d286f12,12359,exact_duplicate_v2,Exact SHA-256 duplicate of existing v2 content: math_candidates/native_phase_packet_v7.c,1,math_candidates/native_phase_packet_v7.c
native_phase_packet_v8.c,native_phase_packet_v8.c,2a2053b7f813b597dd976cbc886ecbadfb955e73bc7c84b390fd252d30a60522,12359,exact_duplicate_v2,Exact SHA-256 duplicate of existing v2 content: math_candidates/native_phase_packet_v8.c,1,math_candidates/native_phase_packet_v8.c
native_transition_group_probe.py,native_transition_group_probe.py,a4e72dabcda86a26411b96d2bdec517a80ca14a5b845f78f087bea4ef5b186a0,11929,added_tier_b,Inverse Q/B/L transition recovery and typed relation-automorphism/chart-transfer checks.,1,
nc_phase_geometry_audit.py,nc_phase_geometry_audit.py,977fab19e56d6c3914d84b6712ce9ce3222a7cce4d773bc88bed931c5e7933d6,3599,test_build_verification_benchmark,Validation/benchmark/test artifact rather than a reusable math/solver implementation.,1,
new_claim_notebook.py,new_claim_notebook.py,8b7a758dc70fa01be84a50661c31da9ea752e8e03371d6c3fb5d1a4ff820b03c,2774,not_promoted_after_semantic_review,Byte-distinct but not judged to add a sufficiently distinct/reusable math or solver capability beyond v2 and promoted files.,1,
notebook_certificate_audit.py,notebook_certificate_audit.py,bd7f93569a51ffc354927bcc0669efc440e0c26c5b0886ee72842f3518d12db4,1712,test_build_verification_benchmark,Validation/benchmark/test artifact rather than a reusable math/solver implementation.,1,
oi1_reference.py,oi1_reference.py,039aa72f23ba2e16dbcdff90b653e96203440f4b576473b514ed3aab30ef6107,9064,not_promoted_after_semantic_review,Byte-distinct but not judged to add a sufficiently distinct/reusable math or solver capability beyond v2 and promoted files.,1,
oi2_view_reference.py,oi2_view_reference.py,b8cebde1247ee59cadef13e30547d2d61af2aa948d1a2e43809345e5d0c52989,8812,not_promoted_after_semantic_review,Byte-distinct but not judged to add a sufficiently distinct/reusable math or solver capability beyond v2 and promoted files.,1,
oi3_persistence_reference.py,oi3_persistence_reference.py,8d5fdc64f79eb1ae57197d6c1abe3734e9a5ce4e7898d41ba00f5f38fd0589a4,12406,runtime_persistence_orchestration,Build/CLI/persistence/runtime orchestration rather than a distinct math tool.,1,
oi4_cortex_port_reference.py,oi4_cortex_port_reference.py,cbe4743d2c7c9cbcda6c96aac7bb5dbf629378be2638c0b64c5e3acc5ba3036d,11516,not_promoted_after_semantic_review,Byte-distinct but not judged to add a sufficiently distinct/reusable math or solver capability beyond v2 and promoted files.,1,
oi5_world_admission_reference.py,oi5_world_admission_reference.py,cd1a7ffa9c8996f5527eab897dfd02b41f128b467e324f13824d7c0cf7d051d4,13984,not_promoted_after_semantic_review,Byte-distinct but not judged to add a sufficiently distinct/reusable math or solver capability beyond v2 and promoted files.,1,
oi6_characterize.rs,oi6_characterize.rs,6c350b1e3dc9f1e163a5f226c0ca66468b9101715f812696aab662ab7764d7f8,2957,not_promoted_after_semantic_review,Byte-distinct but not judged to add a sufficiently distinct/reusable math or solver capability beyond v2 and promoted files.,1,
oi6_compact_deep_validator.rs,oi6_compact_deep_validator.rs,c98064e04236a4ee8393d48997c700cad71b2993e547f2f36c5bd559053a6c8c,10289,not_promoted_after_semantic_review,Byte-distinct but not judged to add a sufficiently distinct/reusable math or solver capability beyond v2 and promoted files.,1,
oi6_residual_validator.c,oi6_residual_validator.c,23c9e929f469b1039be260dc4da4307ec8f3a669af6c281e60e6dc1f4b84b411,5733,not_promoted_after_semantic_review,Byte-distinct but not judged to add a sufficiently distinct/reusable math or solver capability beyond v2 and promoted files.,1,
operators.py,operators.py,feac7cfcc5e5095bf5f521646bca537af2c717e03fa356aa579e58b812f7ba19,2274,superseded_semantic_duplicate,Discrete R/S/T/selector transport operations already represented in v2 vdm_dynamics_regressor.py.,1,
orthad_closed_form.py,orthad_closed_form.py,198e4ffb34d6b5c1948b1ddcb4b027c82c2296bf915511c0b411293bd5ce5ab2,19308,added_tier_a,"Execution-free exact Orthad closed form / random access, Fibonacci fast doubling, charts, transfers, cardinalities.",1,
orthad_deep_runner.c,orthad_deep_runner.c,c1f9d0db39f7ef3bf5b83dd33695f4667be31edb7d6e71c188e6a06b6395b83e,4816,exact_duplicate_v2,Exact SHA-256 duplicate of existing v2 content: new_candidates/clang/orthad_deep_runner.c,1,new_candidates/clang/orthad_deep_runner.c
orthad_geom.py,orthad_geom.py,5565c79caf12898d36c393476ebe09fe6c6e0e2ace8cfa8a8cd5d5df8c7d57b4,2046,superseded_semantic_duplicate,Exact chart/point geometry is already represented by orthad_closed_form.py.,1,
orthad_multilayer_exact.py,orthad_multilayer_exact.py,a9cf46a25fd3a590ad3fdcfc951b8d2b7164473786e2d26347d593e02ddd52dd,3142,exact_duplicate_v2,Exact SHA-256 duplicate of existing v2 content: math_candidates/orthad_multilayer_exact.py,1,math_candidates/orthad_multilayer_exact.py
orthad_multilayer_execution.py,orthad_multilayer_execution.py,667f92a252a4b202f787975e9803e22e973906d1c29ec13edb114967d8189123,10843,exact_duplicate_v2,Exact SHA-256 duplicate of existing v2 content: math_candidates/orthad_multilayer_execution.py,1,math_candidates/orthad_multilayer_execution.py
orthad_read_port.py,orthad_read_port.py,f8259b99e82b136cb53eddb2c20cc86bd024d23725794df359f0633c663cc11c,15930,superseded_semantic_duplicate,Superseded by orthad_closed_form.py.,1,
orthad_walk.rs,orthad_walk.rs,746f199d2eb90138566e73c8fd3f853df1f11e382ee2154ec27131575ebaba4a,6962,not_promoted_after_semantic_review,Byte-distinct but not judged to add a sufficiently distinct/reusable math or solver capability beyond v2 and promoted files.,1,
orthogonality_probe.py,orthogonality_probe.py,76c51e89694f5700ececf227942426fc4812813a1e0eca843664929445b590dd,4069,not_promoted_after_semantic_review,Byte-distinct but not judged to add a sufficiently distinct/reusable math or solver capability beyond v2 and promoted files.,1,
overflow_to_55_89_code.py,overflow_to_55_89_code.py,07ddaccf4e4e84283c30a2eacaca841d89de9322420495694e1f71668cf3089f,4799,exact_duplicate_v2,Exact SHA-256 duplicate of existing v2 content: math_candidates/overflow_to_55_89_code.py,1,math_candidates/overflow_to_55_89_code.py
p5-b1-v4_symbolic_language_audit.py,p5-b1-v4_symbolic_language_audit.py,c90b98f029c1d16252854b201c554dc1d427914b1785fb9938bee64268ad3fdb,6666,test_build_verification_benchmark,Validation/benchmark/test artifact rather than a reusable math/solver implementation.,1,
p5-b1-v4_verify_agent_package.py,p5-b1-v4_verify_agent_package.py,b1de4dd35248f0c88a686397426c7023c74515a96195e853a9accf06d084fab1,6330,test_build_verification_benchmark,Validation/benchmark/test artifact rather than a reusable math/solver implementation.,1,
p5-b1-v5_symbolic_language_audit.py,p5-b1-v5_symbolic_language_audit.py,3b1484b299f5253a83d7f5433813e968e975d167d9470492a7fcab168cd07708,3225,test_build_verification_benchmark,Validation/benchmark/test artifact rather than a reusable math/solver implementation.,1,
p5-b1-v5_verify_agent_package.py,p5-b1-v5_verify_agent_package.py,8dc4bb492a584ffb1915540d1dcf42cd1cde4cebd0af4765a9a63dec54946d43,3125,test_build_verification_benchmark,Validation/benchmark/test artifact rather than a reusable math/solver implementation.,1,
p5-b1-v6_verify_agent_package.py,p5-b1-v6_verify_agent_package.py,927cabc7d6a8e76436fa9ae5f7265cfc5522562a9b6a7c3a3bea127e4e62fc2e,4186,test_build_verification_benchmark,Validation/benchmark/test artifact rather than a reusable math/solver implementation.,1,
p5-b1-v6_verify_language_outputs.py,p5-b1-v6_verify_language_outputs.py,7656a57cf9d01bc8a20830af60b33dd7b469175fe0a8e594da7eebd998b87e40,3571,test_build_verification_benchmark,Validation/benchmark/test artifact rather than a reusable math/solver implementation.,1,
p5-b1-v7_follower_structure_audit.py,p5-b1-v7_follower_structure_audit.py,c7d020bc38509f527782e4ee2ec8ba166da2da48feed610473ee724db21748a5,5720,test_build_verification_benchmark,Validation/benchmark/test artifact rather than a reusable math/solver implementation.,1,
p5-b1-v7_verify_agent_package.py,p5-b1-v7_verify_agent_package.py,63c4933b8bf0110abb2f7e329448284defcfce84caa864b61f008d572b15edce,5865,test_build_verification_benchmark,Validation/benchmark/test artifact rather than a reusable math/solver implementation.,1,
p5-b2-v1_nonexecution_audit.py,p5-b2-v1_nonexecution_audit.py,15261f5aa0d6019b15bf5f01fb63439062ef8c5f11647e8a247afc880b154e61,1311,test_build_verification_benchmark,Validation/benchmark/test artifact rather than a reusable math/solver implementation.,1,
p5-b2-v1_verify_audit_package.py,p5-b2-v1_verify_audit_package.py,884016695225acc9baae4d5969f3c5724c29f58d4a3905ae9845e381d4f61085,1306,test_build_verification_benchmark,Validation/benchmark/test artifact rather than a reusable math/solver implementation.,1,
p5-b2-v3_verify_agent_package.py,p5-b2-v3_verify_agent_package.py,116d1440ae407274a85e3d93d7b7a086587cde21b16d65f3d66c4420853c0fc6,4231,test_build_verification_benchmark,Validation/benchmark/test artifact rather than a reusable math/solver implementation.,1,
p5-b2-v3_verify_threshold_math.py,p5-b2-v3_verify_threshold_math.py,5ccc93a66eb6e84419722c36506c38e4df71b0ac01c3bd8c5ca608020bf55b35,2704,test_build_verification_benchmark,Validation/benchmark/test artifact rather than a reusable math/solver implementation.,1,
p5-b3-v1_factor_scope_audit.py,p5-b3-v1_factor_scope_audit.py,d9272d52841ddbfa7d5d7f6bdeac487885cdd3859e2138a821f6de7423347099,4614,test_build_verification_benchmark,Validation/benchmark/test artifact rather than a reusable math/solver implementation.,1,
p5-b3-v1_verify_agent_package.py,p5-b3-v1_verify_agent_package.py,657ff1ed3fe3d3c7703a1b0637b4b54542fab6fcc87b03d22ba9a0cfcaad05cb,7027,test_build_verification_benchmark,Validation/benchmark/test artifact rather than a reusable math/solver implementation.,1,
p5-b3-v2_verify_agent_package.py,p5-b3-v2_verify_agent_package.py,59bd446cd9613c4bd2a52c4ccdbaed352ee3b7ac6c82890b378f4367682a00f9,5731,test_build_verification_benchmark,Validation/benchmark/test artifact rather than a reusable math/solver implementation.,1,
p5-b3-v2_verify_factor_scope.py,p5-b3-v2_verify_factor_scope.py,c4d422c32e591fe8bbe52e98d9de2141e6eb4b9fc05dedf32f04da7f3b73edbc,2530,test_build_verification_benchmark,Validation/benchmark/test artifact rather than a reusable math/solver implementation.,1,
p5-b3-v3_pairing_scope_audit.py,p5-b3-v3_pairing_scope_audit.py,841badbd2e1cdd5cf66f3a16a3e4cff415e02722a21732f0e7482822d16cd2b1,2165,test_build_verification_benchmark,Validation/benchmark/test artifact rather than a reusable math/solver implementation.,1,
p5-b3-v3_verify_agent_package.py,p5-b3-v3_verify_agent_package.py,10139502f20cc4b0320c742d7a5460db7802ab2691eaf0b265c0cc14d7fff597,4269,test_build_verification_benchmark,Validation/benchmark/test artifact rather than a reusable math/solver implementation.,1,
p5-b3-v4_scope_audit.py,p5-b3-v4_scope_audit.py,e93577f950768f2cf0e932087992b36d2c85976878d5fb6398970cea00c385a8,1877,test_build_verification_benchmark,Validation/benchmark/test artifact rather than a reusable math/solver implementation.,1,
p5-b3-v4_verify_agent_package.py,p5-b3-v4_verify_agent_package.py,80bd1997216a79eec16e6ba9f4fe89b5e0a643cf25ac50927cabbb711a2a689a,2418,test_build_verification_benchmark,Validation/benchmark/test artifact rather than a reusable math/solver implementation.,1,
p5-b3-v5_audit_structural_claims.py,p5-b3-v5_audit_structural_claims.py,88c62f7c03083b6adc4354368f6d2b492b2564fe12caf2d869dd10d4385cda5a,2655,test_build_verification_benchmark,Validation/benchmark/test artifact rather than a reusable math/solver implementation.,1,
p5-b3-v5_verify_agent_package.py,p5-b3-v5_verify_agent_package.py,a4103136a51af0f5d9c7b3cbfb1edc8b8c1e2a1efe9c9d03b52a2247241b9e16,2822,test_build_verification_benchmark,Validation/benchmark/test artifact rather than a reusable math/solver implementation.,1,
p5-b3-v6_bridge_audit.py,p5-b3-v6_bridge_audit.py,005a5c171fa51d2b15076d32a906c346c9ffe48af0b914c0903fed928a2d13d0,1439,test_build_verification_benchmark,Validation/benchmark/test artifact rather than a reusable math/solver implementation.,1,
p5-b3-v6_verify_agent_package.py,p5-b3-v6_verify_agent_package.py,cefc4644f4a9e2874eadf6485be0a2a908711b3ca9b2a1779bdb677f8d1a4f5b,3218,test_build_verification_benchmark,Validation/benchmark/test artifact rather than a reusable math/solver implementation.,1,
pc_branch_universal_sympy_audit.py,pc_branch_universal_sympy_audit.py,be7bcd0cc87d1426101cb356676b85be4c75c5c59f365f3925c15328f3ffd3ab,4195,exact_duplicate_v2,Exact SHA-256 duplicate of existing v2 content: math_candidates/pc_branch_universal_sympy_audit.py,1,math_candidates/pc_branch_universal_sympy_audit.py
pc_inverse_word_sympy_audit.py,pc_inverse_word_sympy_audit.py,6ea6af315fbd2299565d4adbcb4034ed91b2e67a50d11149d2c2f2b140c0574a,4548,exact_duplicate_v2,Exact SHA-256 duplicate of existing v2 content: math_candidates/pc_inverse_word_sympy_audit.py,1,math_candidates/pc_inverse_word_sympy_audit.py
pc_monodromy_certifier.py,pc_monodromy_certifier.py,a75ee72365aead25d4cc1b740e1f660540dd0115dbfce2e45a8de6ac4f2f6068,109,exact_duplicate_v2,Exact SHA-256 duplicate of existing v2 content: math_candidates/pc_monodromy_certifier.py,1,math_candidates/pc_monodromy_certifier.py
pc_monodromy_global_sympy_audit.py,pc_monodromy_global_sympy_audit.py,fa340c44679998acf4add37deac7c655dc6e3ad41de10d2407672c4d50dbf880,2165,exact_duplicate_v2,Exact SHA-256 duplicate of existing v2 content: math_candidates/pc_monodromy_global_sympy_audit.py,1,math_candidates/pc_monodromy_global_sympy_audit.py
pc_monodromy_sympy_audit.py,pc_monodromy_sympy_audit.py,7ff08ed58f157bba8a1bb29d22eca1127d2b5720cd9a64130a3bc356e5310448,1773,exact_duplicate_v2,Exact SHA-256 duplicate of existing v2 content: math_candidates/pc_monodromy_sympy_audit (copy).py,1,math_candidates/pc_monodromy_sympy_audit (copy).py
pc_vdm_lifted_descent_audit.py,pc_vdm_lifted_descent_audit.py,757a7d6fa2465f7c581490f40b3fbd1d3ee2cb7e6b58dfd67e0bc797d6b55919,3461,exact_duplicate_v2,Exact SHA-256 duplicate of existing v2 content: math_candidates/pc_vdm_lifted_descent_audit.py,1,math_candidates/pc_vdm_lifted_descent_audit.py
pc_vdm_lifted_descent_solver_sympy_audit.py,pc_vdm_lifted_descent_solver_sympy_audit.py,368a88ecf27d75a54e1596e0e160bfde997478e02f88be5938b3504959edc959,1643,exact_duplicate_v2,Exact SHA-256 duplicate of existing v2 content: math_candidates/pc_vdm_lifted_descent_solver_sympy_audit.py,1,math_candidates/pc_vdm_lifted_descent_solver_sympy_audit.py
permutation.py,permutation.py,9ff7494c534fdc1f96f3115be86ceb75016774d2f6fb56823c1cd56bca4fa808,2152,added_tier_a,"Generic immutable finite permutation operations: composition, inverse, cycle decomposition.",1,
persistence.rs,persistence.rs,8aee79c22565c332647db26c58c05399b9d2c9f99d3834442484027eeb8f66b9,23599,runtime_persistence_orchestration,Build/CLI/persistence/runtime orchestration rather than a distinct math tool.,1,
persistence_tests.rs,persistence_tests.rs,fecdd437300871a0de9f7ce06ae720777662d4b59cbb6e33672d839c28faec73,15153,test_build_verification_benchmark,Validation/benchmark/test artifact rather than a reusable math/solver implementation.,1,
phase_block_solution.py,phase_block_solution.py,0f4f115b3acc4e7db9015e3aa2b859cbd470cbd8c47733eebe7e98e3c20ba45c,4491,exact_duplicate_v2,Exact SHA-256 duplicate of existing v2 content: math_candidates/phase_block_solution.py,1,math_candidates/phase_block_solution.py
phase_block_solution_sympy.py,phase_block_solution_sympy.py,fbd3df5868384a21c39af94e5b8e4a5ca13695bc03abf9547ef0cecd653e2796,1178,exact_duplicate_v2,Exact SHA-256 duplicate of existing v2 content: math_candidates/phase_block_solution_sympy.py,1,math_candidates/phase_block_solution_sympy.py
phase_calculus_numeric_certificates.py,phase_calculus_numeric_certificates.py,624a1f2b8452265a4a0df428c24595e7b15016d5a25a6bdf1e9bfbb59e091125,3779,exact_duplicate_v2,Exact SHA-256 duplicate of existing v2 content: math_candidates/phase_calculus_numeric_certificates.py,1,math_candidates/phase_calculus_numeric_certificates.py
phase_causal_benchmark.c,phase_causal_benchmark.c,200e79bf5ccae5172df54358b80ec8bb64e4a47e06063a80ab71bb2cc40888a6,2845,test_build_verification_benchmark,Validation/benchmark/test artifact rather than a reusable math/solver implementation.,1,
phase_causal_pair_v0.c,phase_causal_pair_v0.c,882785aa1738f2a77f2f397e988407015cf805caf1919ed493d996df9c518526,6699,exact_duplicate_v2,Exact SHA-256 duplicate of existing v2 content: new_candidates/clang/phase_causal_pair_v0.c,1,new_candidates/clang/phase_causal_pair_v0.c
phase_causal_region_v0.c,phase_causal_region_v0.c,18dbfcef3f2ccee1426cd7bc25c1ccc93d9c5d81ea7c6ff4142b33fd7cc12f52,7964,exact_duplicate_v2,Exact SHA-256 duplicate of existing v2 content: new_candidates/clang/phase_causal_region_v0.c,1,new_candidates/clang/phase_causal_region_v0.c
phase_cell_fixture.c,phase_cell_fixture.c,af18d58a30d80da7fb4c367088233e979d2d4a1b08e8dd99864ffbef41f56cd7,1623,test_build_verification_benchmark,Validation/benchmark/test artifact rather than a reusable math/solver implementation.,1,
phase_cell_snapshot_benchmark.c,phase_cell_snapshot_benchmark.c,3765d6446a7e901c448090e829a2025e874353e0ff2187a9c4d8c4bcbde0f69b,1972,test_build_verification_benchmark,Validation/benchmark/test artifact rather than a reusable math/solver implementation.,1,
phase_cell_snapshot_v1.c,phase_cell_snapshot_v1.c,7516c16093b1c4be36fabe18a75930c1c90b99eedb4f593785f567bcfd938adb,18118,runtime_persistence_orchestration,Build/CLI/persistence/runtime orchestration rather than a distinct math tool.,1,
phase_completion_benchmark.c,phase_completion_benchmark.c,ed6916819235e9e94414e54edaf9752410ca4ba549fcda4f9371d774c3762609,3123,test_build_verification_benchmark,Validation/benchmark/test artifact rather than a reusable math/solver implementation.,1,
phase_completion_stream_v0.c,phase_completion_stream_v0.c,00576623b903b8436e04fde6d4508aa3f783cb5ce9bc1fabd4f2ba39a7d126a7,12557,exact_duplicate_v2,Exact SHA-256 duplicate of existing v2 content: new_candidates/clang/phase_completion_stream_v0.c,1,new_candidates/clang/phase_completion_stream_v0.c
phase_decoder_attack.py,phase_decoder_attack.py,6f154f81061b31e4c83dc1946c8928934bab415256e271b650facacd9d785551,7166,not_promoted_after_semantic_review,Byte-distinct but not judged to add a sufficiently distinct/reusable math or solver capability beyond v2 and promoted files.,1,
phase_effect_benchmark.c,phase_effect_benchmark.c,7c92360ec540d5e065ad27e6d4ad7be6b95718a126484935ecb2a22a905ecd7f,2186,test_build_verification_benchmark,Validation/benchmark/test artifact rather than a reusable math/solver implementation.,1,
phase_effect_pipeline_v0.c,phase_effect_pipeline_v0.c,dad79379a79fb39b42e8e0c3e06f328efe3a48f9673a9f043d7a2085ee171f7b,7089,exact_duplicate_v2,Exact SHA-256 duplicate of existing v2 content: new_candidates/clang/phase_effect_pipeline_v0.c,1,new_candidates/clang/phase_effect_pipeline_v0.c
phase_engine_sympy_checks.py,phase_engine_sympy_checks.py,3453c74bf3b34c6311c1f64ccbd5c88ec2fa821977c595d078b36dc6dc4667c2,2754,not_promoted_after_semantic_review,Byte-distinct but not judged to add a sufficiently distinct/reusable math or solver capability beyond v2 and promoted files.,1,
phase_four_filter_covariance.py,phase_four_filter_covariance.py,73bc8863867f4fb5d0a6631e692b6c61e886918f045c927d0e40144124cb7a06,34932,exact_duplicate_v2,Exact SHA-256 duplicate of existing v2 content: math_candidates/phase_four_filter_covariance.py,1,math_candidates/phase_four_filter_covariance.py
phase_graph_benchmark.c,phase_graph_benchmark.c,f97b569cc373a529fb76de750d1bcce451048996ae866dac3add2133255c93c4,2641,test_build_verification_benchmark,Validation/benchmark/test artifact rather than a reusable math/solver implementation.,1,
phase_graph_custody_v0.c,phase_graph_custody_v0.c,ac639c1a4ae697b97aab3cbdb89cec79646cf82fbd06180c03f9481ef8bcb866,23482,exact_duplicate_v2,Exact SHA-256 duplicate of existing v2 content: new_candidates/clang/phase_graph_custody_v0.c,1,new_candidates/clang/phase_graph_custody_v0.c
phase_lift.py,phase_lift.py,4e6612771466d02001b9570fe6aa0e98a638b7337aeb568e33b9618b3e26da19,3973,exact_duplicate_v2,Exact SHA-256 duplicate of existing v2 content: math_candidates/phase_lift.py,1,math_candidates/phase_lift.py
phase_multi_graph_benchmark.c,phase_multi_graph_benchmark.c,f68ad1dda5e32ef1876849e33d5f8d6da325e540176c3586774a332103d2ed4a,2801,test_build_verification_benchmark,Validation/benchmark/test artifact rather than a reusable math/solver implementation.,1,
phase_multi_graph_v0.c,phase_multi_graph_v0.c,4d94b05650ad858128fdd9886577e989804609aa2e1c8c4cc81364e62e6c1a3f,33847,exact_duplicate_v2,Exact SHA-256 duplicate of existing v2 content: new_candidates/clang/phase_multi_graph_v0.c,1,new_candidates/clang/phase_multi_graph_v0.c
phase_native_live_decoder_v10.py,phase_native_live_decoder_v10.py,e8703508179d10c3b7587cc83d1d0cd23dcc3e787c75ae094e3550c254d51d3e,19437,exact_duplicate_v2,Exact SHA-256 duplicate of existing v2 content: math_candidates/phase_native_live_decoder_v10.py,1,math_candidates/phase_native_live_decoder_v10.py
phase_native_local_decoder_v9.py,phase_native_local_decoder_v9.py,fb4eeb5152d0ba2ec3b414d92779ccd831304758c421dab285d1b5e6bc0c8181,22042,exact_duplicate_v2,Exact SHA-256 duplicate of existing v2 content: math_candidates/phase_native_local_decoder_v9.py,1,math_candidates/phase_native_local_decoder_v9.py
phase_native_local_query_cli_v9.py,phase_native_local_query_cli_v9.py,1e4675e9c7832d29cb39c806277ab71b2eccad4cef9e9a83f5fee17b35cea1f6,3129,runtime_persistence_orchestration,Build/CLI/persistence/runtime orchestration rather than a distinct math tool.,1,
phase_native_radix.py,phase_native_radix.py,b5e87e6341eecc3befe41848ad312070894a30ec1dea01d1c3ec0abb68dc9696,7818,exact_duplicate_v2,Exact SHA-256 duplicate of existing v2 content: math_candidates/phase_native_radix.py,1,math_candidates/phase_native_radix.py
phase_native_random_access_v8.py,phase_native_random_access_v8.py,a50ab0bd4b5364bedeec8bfee30420aac0392e012529c03c1e787e5b0080f329,1405,exact_duplicate_v2,Exact SHA-256 duplicate of existing v2 content: math_candidates/phase_native_random_access_v8.py,1,math_candidates/phase_native_random_access_v8.py
phase_native_streaming_spigot.py,phase_native_streaming_spigot.py,8711e3767a5059a6a4a8b95f89da142c235a3014844a1e39e07038234f52b405,12676,exact_duplicate_v2,Exact SHA-256 duplicate of existing v2 content: math_candidates/phase_native_streaming_spigot.py,1,math_candidates/phase_native_streaming_spigot.py
phase_native_streaming_spigot_direct.py,phase_native_streaming_spigot_direct.py,7650cb6d5510443cec872a8d0a671fa54400f68cd88fdb9503552addbaa8a30c,16782,exact_duplicate_v2,Exact SHA-256 duplicate of existing v2 content: math_candidates/phase_native_streaming_spigot_direct.py,1,math_candidates/phase_native_streaming_spigot_direct.py
phase_native_streaming_spigot_direct_v3.py,phase_native_streaming_spigot_direct_v3.py,c01f96c38f2e751770f0a7e561a39a0558f18648939e56b4a4bee48c571dd57d,16966,exact_duplicate_v2,Exact SHA-256 duplicate of existing v2 content: math_candidates/phase_native_streaming_spigot_direct_v3.py,1,math_candidates/phase_native_streaming_spigot_direct_v3.py
phase_native_streaming_spigot_direct_v5.py,phase_native_streaming_spigot_direct_v5.py,01c883295c3347510efa89b5a5c275709e8265e59d746b8b3e0b46392ae1b9e8,18245,exact_duplicate_v2,Exact SHA-256 duplicate of existing v2 content: math_candidates/phase_native_streaming_spigot_direct_v5.py,1,math_candidates/phase_native_streaming_spigot_direct_v5.py
phase_native_streaming_spigot_direct_v6.py,phase_native_streaming_spigot_direct_v6.py,a0054e6f785b99596dd0ee257c59fbf2e1fe2a645df075c5710f66d4a55987e1,16184,exact_duplicate_v2,Exact SHA-256 duplicate of existing v2 content: math_candidates/phase_native_streaming_spigot_direct_v6.py,1,math_candidates/phase_native_streaming_spigot_direct_v6.py
phase_native_streaming_spigot_direct_v7.py,phase_native_streaming_spigot_direct_v7.py,db9d11bac58b9514699e76682007693760f8fc6eb699b0804f1bffda4b6c4211,18896,exact_duplicate_v2,Exact SHA-256 duplicate of existing v2 content: math_candidates/phase_native_streaming_spigot_direct_v7.py,1,math_candidates/phase_native_streaming_spigot_direct_v7.py
phase_native_streaming_spigot_direct_v8.py,phase_native_streaming_spigot_direct_v8.py,41b2df1a182c95ad52a284135065a899ad1696ff5b6fe3ba47d879646b83d02f,24899,exact_duplicate_v2,Exact SHA-256 duplicate of existing v2 content: math_candidates/phase_native_streaming_spigot_direct_v8.py,1,math_candidates/phase_native_streaming_spigot_direct_v8.py
phase_radix_block_search.py,phase_radix_block_search.py,ffbcbb900688b287deaacade3c7310579007d741f6dee40479e8183ab7e54a06,8513,exact_duplicate_v2,Exact SHA-256 duplicate of existing v2 content: math_candidates/phase_radix_block_search.py,1,math_candidates/phase_radix_block_search.py
phase_region_benchmark.c,phase_region_benchmark.c,fd9b09deb9bcd9dcd1461758d648ceffe30d92c08829a6db59d7d7510936b7f3,2766,test_build_verification_benchmark,Validation/benchmark/test artifact rather than a reusable math/solver implementation.,1,
phase_return_benchmark.c,phase_return_benchmark.c,85cb581a9ac6393b753e75f2610bb2b0d2e6f2f0b5a55e4179978d6a20a33368,2792,test_build_verification_benchmark,Validation/benchmark/test artifact rather than a reusable math/solver implementation.,1,
phase_return_journey_v0.c,phase_return_journey_v0.c,c44547942337c97300db8f92cdebbe27c12866e63a76d6dde1b4ce4fc7ce6fba,14466,exact_duplicate_v2,Exact SHA-256 duplicate of existing v2 content: new_candidates/clang/phase_return_journey_v0.c,1,new_candidates/clang/phase_return_journey_v0.c
phase_route_benchmark.c,phase_route_benchmark.c,aa82032ab392af4d14ff2572225dae1ca3696dd6f1cbb3d9bf16d2997ccc72b2,2461,test_build_verification_benchmark,Validation/benchmark/test artifact rather than a reusable math/solver implementation.,1,
phase_route_custody_v0.c,phase_route_custody_v0.c,8699641ffe578e6ad3f396d3b4d812e0bf82c88305a3198ade8db2896b85ef3a,19597,exact_duplicate_v2,Exact SHA-256 duplicate of existing v2 content: new_candidates/clang/phase_route_custody_v0.c,1,new_candidates/clang/phase_route_custody_v0.c
phase_selector_engine.py,phase_selector_engine.py,8767f4cc7be2185d0838f365fbb7bbb9aa7e4c087caf55c7fe5a0f44d443900e,4493,exact_duplicate_v2,Exact SHA-256 duplicate of existing v2 content: math_candidates/phase_selector_engine.py,1,math_candidates/phase_selector_engine.py
phase_slice_benchmark.c,phase_slice_benchmark.c,33c81a493b51ac58f0f5b6fe2cb6384bd1b09b7cf23e215d0a8b9835c8988522,2167,test_build_verification_benchmark,Validation/benchmark/test artifact rather than a reusable math/solver implementation.,1,
phase_streamed_slice_v0.c,phase_streamed_slice_v0.c,a20e85360da30f2050d6a26cdc5799169c073654e9b53eeb348043360d1fd7b2,11657,exact_duplicate_v2,Exact SHA-256 duplicate of existing v2 content: new_candidates/clang/phase_streamed_slice_v0.c,1,new_candidates/clang/phase_streamed_slice_v0.c
phase_structural_closure_v11.py,phase_structural_closure_v11.py,c3a3c8e4f8a59031dbddc68e266ac77c35181a6b51235e278e7f145615804fed,6719,exact_duplicate_v2,Exact SHA-256 duplicate of existing v2 content: math_candidates/phase_structural_closure_v11.py,1,math_candidates/phase_structural_closure_v11.py
phase_three_filter_covariance.py,phase_three_filter_covariance.py,d2d35c11f0a90668e2e018ebacc731976e740ba5c639a26b809a424d08a2e6c3,33893,exact_duplicate_v2,Exact SHA-256 duplicate of existing v2 content: math_candidates/phase_three_filter_covariance.py,1,math_candidates/phase_three_filter_covariance.py
phase_three_filter_sympy.py,phase_three_filter_sympy.py,6e449d0e64e38b73fef9b34dbc88863a656aeb0b5cd4c86cbd5da14de42c22ee,2376,exact_duplicate_v2,Exact SHA-256 duplicate of existing v2 content: math_candidates/phase_three_filter_sympy.py,1,math_candidates/phase_three_filter_sympy.py
phase_traversal_benchmark.c,phase_traversal_benchmark.c,0308799351584a62d21cffba5af5404561f94e329027b77494c44f3e9b782615,2333,test_build_verification_benchmark,Validation/benchmark/test artifact rather than a reusable math/solver implementation.,1,
phase_wide_benchmark.c,phase_wide_benchmark.c,37ea0dcc216a2808767e40e050b7876a26bfe466d4f9c48c05c32cc893b3f266,1435,test_build_verification_benchmark,Validation/benchmark/test artifact rather than a reusable math/solver implementation.,1,
phase_wide_v0.c,phase_wide_v0.c,2d1d48631902bcc2f604aa59c27a88ccc242b8325c6495846ff9e9a275406192,11513,exact_duplicate_v2,Exact SHA-256 duplicate of existing v2 content: new_candidates/clang/phase_wide_v0.c,1,new_candidates/clang/phase_wide_v0.c
phase_world_benchmark.c,phase_world_benchmark.c,e64ab1bcac150fb39e918bb798c098ccde8a2c979ff9401d6401aabfa64827a2,1785,test_build_verification_benchmark,Validation/benchmark/test artifact rather than a reusable math/solver implementation.,1,
phase_world_cell_v0.c,phase_world_cell_v0.c,60d9fc5090b43f084d0a3987eba9ce952fb5c3b5feeac67758d51ddc3030621d,5476,exact_duplicate_v2,Exact SHA-256 duplicate of existing v2 content: new_candidates/clang/phase_world_cell_v0.c,1,new_candidates/clang/phase_world_cell_v0.c
phase_zone_traversal_v0.c,phase_zone_traversal_v0.c,c7e5d3106a5fe099da3398b3b8a607adb90bafd7143a3a5676e7b4a32bdf424a,19199,exact_duplicate_v2,Exact SHA-256 duplicate of existing v2 content: new_candidates/clang/phase_zone_traversal_v0.c,1,new_candidates/clang/phase_zone_traversal_v0.c
pi_spigot_lock_sympy.py,pi_spigot_lock_sympy.py,2b9bbcab3ca7adad6ebcff164ab6e4a54594163333e37de5142ebbed5e5a13bc,1924,not_promoted_after_semantic_review,Byte-distinct but not judged to add a sufficiently distinct/reusable math or solver capability beyond v2 and promoted files.,1,
pre_large_scale_light_matter.py,pre_large_scale_light_matter.py,a1c51187b0783cadc172509344b4824d50d8bd3db2b997cbfdf788f65c5d7e29,25788,exact_duplicate_v2,Exact SHA-256 duplicate of existing v2 content: math_candidates/pre_large_scale_light_matter.py,1,math_candidates/pre_large_scale_light_matter.py
projection_loss_accounting.py,projection_loss_accounting.py,59c4e1f3c7f0cbb7286476c8fd19d66964e81f56ff06f2a27791b3a9ffe7bfad,3852,not_promoted_after_semantic_review,Byte-distinct but not judged to add a sufficiently distinct/reusable math or solver capability beyond v2 and promoted files.,1,
projector.py,projector.py,a8957905cd36b048800b7038793a7879bf98a24eb7842e5746e7f0d4df7f52c0,1220,exact_duplicate_v2,Exact SHA-256 duplicate of existing v2 content: math_candidates/projector.py,1,math_candidates/projector.py
provisional_r_model.py,provisional_r_model.py,82352a7761db3db0a0c1d446966b407e1ce43eba64ac06d95f2887bc7824230d,2495,not_promoted_after_semantic_review,Byte-distinct but not judged to add a sufficiently distinct/reusable math or solver capability beyond v2 and promoted files.,1,
purge_stale_orthad_claims.py,purge_stale_orthad_claims.py,2cb3e6ccde4ed824e0897cbb08eee7ffa1914af10def9586af528c24e7007d44,10122,not_promoted_after_semantic_review,Byte-distinct but not judged to add a sufficiently distinct/reusable math or solver capability beyond v2 and promoted files.,1,
qbl_b_u64.S,qbl_b_u64.S,7d0ca863de2066dcf858ace7886951613ed15f5dc0bb11042431ca83fe491c6e,1786,older_or_reduced_variant,Same algorithmic surface as v2 with mainly ABI/version change; no new math capability.,1,
qbl_benchmark.c,qbl_benchmark.c,22ab6a768a02442318ca1a1bea2dd93b6f7e479460c70f784890ea330b08dd00,2532,test_build_verification_benchmark,Validation/benchmark/test artifact rather than a reusable math/solver implementation.,1,
qbl_cli.c,qbl_cli.c,3aa33b240c823f7ec6eeca2052acf5dfd1b91f74972f740f975a6451c48534f0,18603,runtime_persistence_orchestration,Build/CLI/persistence/runtime orchestration rather than a distinct math tool.,1,
qbl_inspect_benchmark.c,qbl_inspect_benchmark.c,415e52aa7b76672c86e2f1e3272c3749554cafce5d5441ace56f2f1d619dc83f,2381,test_build_verification_benchmark,Validation/benchmark/test artifact rather than a reusable math/solver implementation.,1,
qbl_inspect_u64.S,qbl_inspect_u64.S,e9362d57516c82611566ff66efc2df0ba294d9e4863231e415ba5fdf655383d5,10999,exact_duplicate_v2,Exact SHA-256 duplicate of existing v2 content: new_candidates/asm/qbl_inspect_u64.S,1,new_candidates/asm/qbl_inspect_u64.S
qbl_orthad_benchmark.c,qbl_orthad_benchmark.c,018dfdd0f91556aa01af0db709ac1fc419efb9c1f5d8fef17979db2222afc6b5,2776,test_build_verification_benchmark,Validation/benchmark/test artifact rather than a reusable math/solver implementation.,1,
qbl_orthad_query.c,qbl_orthad_query.c,2dbd91e11263ad1a76769b0fcb08983d048ebe92d5daf26cb936550b067589ee,6249,added_tier_a,Read-side exact Orthad/QBL query formulas and relation cardinalities without enumeration.,1,
qbl_prime_watch.py,qbl_prime_watch.py,3c05f3b8c94d00966a26c45e6e3a033fc568f4b994e792d6fcd446f95c9631a7,8174,exact_duplicate_v2,Exact SHA-256 duplicate of existing v2 content: math_candidates/qbl_prime_watch.py,1,math_candidates/qbl_prime_watch.py
qbl_record_benchmark.c,qbl_record_benchmark.c,32402e14b0d5304b1007962cc32b58a46efb653da9f52f95cdc4ce7b8ef0bae0,2443,test_build_verification_benchmark,Validation/benchmark/test artifact rather than a reusable math/solver implementation.,1,
qbl_reference.c,qbl_reference.c,708f90112e3f7e0906f8b37a1da772ce9e828d01b8d80ac0d8b8279b0b2d785a,12565,older_or_reduced_variant,Older/reduced relative to the richer v2 qbl_reference.c (v2 includes additional CP5 Orthad-local implementation).,1,
qbl_snapshot.c,qbl_snapshot.c,b0ac4240b53f67f8559e86d1717246995a74ed1557662f9b3f1509937f8b70e1,11476,runtime_persistence_orchestration,Build/CLI/persistence/runtime orchestration rather than a distinct math tool.,1,
qbl_snapshot_benchmark.c,qbl_snapshot_benchmark.c,dc59dd5cb4b6394ac01b0b8881b27750c26ab6301127b43f47861b03454dd245,2866,test_build_verification_benchmark,Validation/benchmark/test artifact rather than a reusable math/solver implementation.,1,
qbl_snapshot_fixture.c,qbl_snapshot_fixture.c,267d7075f544e51836a30dc54a85f9abf0ff4968ce6958a6bb97e5916935a99e,2173,test_build_verification_benchmark,Validation/benchmark/test artifact rather than a reusable math/solver implementation.,1,
qbl_step_benchmark.c,qbl_step_benchmark.c,546d967392406232e5d5cd0b507e52e78bbb5a12c25f4e0542dea6894bf41fcc,2131,test_build_verification_benchmark,Validation/benchmark/test artifact rather than a reusable math/solver implementation.,1,
qbl_step_local_coordinate_v1.S,qbl_step_local_coordinate_v1.S,dc1bb4e3a1ca96b71c1b11eb5d9482b0f1b452e71fbbe3c05dfd9bb2bc85ce38,18860,not_promoted_after_semantic_review,Byte-distinct but not judged to add a sufficiently distinct/reusable math or solver capability beyond v2 and promoted files.,1,
qbl_step_u64.S,qbl_step_u64.S,a4e5cfe7adc3b2cf21700ac5d3a3dcf6c7f3cadbf95709e5c4962c79e535c33c,14215,older_or_reduced_variant,"Older/reduced relative to the v2 kernel, which includes the larger CP5 Orthad-local state/kernel section.",1,
qbl_step_wide_v0.S,qbl_step_wide_v0.S,4b09ba67f0422ea08a6aec3afc332c15c4132207672ec0c6cc93272cdf8e8d3b,15038,exact_duplicate_v2,Exact SHA-256 duplicate of existing v2 content: math_candidates/qbl_step_wide_v0.S,1,math_candidates/qbl_step_wide_v0.S
qbl_step_wide_v0_kernel.c,qbl_step_wide_v0_kernel.c,fb6cfbf4a10d959eab50c01b2f73de7826146a7bb003c6059009278f65a2a409,8658,exact_duplicate_v2,Exact SHA-256 duplicate of existing v2 content: new_candidates/clang/qbl_step_wide_v0_kernel.c,1,new_candidates/clang/qbl_step_wide_v0_kernel.c
qbl_wide_reference.c,qbl_wide_reference.c,96fea41af1ef2e9642155c175826986deefee649b4251960a1a722dd3f6edde5,759,exact_duplicate_v2,Exact SHA-256 duplicate of existing v2 content: new_candidates/clang/qbl_wide_reference.c,1,new_candidates/clang/qbl_wide_reference.c
query.rs,query.rs,5dd88838f4fd76d8bf45e37720767ccc5568f00b95a268cd2ac0e598997a785a,13361,not_promoted_after_semantic_review,Byte-distinct but not judged to add a sufficiently distinct/reusable math or solver capability beyond v2 and promoted files.,1,
ramanujan_residual_balanced_windows_code.py,ramanujan_residual_balanced_windows_code.py,81ef24b27e8311999818edd02b38222a28fedbdf263fd35d631ab1226848a9ee,3129,exact_duplicate_v2,Exact SHA-256 duplicate of existing v2 content: math_candidates/ramanujan_residual_balanced_windows_code.py,1,math_candidates/ramanujan_residual_balanced_windows_code.py
readouts.py,readouts.py,1822964ba39f723e8bcaa30054ac673f4ce390170135d9e81c0a77f6b55910d5,3546,support_dependency,Support radial/packet field construction used by invariants.py.,1,
rebuild_audit_package.py,rebuild_audit_package.py,23571b6f9cdae2d8d96d8f3225f721a863357f60e22935bda5c45494fea3f395,1313,test_build_verification_benchmark,Validation/benchmark/test artifact rather than a reusable math/solver implementation.,1,
rebuild_package.py,rebuild_package.py,47fac65294ef2aa6b6d8992eab88c6dfe678ec1b83ce72d607e75a3025808c90,961,not_promoted_after_semantic_review,Byte-distinct but not judged to add a sufficiently distinct/reusable math or solver capability beyond v2 and promoted files.,1,
rebuild_release.py,rebuild_release.py,6c47deb56dde4299e5eb91d3719974657121c22662dfe9a09a81626662b4bab2,3390,not_promoted_after_semantic_review,Byte-distinct but not judged to add a sufficiently distinct/reusable math or solver capability beyond v2 and promoted files.,1,
recompute_sha256.py,recompute_sha256.py,5371383cf41b3d837c0e72d863178da24c9d47b2d3a771d996bf3b7777dfe617,581,not_promoted_after_semantic_review,Byte-distinct but not judged to add a sufficiently distinct/reusable math or solver capability beyond v2 and promoted files.,1,
recovered_compiler.py,recovered_compiler.py,ae3b4974ca3bcf7b64aa9082717539d9e88e0ce9d61521e11f1620af2ea3d191,4964,exact_duplicate_v2,Exact SHA-256 duplicate of existing v2 content: math_candidates/compiler.py,2,math_candidates/compiler.py
recovered_models.py,recovered_models.py,3243fdaf9b25c17891426a4bab8cdc554a8f762d9a1d5ea6905fbb57147b49ba,1961,not_promoted_after_semantic_review,Byte-distinct but not judged to add a sufficiently distinct/reusable math or solver capability beyond v2 and promoted files.,1,
recovered_r_j_control.py,recovered_r_j_control.py,74ca5a84a948e4b16894313e7a0a4f4581c6d4ff9babafcfe2469f599a0fea90,2427,not_promoted_after_semantic_review,Byte-distinct but not judged to add a sufficiently distinct/reusable math or solver capability beyond v2 and promoted files.,1,
recovered_v14_compiler.py,recovered_v14_compiler.py,ae3b4974ca3bcf7b64aa9082717539d9e88e0ce9d61521e11f1620af2ea3d191,4964,exact_duplicate_v2,Exact SHA-256 duplicate of existing v2 content: math_candidates/compiler.py,2,math_candidates/compiler.py
refine_plaquettes.py,refine_plaquettes.py,56cff1b9e8840fd2e65d2331c766f4e8a749dbba9a7c0c7b853e877e22b21058,1875,exact_duplicate_v2,Exact SHA-256 duplicate of existing v2 content: math_candidates/refine_plaquettes.py,1,math_candidates/refine_plaquettes.py
reproduce_audit.py,reproduce_audit.py,719001798f0a7e8fb81f79c7b1ca91b1f1802feff0f8d7e5333452d61ee7cd83,1563,test_build_verification_benchmark,Validation/benchmark/test artifact rather than a reusable math/solver implementation.,1,
reproduce_audit_checks.py,reproduce_audit_checks.py,98366dca719604611422c73378b3d7767cc7fb252b24d26cc15b6e973c79251f,3818,test_build_verification_benchmark,Validation/benchmark/test artifact rather than a reusable math/solver implementation.,1,
residual_coefficient_routeB_check.py,residual_coefficient_routeB_check.py,70da1f21d975966375bef48b30df9218dc6f6db9300ea1e6fd2634e7d4b3153f,1327,exact_duplicate_v2,Exact SHA-256 duplicate of existing v2 content: math_candidates/residual_coefficient_routeB_check.py,1,math_candidates/residual_coefficient_routeB_check.py
run_all.py,run_all.py,43037df86fe0faa6131a01c080965012f4ae27b9bb44b50215feddf88e19ccb0,414,not_promoted_after_semantic_review,Byte-distinct but not judged to add a sufficiently distinct/reusable math or solver capability beyond v2 and promoted files.,1,
run_audit.py,run_audit.py,ee9c542c20d33cc54adde808ec7249595d5162c19be5277d7eb3937bbc0fd7ef,1555,test_build_verification_benchmark,Validation/benchmark/test artifact rather than a reusable math/solver implementation.,1,
run_head_to_head.py,run_head_to_head.py,39f45c4a6251c1469c5bfd9d404593ef7e6d291e6d542c66d66ed696aa24a95a,13237,added_tier_a,Expression-tree symbolic-regression / enumerative EML search machinery.,1,
run_notebook.py,run_notebook.py,b1855c8d1f7d95cb1cde2c947dec9647a0a206ea3425b0dfa57f077f1cdd6057,390,not_promoted_after_semantic_review,Byte-distinct but not judged to add a sufficiently distinct/reusable math or solver capability beyond v2 and promoted files.,1,
run_reference.py,run_reference.py,a42bd100a761db0df4fa1fc74af94f0f6262631c384ceab16d20b7f1ad33fe64,3901,not_promoted_after_semantic_review,Byte-distinct but not judged to add a sufficiently distinct/reusable math or solver capability beyond v2 and promoted files.,1,
run_sim.py,run_sim.py,cd8df47a477b26bb1428f6fa7599caf5e191aa5dd810a900d87ea7a05fe9a606,25562,not_promoted_after_semantic_review,Byte-distinct but not judged to add a sufficiently distinct/reusable math or solver capability beyond v2 and promoted files.,1,
runner.rs,runner.rs,21d797bef8344f5b9f66c4f9eb0b56e11e692b7d0bb037081803345ebaeb10c9,1957,not_promoted_after_semantic_review,Byte-distinct but not judged to add a sufficiently distinct/reusable math or solver capability beyond v2 and promoted files.,1,
scripts_make_figures.py,scripts_make_figures.py,f370bb3094b299b6fa8f74b0f2841e3e55fce3e5ef518e3085917cfbc0a4e918,9966,not_promoted_after_semantic_review,Byte-distinct but not judged to add a sufficiently distinct/reusable math or solver capability beyond v2 and promoted files.,1,
scripts_regen_figs_1_3.py,scripts_regen_figs_1_3.py,5672daeea216029165af67f0f7ad7ee5bfb360751b4dadd5fef70263e9ea3aae,3258,not_promoted_after_semantic_review,Byte-distinct but not judged to add a sufficiently distinct/reusable math or solver capability beyond v2 and promoted files.,1,
sha256.rs,sha256.rs,a1d0756a1d3ae0ba21d420500016dc428801dff12eda6b4dbe8ed94e6628a60f,4662,not_promoted_after_semantic_review,Byte-distinct but not judged to add a sufficiently distinct/reusable math or solver capability beyond v2 and promoted files.,1,
sheets.py,sheets.py,46b5e8dcb23b6cc53e912d7931d7dac7d135431abdb541ccdfd2a63b5873ed6a,1166,superseded_semantic_duplicate,One-off finite sheet specialization; generic permutation.py is the reusable primitive.,1,
solver.py,solver.py,9507832a3eb35c6c9c6448f26cf7414d663a5061bf03aedd506ecf6856221d60,5010,exact_duplicate_v2,Exact SHA-256 duplicate of existing v2 content: math_candidates/solver.py,1,math_candidates/solver.py
spectral_ops.py,spectral_ops.py,46ef011ba5e0b58e0124a0c8b6978cc652d4added02da2d8798ffe705223d221,2581,exact_duplicate_v2,Exact SHA-256 duplicate of existing v2 content: math_candidates/spectral_ops.py,1,math_candidates/spectral_ops.py
state.rs,state.rs,4122ef6994494e2fba7ebc67c0a3d748cd775e08c38afd6653ad57f4a7787278,24559,not_promoted_after_semantic_review,Byte-distinct but not judged to add a sufficiently distinct/reusable math or solver capability beyond v2 and promoted files.,1,
static_rust_migration_check.py,static_rust_migration_check.py,12c7f3773d39c7f2cb4a616914b2608b5ee4c2a33800c0f3afa57e90f113b99c,12195,not_promoted_after_semantic_review,Byte-distinct but not judged to add a sufficiently distinct/reusable math or solver capability beyond v2 and promoted files.,1,
symbolic_audit.py,symbolic_audit.py,503515c8fe3199f8694bb1046a88a5e943eddcc49b31c4bd2d4134b44b829e8f,2136,test_build_verification_benchmark,Validation/benchmark/test artifact rather than a reusable math/solver implementation.,1,
sympy_checks.py,sympy_checks.py,891cf9d5895648b39262f62154f0bb5eb27df61181cb9d89ac068d0f5c1a63ae,4142,exact_duplicate_v2,Exact SHA-256 duplicate of existing v2 content: math_candidates/sympy_checks.py,1,math_candidates/sympy_checks.py
sympy_endogenous_floor_proofs.py,sympy_endogenous_floor_proofs.py,4a443c550b952b5f7dcc4044dd1a3a5ab5f45a9e2c3cad096e5c49f34e6f1f2f,1376,exact_duplicate_v2,Exact SHA-256 duplicate of existing v2 content: math_candidates/sympy_endogenous_floor_proofs.py,1,math_candidates/sympy_endogenous_floor_proofs.py
sympy_pc_eml_v1_5_validation.py,sympy_pc_eml_v1_5_validation.py,f11f2bca6ea851bc274021cfbee890b103587f9ed05ff3e13caee45325499a45,18644,exact_duplicate_v2,Exact SHA-256 duplicate of existing v2 content: math_candidates/sympy_pc_eml_v1_5_validation.py,1,math_candidates/sympy_pc_eml_v1_5_validation.py
sympy_phase_identities.py,sympy_phase_identities.py,cd8b9244e144e56021e85c7e504299dada80e4cf9448775b87d4b5e131c31934,1122,exact_duplicate_v2,Exact SHA-256 duplicate of existing v2 content: math_candidates/sympy_phase_identities.py,1,math_candidates/sympy_phase_identities.py
sympy_phase_native_live_decoder_v10.py,sympy_phase_native_live_decoder_v10.py,40fa89c28e294d1145155e72801d86873cc15ebebe0c435e06cbef24233afbfe,533,not_promoted_after_semantic_review,Byte-distinct but not judged to add a sufficiently distinct/reusable math or solver capability beyond v2 and promoted files.,1,
sympy_phase_native_local_decoder_v9.py,sympy_phase_native_local_decoder_v9.py,6e44a902f7c241204423184e3f3233f1f8f9f22d41f72fb53d724b886295f636,438,not_promoted_after_semantic_review,Byte-distinct but not judged to add a sufficiently distinct/reusable math or solver capability beyond v2 and promoted files.,1,
sympy_phase_native_streaming_spigot.py,sympy_phase_native_streaming_spigot.py,78b568f35c8efb84bcc0ac8ab97d50f48d778005a069aa163a1b2643053501cd,993,not_promoted_after_semantic_review,Byte-distinct but not judged to add a sufficiently distinct/reusable math or solver capability beyond v2 and promoted files.,1,
sympy_phase_native_streaming_spigot_direct.py,sympy_phase_native_streaming_spigot_direct.py,d2938119661b37ddb3c5749a93ef87cb8b6732d45a8d5f4e434f5622f0ea2e33,926,not_promoted_after_semantic_review,Byte-distinct but not judged to add a sufficiently distinct/reusable math or solver capability beyond v2 and promoted files.,1,
sympy_phase_native_streaming_spigot_direct_v3.py,sympy_phase_native_streaming_spigot_direct_v3.py,d306abf4e38a99f3d45bdf6a23ac1e7b7f963bee3af063ebcd79438f763122a1,701,not_promoted_after_semantic_review,Byte-distinct but not judged to add a sufficiently distinct/reusable math or solver capability beyond v2 and promoted files.,1,
sympy_phase_native_streaming_spigot_direct_v5.py,sympy_phase_native_streaming_spigot_direct_v5.py,153380ba08e284d34e2e82a04d7710511f5165aa360b5686256464412c15413f,1664,exact_duplicate_v2,Exact SHA-256 duplicate of existing v2 content: math_candidates/sympy_phase_native_streaming_spigot_direct_v5.py,1,math_candidates/sympy_phase_native_streaming_spigot_direct_v5.py
sympy_phase_native_streaming_spigot_direct_v6.py,sympy_phase_native_streaming_spigot_direct_v6.py,1b56d0a919cb9449c9560ae81559f8185d00cbae02f980965a4b1eeabf2f49e2,1767,exact_duplicate_v2,Exact SHA-256 duplicate of existing v2 content: math_candidates/sympy_phase_native_streaming_spigot_direct_v6.py,1,math_candidates/sympy_phase_native_streaming_spigot_direct_v6.py
sympy_phase_native_streaming_spigot_direct_v7.py,sympy_phase_native_streaming_spigot_direct_v7.py,552454f7e672693389018db2a135975fe83ddec31fbfe35dc39a12837d25c11f,1307,exact_duplicate_v2,Exact SHA-256 duplicate of existing v2 content: math_candidates/sympy_phase_native_streaming_spigot_direct_v7.py,1,math_candidates/sympy_phase_native_streaming_spigot_direct_v7.py
sympy_phase_native_streaming_spigot_direct_v8.py,sympy_phase_native_streaming_spigot_direct_v8.py,40e7c404abdd2ff19831f00df0b08a5017246021e1db945df068ceae153a34f7,1527,exact_duplicate_v2,Exact SHA-256 duplicate of existing v2 content: math_candidates/sympy_phase_native_streaming_spigot_direct_v8.py,1,math_candidates/sympy_phase_native_streaming_spigot_direct_v8.py
sympy_phase_radix.py,sympy_phase_radix.py,9c89488f6bcef3945f03341fc08f625180e67dedda03b62f69f693e8d0477af7,1077,exact_duplicate_v2,Exact SHA-256 duplicate of existing v2 content: math_candidates/sympy_phase_radix.py,1,math_candidates/sympy_phase_radix.py
sympy_phase_structural_closure_v11.py,sympy_phase_structural_closure_v11.py,270483160138cb0bcafc8c720264c5ba820f33fa2fa7c6ca53d79219e7638ca1,1079,exact_duplicate_v2,Exact SHA-256 duplicate of existing v2 content: math_candidates/sympy_phase_structural_closure_v11.py,1,math_candidates/sympy_phase_structural_closure_v11.py
sympy_projection_loss_validation.py,sympy_projection_loss_validation.py,2a1f2325811e27f78f552f7233dcb6aad87915a87a60cf666374dd469dc66d68,3650,exact_duplicate_v2,Exact SHA-256 duplicate of existing v2 content: math_candidates/sympy_projection_loss_validation.py,1,math_candidates/sympy_projection_loss_validation.py
sympy_trace_attack.py,sympy_trace_attack.py,e7cec0a10c29a8bbb538880cc206eeabbf40b4a31ea7b0d096da097e0d0fde7b,787,exact_duplicate_v2,Exact SHA-256 duplicate of existing v2 content: math_candidates/sympy_trace_attack.py,1,math_candidates/sympy_trace_attack.py
tdahe_phase_calculus_sympy_checks.py,tdahe_phase_calculus_sympy_checks.py,624d2555277218b35df0ea3551939848d9c21566083962cd547c1c2cd47c005b,3238,exact_duplicate_v2,Exact SHA-256 duplicate of existing v2 content: math_candidates/tdahe_phase_calculus_sympy_checks.py,1,math_candidates/tdahe_phase_calculus_sympy_checks.py
termination.py,termination.py,6df1420a2e3c7a95312ad2590b3408bdfa4a3f8cd4a84c827eaa6acc5ddf8d88,1553,exact_duplicate_v2,Exact SHA-256 duplicate of existing v2 content: math_candidates/termination.py,1,math_candidates/termination.py
test_actions.py,test_actions.py,dd72cfeed1e43c2e53368496f365a4e1c2c4b20f31c786a7a83b5948da17c24d,445,test_build_verification_benchmark,Validation/benchmark/test artifact rather than a reusable math/solver implementation.,1,
test_baryon_relation_dynamics.py,test_baryon_relation_dynamics.py,9e4e5e95b91e66571a0cf6d2836df460c624d1e7793793084062cc5b89de62ae,2855,test_build_verification_benchmark,Validation/benchmark/test artifact rather than a reusable math/solver implementation.,1,
test_certifier.py,test_certifier.py,fd812da0f9a5b7a6ffc0628f3fb47bf85d307d7b75375e80ce52e23427b4b86a,1008,test_build_verification_benchmark,Validation/benchmark/test artifact rather than a reusable math/solver implementation.,1,
test_closed_form.py,test_closed_form.py,c547ee48fb63434123115238b7affa77e7e6bb522d266635ac3f6eae106e69d3,2455,test_build_verification_benchmark,Validation/benchmark/test artifact rather than a reusable math/solver implementation.,1,
test_color_singlet_composites.py,test_color_singlet_composites.py,14358175d98c90cb5dafc49e62742a1e93b3fdd58e363006eda2c8f68daf91e6,4665,test_build_verification_benchmark,Validation/benchmark/test artifact rather than a reusable math/solver implementation.,1,
test_commutator_service.py,test_commutator_service.py,ce413ef9dface4b37d3c6203ae92ed4de438b5e2c38de33a555220c509cbbeae,707,test_build_verification_benchmark,Validation/benchmark/test artifact rather than a reusable math/solver implementation.,1,
test_compiler.py,test_compiler.py,e993bd7d5e6eb72da39b63e8665f675ad78201fdb5cb2c3ba089d4e232030072,1537,test_build_verification_benchmark,Validation/benchmark/test artifact rather than a reusable math/solver implementation.,1,
test_cp0_cp1.c,test_cp0_cp1.c,35a40f9546ca791b190a4a5d2ca1b37e8465aeb6b502bdc3c9e49ad71cc11190,6240,test_build_verification_benchmark,Validation/benchmark/test artifact rather than a reusable math/solver implementation.,1,
test_cp10.c,test_cp10.c,e35ce6fa4e14d721d6b92f33d598a9c85801e73f81fea1cb9fba916c4ac4997c,8639,test_build_verification_benchmark,Validation/benchmark/test artifact rather than a reusable math/solver implementation.,1,
test_cp11.c,test_cp11.c,25579cb3af92931912db8c76c71a5c5b46423082c225a30ca8c06b312048edce,8599,test_build_verification_benchmark,Validation/benchmark/test artifact rather than a reusable math/solver implementation.,1,
test_cp12.c,test_cp12.c,57c0798dbaf39ec01b7c9619da83f0ed37555c63780ebd31470f0829a86d3a95,5541,test_build_verification_benchmark,Validation/benchmark/test artifact rather than a reusable math/solver implementation.,1,
test_cp13.c,test_cp13.c,b95b7b4785452dd52cbce033f5b1f07d9f61f96dd27a06e94b867a2be2a43dee,6807,test_build_verification_benchmark,Validation/benchmark/test artifact rather than a reusable math/solver implementation.,1,
test_cp14.c,test_cp14.c,5527f6e24bac74f11b54cd8a06453d2e29d89cee4eb0850d9a862b895f7d1492,7356,test_build_verification_benchmark,Validation/benchmark/test artifact rather than a reusable math/solver implementation.,1,
test_cp15.c,test_cp15.c,9bebe748c6feaa44901153af0d3c51bb09180b30bcc0aa7bfe3cce0022d759e1,7377,test_build_verification_benchmark,Validation/benchmark/test artifact rather than a reusable math/solver implementation.,1,
test_cp16.c,test_cp16.c,a4c1bf94e5491a0350c2cde1f23dc4b3b3ada6571571a6a8af18a70bd747cd84,8556,test_build_verification_benchmark,Validation/benchmark/test artifact rather than a reusable math/solver implementation.,1,
test_cp17.c,test_cp17.c,3219ae85f4095756b15fc90a6bbd70a9611c6187ae770703df29aae0490f6390,9282,test_build_verification_benchmark,Validation/benchmark/test artifact rather than a reusable math/solver implementation.,1,
test_cp18.c,test_cp18.c,6036096164756a85aad56a109e44800183f09b621d7e50d216dcde118febbe62,9106,test_build_verification_benchmark,Validation/benchmark/test artifact rather than a reusable math/solver implementation.,1,
test_cp19.c,test_cp19.c,17572251fc53f53ab292056b01df59783864c059631f6c1c1c0804d1046000f7,10807,test_build_verification_benchmark,Validation/benchmark/test artifact rather than a reusable math/solver implementation.,1,
test_cp2.c,test_cp2.c,43c2043839b40193425aa43b7cb842d212bde0c4642df519907f0c6c8b27d924,19876,test_build_verification_benchmark,Validation/benchmark/test artifact rather than a reusable math/solver implementation.,1,
test_cp20.c,test_cp20.c,e9484ccd96d5107071acb6c5b04505891a2330681ad119c861a46b4dc7c98906,12089,test_build_verification_benchmark,Validation/benchmark/test artifact rather than a reusable math/solver implementation.,1,
test_cp3.c,test_cp3.c,8a73c46270bab081e38aa76d627154655e8f59721947f940f3d7ac3216a8a867,18135,test_build_verification_benchmark,Validation/benchmark/test artifact rather than a reusable math/solver implementation.,1,
test_cp4.c,test_cp4.c,a06ad04b8d9c3d6afc230b9ebfce51d8e39376fb62ff1eb04eb9800c45a5adfe,14866,test_build_verification_benchmark,Validation/benchmark/test artifact rather than a reusable math/solver implementation.,1,
test_cp5.c,test_cp5.c,edbfaf8aabb8a9589882b949140a2ff0408faf6b873fa6fe78434ff2d989be76,12203,test_build_verification_benchmark,Validation/benchmark/test artifact rather than a reusable math/solver implementation.,1,
test_cp6.c,test_cp6.c,99c14e95ba44e7d2264d3d24ea00ea6bf33e95eab97b8b8dd6c3d7b344988c30,11443,test_build_verification_benchmark,Validation/benchmark/test artifact rather than a reusable math/solver implementation.,1,
test_cp7.c,test_cp7.c,5182055438891864be18ae517c142210d2c62a970835543ff6e7773727a26a8e,5087,test_build_verification_benchmark,Validation/benchmark/test artifact rather than a reusable math/solver implementation.,1,
test_cp8.c,test_cp8.c,1905341cb17655f99f880156c7d4cf132289b540a335f2ce77d7672d5bb22963,5579,test_build_verification_benchmark,Validation/benchmark/test artifact rather than a reusable math/solver implementation.,1,
test_cp9.c,test_cp9.c,ea6d2d3075cc37a0d88681dc7bca356a5f59f610f3df4b1a287700cfe7686e5d,8156,test_build_verification_benchmark,Validation/benchmark/test artifact rather than a reusable math/solver implementation.,1,
test_descendant_factorization.py,test_descendant_factorization.py,16476c61458c48b649cc64ccae40d1147cdf61e24d2fcb8008ed3d4571a26690,1186,test_build_verification_benchmark,Validation/benchmark/test artifact rather than a reusable math/solver implementation.,1,
test_fibonacci.py,test_fibonacci.py,5631a1b7c8600764038f9010ba86f7e4163442d02ae6ed0be82083867b0c0b93,385,test_build_verification_benchmark,Validation/benchmark/test artifact rather than a reusable math/solver implementation.,1,
test_first_generation_closure.py,test_first_generation_closure.py,21be816d1f3d05c4b144ac8d4571ecfc3bb40efed4cbbd65fc7ec2c6631c6330,2754,test_build_verification_benchmark,Validation/benchmark/test artifact rather than a reusable math/solver implementation.,1,
test_four_predeep_closure.py,test_four_predeep_closure.py,f023f54c1df87297571a750fffb6f7a66a8d19de65837934abcdc80603bc7dbc,2027,test_build_verification_benchmark,Validation/benchmark/test artifact rather than a reusable math/solver implementation.,1,
test_independent_results.py,test_independent_results.py,8914acb0c9818d183ab04405a3dca2afd5afec08d379a77275ee130fd4e89b99,4215,test_build_verification_benchmark,Validation/benchmark/test artifact rather than a reusable math/solver implementation.,1,
test_jacobian_sheet_custody.py,test_jacobian_sheet_custody.py,455e9ceae3ac242762a0543529c394b6ca5d214a89bb70b4477085e45a63625f,1397,test_build_verification_benchmark,Validation/benchmark/test artifact rather than a reusable math/solver implementation.,1,
test_native_baryon_hydrogen.py,test_native_baryon_hydrogen.py,b3b898cfb857900ce1090c7da3db530a6495844afda7f0c36c45f495626d198f,4799,test_build_verification_benchmark,Validation/benchmark/test artifact rather than a reusable math/solver implementation.,1,
test_native_baryon_transport_hydrogen.py,test_native_baryon_transport_hydrogen.py,2f59e69149e9403f4e2b4c7597a00345dcceae74f24fc974ea4343bad8ddd59a,3247,test_build_verification_benchmark,Validation/benchmark/test artifact rather than a reusable math/solver implementation.,1,
test_native_color_flux.py,test_native_color_flux.py,fb27e4e7b5c64968a0843ee4c80c3d0dec26517f4ec97f713d429dda69917c1b,4045,test_build_verification_benchmark,Validation/benchmark/test artifact rather than a reusable math/solver implementation.,1,
test_native_emergence_search.py,test_native_emergence_search.py,9582e08c6cf5c03b987009d266cce50ff6340927b0f3241f43de4e491f2be7a4,3662,test_build_verification_benchmark,Validation/benchmark/test artifact rather than a reusable math/solver implementation.,1,
test_native_lepton_closure.py,test_native_lepton_closure.py,a7d6957b0b0d36fbd06fe7d99e1dcefdb01d1cdb79394d0a40d3deb4303586d2,3118,test_build_verification_benchmark,Validation/benchmark/test artifact rather than a reusable math/solver implementation.,1,
test_native_multimode_atomic_emission.py,test_native_multimode_atomic_emission.py,2c0b7f683687448589a79ae81c5bb7d15ff97f4890ef7f008e921f5e788756c8,1945,test_build_verification_benchmark,Validation/benchmark/test artifact rather than a reusable math/solver implementation.,1,
test_native_operator_closure.py,test_native_operator_closure.py,8d463e1127fc43c594e40e226aae795d80548be41671f328b844a8abb8cc24d5,4535,test_build_verification_benchmark,Validation/benchmark/test artifact rather than a reusable math/solver implementation.,1,
test_package.py,test_package.py,d99864dce5307d54a544ac9526b670056cb22e8270087f1a387f5776074405ea,1481,test_build_verification_benchmark,Validation/benchmark/test artifact rather than a reusable math/solver implementation.,1,
test_package_results.py,test_package_results.py,d0215a77eef7ab9db1fac5c5c57e283ab5e0f27061c83c023dfe341953b18610,2444,test_build_verification_benchmark,Validation/benchmark/test artifact rather than a reusable math/solver implementation.,1,
test_permutation.py,test_permutation.py,8c0bd322db3d1eda4412fca655141cc374cd34e2a2207878d94bc308e92edc19,333,test_build_verification_benchmark,Validation/benchmark/test artifact rather than a reusable math/solver implementation.,1,
test_phase_operators.py,test_phase_operators.py,b32b3eedd62d5a0a35486bcf1a7a924f47677e7f62398fea86c8ee0ce5587439,1596,test_build_verification_benchmark,Validation/benchmark/test artifact rather than a reusable math/solver implementation.,1,
test_port.py,test_port.py,d8e6ec6ac5b456e8f3cd60230e1cf6c1eb44a0d8273e2eaf79ae9a995531cfe7,1494,test_build_verification_benchmark,Validation/benchmark/test artifact rather than a reusable math/solver implementation.,1,
test_projection_gate.py,test_projection_gate.py,20d5c8f497ab820c6058f7fac6f8bc2897e4dff504237a9b4fbc4bbb2c00d217,1379,test_build_verification_benchmark,Validation/benchmark/test artifact rather than a reusable math/solver implementation.,1,
test_projection_loss_summary.py,test_projection_loss_summary.py,113e9498107b175c85d9e920a3a7c57a0becc230629599e6a2270df45d84cd22,1285,test_build_verification_benchmark,Validation/benchmark/test artifact rather than a reusable math/solver implementation.,1,
test_results.py,test_results.py,3508a294237922361f6c4631609310d2832a0b94dc2290cdb56e20ec606fe592,1317,test_build_verification_benchmark,Validation/benchmark/test artifact rather than a reusable math/solver implementation.,1,
test_solver_targets.py,test_solver_targets.py,988c65e8f079f71f20f9432522ab028e621af855e1ca48e9e4a220d2e523200a,1028,test_build_verification_benchmark,Validation/benchmark/test artifact rather than a reusable math/solver implementation.,1,
test_stage19.py,test_stage19.py,b0fb1a814614af2f988367dc4b1950bc2b76c5d5357562f1bc334fdea74faeed,2540,test_build_verification_benchmark,Validation/benchmark/test artifact rather than a reusable math/solver implementation.,1,
test_vdm_dynamics.py,test_vdm_dynamics.py,473b9922ba4ca9582497b151ed785c8e2a0886cb1be38e491b78f280858675aa,673,test_build_verification_benchmark,Validation/benchmark/test artifact rather than a reusable math/solver implementation.,1,
test_words.py,test_words.py,0a1a7f36c71e7a7d406004cf4642f15eefced9d0e09a92ad4fab8962583df54c,371,test_build_verification_benchmark,Validation/benchmark/test artifact rather than a reusable math/solver implementation.,1,
test_xigraph.c,test_xigraph.c,fa41a66fc1b6b835c21f8af1679f47b8658d822b1bfc33eb0807da1470a8f54c,1262,test_build_verification_benchmark,Validation/benchmark/test artifact rather than a reusable math/solver implementation.,1,
tests.rs,tests.rs,62cf17aaac204ba593185fcd1678c5588a5b7a61b7bbda45c760fdf8eb55b989,23296,test_build_verification_benchmark,Validation/benchmark/test artifact rather than a reusable math/solver implementation.,1,
two_filter_covariance.py,two_filter_covariance.py,45c5627a5e6b53f3e69e1ed89b671763e20e8f36d8da8f2bfe5f8454af5a651d,18179,exact_duplicate_v2,Exact SHA-256 duplicate of existing v2 content: math_candidates/two_filter_covariance.py,1,math_candidates/two_filter_covariance.py
two_filter_covariance_sympy.py,two_filter_covariance_sympy.py,be0a1453e19fe9ea88df2c2a189e196e509d73abd07d5694818024583d644124,1864,exact_duplicate_v2,Exact SHA-256 duplicate of existing v2 content: math_candidates/two_filter_covariance_sympy.py,1,math_candidates/two_filter_covariance_sympy.py
unified_quintic_v1_4_validation.py,unified_quintic_v1_4_validation.py,95467ee325d945805e40220382117fa1606c3f7e883d50461beda547c078aea8,22203,exact_duplicate_v2,Exact SHA-256 duplicate of existing v2 content: math_candidates/unified_quintic_v1_4_validation.py,1,math_candidates/unified_quintic_v1_4_validation.py
v15_analysis.py,v15_analysis.py,2117f5d0b50744ad3e2c5a509e76d6d40b1ef9008149c468c368d783cbbf81ae,20194,not_promoted_after_semantic_review,Byte-distinct but not judged to add a sufficiently distinct/reusable math or solver capability beyond v2 and promoted files.,1,
v16_analysis.py,v16_analysis.py,dd9e447d7a19cf55220b54c378106adab508ccdfe5d1853d83996f69298f2923,23677,not_promoted_after_semantic_review,Byte-distinct but not judged to add a sufficiently distinct/reusable math or solver capability beyond v2 and promoted files.,1,
v17_analysis.py,v17_analysis.py,1b6f9d55bca4d6e5cb2b20ceadf50bbf3e3107e05de0667c8160e6382f73286e,497,not_promoted_after_semantic_review,Byte-distinct but not judged to add a sufficiently distinct/reusable math or solver capability beyond v2 and promoted files.,1,
v18_analysis.py,v18_analysis.py,cbc8523a1bf29e926b3f1a2494ac8c82306a692a45a61336cf2111e47aafd0cb,16890,not_promoted_after_semantic_review,Byte-distinct but not judged to add a sufficiently distinct/reusable math or solver capability beyond v2 and promoted files.,1,
v19_analysis.py,v19_analysis.py,65e65c5832da3ec56931672907bd35f6c926bce19d14f261be84b32100b9b4f6,30872,not_promoted_after_semantic_review,Byte-distinct but not judged to add a sufficiently distinct/reusable math or solver capability beyond v2 and promoted files.,1,
v21_core.py,v21_core.py,0ef7c40ee86dfbaba2562014a20a935423d5a6a043fc392497ef0863a79db614,23609,exact_duplicate_v2,Exact SHA-256 duplicate of existing v2 content: math_candidates/first_l_hierarchical_relation_grid.py,2,math_candidates/first_l_hierarchical_relation_grid.py
validate_assembly_overlap.py,validate_assembly_overlap.py,a4356ce2d3521619ee463163bdb7096188618ef5106a2eb8b0b626fa499ea320,2362,not_promoted_after_semantic_review,Byte-distinct but not judged to add a sufficiently distinct/reusable math or solver capability beyond v2 and promoted files.,1,
validate_evidence_classes.py,validate_evidence_classes.py,18bea2041021a6d4b0a703723b5bba16a802c2186cc4ca87168abf2c77f20129,4056,not_promoted_after_semantic_review,Byte-distinct but not judged to add a sufficiently distinct/reusable math or solver capability beyond v2 and promoted files.,1,
validate_notation_boundary.py,validate_notation_boundary.py,1f87d5d0eac5e7c9b86e9612219dd5e63daba1e49108aca1471db7d2927f5718,2514,not_promoted_after_semantic_review,Byte-distinct but not judged to add a sufficiently distinct/reusable math or solver capability beyond v2 and promoted files.,1,
validate_notebook.py,validate_notebook.py,ca85c1ad82abbf328cef934c53dd1374acbe14c4b8650b8748bec1938275df6f,1214,not_promoted_after_semantic_review,Byte-distinct but not judged to add a sufficiently distinct/reusable math or solver capability beyond v2 and promoted files.,1,
validate_observatory.py,validate_observatory.py,0d59837109a1e2bd03ee2b635f9fba04b2fbc739bc5cf7d50a4f4226dabfa653,191,not_promoted_after_semantic_review,Byte-distinct but not judged to add a sufficiently distinct/reusable math or solver capability beyond v2 and promoted files.,1,
validate_package.py,validate_package.py,c6521aa45cd1fdde4e1288d1c9507eb6e288c992464b4fc5fc37fcbbba9b3a46,8906,not_promoted_after_semantic_review,Byte-distinct but not judged to add a sufficiently distinct/reusable math or solver capability beyond v2 and promoted files.,1,
validate_publication_companion.py,validate_publication_companion.py,59bba98534e9bbc4fc226d22aabfcd750dc809a3a685df6492b9e5f76d0eeb2b,2558,not_promoted_after_semantic_review,Byte-distinct but not judged to add a sufficiently distinct/reusable math or solver capability beyond v2 and promoted files.,1,
validate_workflow_disposition.py,validate_workflow_disposition.py,bce1d7234be3290ccc72c74a07567170001cf47d8da69e346bedfa9dc4afeb12,2228,not_promoted_after_semantic_review,Byte-distinct but not judged to add a sufficiently distinct/reusable math or solver capability beyond v2 and promoted files.,1,
vdm_dynamics.py,vdm_dynamics.py,a33fe7800d44f58ae9baec6873e771f0bd0553a29686a1c82c7cbbea98014d82,2601,exact_duplicate_v2,Exact SHA-256 duplicate of existing v2 content: math_candidates/vdm_dynamics.py,1,math_candidates/vdm_dynamics.py
verify.py,verify.py,dc67d7e72fcb786fe1031d410d375f11790e7afd1840c255d335adf7240c0544,6927,test_build_verification_benchmark,Validation/benchmark/test artifact rather than a reusable math/solver implementation.,1,
verify_agent_package.py,verify_agent_package.py,d6bdeae5b4c3b805a8b3b21e2142d8df803eb0a98a8a542a219b809ba98bb737,1554,test_build_verification_benchmark,Validation/benchmark/test artifact rather than a reusable math/solver implementation.,1,
verify_audit_package.py,verify_audit_package.py,dfbafe6b3c958fe29ad8121be540135fa851bc3eab2afce77cfa8277ec1229a2,2503,test_build_verification_benchmark,Validation/benchmark/test artifact rather than a reusable math/solver implementation.,1,
verify_claim_register.py,verify_claim_register.py,7d94ff317f63ba09a4e0a828ed7edefb3ad419fc7b7b388b75cbd96d25fee2eb,1047,test_build_verification_benchmark,Validation/benchmark/test artifact rather than a reusable math/solver implementation.,1,
verify_cp21_local_coordinate.py,verify_cp21_local_coordinate.py,c2340a24439f24d0ef719d01a5a2c1a90fe0a983e8009cc95a1aba6221879d8b,8132,test_build_verification_benchmark,Validation/benchmark/test artifact rather than a reusable math/solver implementation.,1,
verify_evidence_classes.py,verify_evidence_classes.py,6d9159391fb336000ea8a249076eb4b6a4d1a4877feb4fcbe057b839518bae53,2924,test_build_verification_benchmark,Validation/benchmark/test artifact rather than a reusable math/solver implementation.,1,
verify_layer_geometry.c,verify_layer_geometry.c,a90389ae2086f37527f1ec5e5311f6d13f7f82c24fa23e7f4b60a07aed5dfafb,1362,test_build_verification_benchmark,Validation/benchmark/test artifact rather than a reusable math/solver implementation.,1,
verify_manifest.py,verify_manifest.py,ecdd12ebbb4667b98abdb862e40156c9bd2eb20face60d455ace7ad62a4c2e56,712,test_build_verification_benchmark,Validation/benchmark/test artifact rather than a reusable math/solver implementation.,1,
verify_orthad_query.c,verify_orthad_query.c,fd38e9506953548899cb05651d3afacec1616b5073e27b1f1fd4dc9ff1bd6c8c,2160,test_build_verification_benchmark,Validation/benchmark/test artifact rather than a reusable math/solver implementation.,1,
verify_package.py,verify_package.py,7546d9c102cf1c5c67023bd3fe46bd9e698bc10d42eba1f4c7b2cc1828f15929,1254,test_build_verification_benchmark,Validation/benchmark/test artifact rather than a reusable math/solver implementation.,1,
verify_parallel_convergence_input.py,verify_parallel_convergence_input.py,f63b0611ae6697c36318c3cbbe6b965fd3a292a32dcf602799a68401cc16a695,3386,test_build_verification_benchmark,Validation/benchmark/test artifact rather than a reusable math/solver implementation.,1,
verify_phase_calculus_identity.py,verify_phase_calculus_identity.py,c33fb6e4cd3406bbd1489003ed0a53edeb4f6ddc86c2c48a81ba4d6437c34d9d,1473,test_build_verification_benchmark,Validation/benchmark/test artifact rather than a reusable math/solver implementation.,1,
verify_threshold_core.py,verify_threshold_core.py,5c6a99c717b6193dd6ca37ed9e3b8ccd991fb45c99278d62f54060de4b6ddd51,2946,test_build_verification_benchmark,Validation/benchmark/test artifact rather than a reusable math/solver implementation.,1,
void_equations.py,void_equations.py,2fc93d880b0577169c2a9eefbdd5148039f94775056f98f1b02a4d9309d99dd5,13511,exact_duplicate_v2,Exact SHA-256 duplicate of existing v2 content: math_candidates/void_equations.py,1,math_candidates/void_equations.py
word.rs,word.rs,8b00052a8f4133eb9bb84947ae94032121774632f6191ef96be7d0677cdc2c8c,4018,not_promoted_after_semantic_review,Byte-distinct but not judged to add a sufficiently distinct/reusable math or solver capability beyond v2 and promoted files.,1,
words.py,words.py,d59a86979b3515c06e7260b3c86268b14b4368efb635af59030217f7f940609d,856,added_tier_a,"Generic free-group word inversion, reduction, and commutator construction.",1,
world_admission_tests.rs,world_admission_tests.rs,15a65af5e946187fdf5d868a388b37bae36a682eb4160a51e2a8efb41624cb79,4650,test_build_verification_benchmark,Validation/benchmark/test artifact rather than a reusable math/solver implementation.,1,
world_core_v0.c,world_core_v0.c,34d1aa4cc02f7699f9d22479ddbfb7612331460dbbb3d49a77ba45eaccae666c,16549,exact_duplicate_v2,Exact SHA-256 duplicate of existing v2 content: new_candidates/clang/world_core_v0.c,1,new_candidates/clang/world_core_v0.c
write_manifest.py,write_manifest.py,a1c642d73f74cdb776368a61800fe6f56f91a37a17f53a4dee9f64c766e875ca,1199,runtime_persistence_orchestration,Build/CLI/persistence/runtime orchestration rather than a distinct math tool.,1,
xi_endogenous_floor_burden.py,xi_endogenous_floor_burden.py,e559cbb7568b7e1ca4b88ac9cbfe2dd1138f08b63864bc4759a0e29e809281e3,6330,added_tier_b,Balanced-window depth solver with Fibonacci product floor and endogenous burden recurrence.,1,
xi_endogenous_floor_runner.c,xi_endogenous_floor_runner.c,a31418895c669bd30d71b769900496d8988e2c048940a97ffc37c91a27bb637e,2134,not_promoted_after_semantic_review,Byte-distinct but not judged to add a sufficiently distinct/reusable math or solver capability beyond v2 and promoted files.,1,
xi_frontier_floor_kernel.S,xi_frontier_floor_kernel.S,1e7b14412aed175a797f67e58dc5aefced8ecc9e9a2abe0592236460c8da4c66,2746,superseded_semantic_duplicate,Semantically equivalent to retained xi_step_endogenous_floor.S; latter is the clearer/canonical variant.,1,
xi_full_engine_kernel.S,xi_full_engine_kernel.S,097fbd096cee3ae2cc758eb6f805577fe985b77050197e613bf273a27b75a550,2258,not_promoted_after_semantic_review,Byte-distinct but not judged to add a sufficiently distinct/reusable math or solver capability beyond v2 and promoted files.,1,
xi_full_engine_runner.c,xi_full_engine_runner.c,0295ffca17e466de5b1c62834b9908e0957c67b8079d6f004fe208cd922ab739,3589,not_promoted_after_semantic_review,Byte-distinct but not judged to add a sufficiently distinct/reusable math or solver capability beyond v2 and promoted files.,1,
xi_graph_tick.S,xi_graph_tick.S,136ae0eb3c56408eab93fd35bc2930956949d07704c4afd1c478bc7489759cf3,1212,not_promoted_after_semantic_review,Byte-distinct but not judged to add a sufficiently distinct/reusable math or solver capability beyond v2 and promoted files.,1,
xi_interval_audit.py,xi_interval_audit.py,b0fbd9aa7033dbf5365de3d73cb1967b3582b76e32d4d6b771622a0098ebd99e,4316,test_build_verification_benchmark,Validation/benchmark/test artifact rather than a reusable math/solver implementation.,1,
xi_observer.c,xi_observer.c,400567c0cd4db2fb8d91d0c7a42ac01341e8a7e70c21b6044aabd75987c34d5f,8048,not_promoted_after_semantic_review,Byte-distinct but not judged to add a sufficiently distinct/reusable math or solver capability beyond v2 and promoted files.,1,
xi_origin_arena.S,xi_origin_arena.S,aa45228f4522ff320fc0d769fd1c6b815d27bfabd5e1ef24ccd5b74c5db18924,2489,not_promoted_after_semantic_review,Byte-distinct but not judged to add a sufficiently distinct/reusable math or solver capability beyond v2 and promoted files.,1,
xi_step.S,xi_step.S,776a860f530a86b255f63f11f05cdc3e0501492dec2516d33341d0412a2307bb,2268,not_promoted_after_semantic_review,Byte-distinct but not judged to add a sufficiently distinct/reusable math or solver capability beyond v2 and promoted files.,1,
xi_step_endogenous_floor.S,xi_step_endogenous_floor.S,6ac41aba595ae27db7e4fcbeeea6a910867f0d72e0fb589932c72da2300041b1,2573,added_tier_b,Assembly endogenous-floor update and balanced arithmetic/completion germ.,1,
xi_tinkerer_audit.py,xi_tinkerer_audit.py,9ecada22d145a2dfa4a11df17ac5ccfcd7a6d1cdb3c677545f8f4d84c59f1897,11831,test_build_verification_benchmark,Validation/benchmark/test artifact rather than a reusable math/solver implementation.,1,
xigraph_engine.c,xigraph_engine.c,a684622e122bb964a087a5c4fe95bb77ff26f52b644f44f1a5b17cdc9116842d,15690,added_tier_b,"Deterministic graph dynamics: compatibility, debt absorption, edge strengthening, 2D resolution and node birth.",1,
xigraph_runner.c,xigraph_runner.c,4efe31f5e89007b1b49d36c9dff311362206f7980896f15f1b81e1373550929f,3774,not_promoted_after_semantic_review,Byte-distinct but not judged to add a sufficiently distinct/reusable math or solver capability beyond v2 and promoted files.,1,
xigraph_sympy_audit.py,xigraph_sympy_audit.py,301addd716d1604ffdcf9700a0bd0ed382f9e25e6b1ed0c983b70766bdd05c8c,2489,exact_duplicate_v2,Exact SHA-256 duplicate of existing v2 content: math_candidates/xigraph_sympy_audit.py,1,math_candidates/xigraph_sympy_audit.py
